Date,Open,High,Low,Close,Volume
2020-01-01,206.96366411489703,208.39953340371812,204.6365546705144,205.8248748779297,1553127.0
2020-01-02,205.9733784700651,211.1227099097933,205.4782501564351,209.14219665527344,2991937.0
2020-01-03,208.2014748721884,210.28102002316368,203.7948355009601,206.27047729492188,2512421.0
2020-01-06,205.72583009378783,205.72583009378783,195.82326306159587,197.6057281494141,4353179.0
2020-01-07,198.59597608145592,203.69579183374933,198.59597608145592,202.06187438964844,2966120.0
2020-01-08,199.0415843272623,201.56674177731816,192.65443203132136,199.5367126464844,5762654.0
2020-01-09,199.93281690235463,206.8646136365043,199.93281690235463,205.973388671875,3496063.0
2020-01-10,205.97339468567992,210.924678211778,203.89384956067144,207.06268310546875,2769132.0
2020-01-13,208.5975751486384,214.1430189077536,207.557817665158,211.5188446044922,3527267.0
2020-01-14,211.3702955234546,213.4003248374353,209.78589382507144,212.26153564453125,1775182.0
2020-01-15,212.41004852520217,215.8759467528861,210.4295352522399,214.48959350585932,1982079.0
2020-01-16,215.5788672796567,220.33210216869008,214.88569065440785,217.85646057128903,4280379.0
2020-01-17,213.8954302597829,227.01633049562605,211.61783700814144,226.1746063232422,10810744.0
2020-01-20,227.31342137396524,229.9871113580417,221.96602629569475,224.3426513671875,4546367.0
2020-01-21,222.16407992434765,224.78825393727791,218.3515858729946,222.06504821777344,2813526.0
2020-01-22,222.6097165282882,225.77853505083763,218.99527038793823,223.6989898681641,2939366.0
2020-01-23,223.7980003543548,228.94733185375893,223.5504361946708,227.3629302978516,2650092.0
2020-01-24,223.30288367536045,230.1356487947722,216.86621518804407,227.511474609375,7154795.0
2020-01-27,227.2639078847004,234.14618878336816,223.84752536335915,228.30368041992188,5293975.0
2020-01-28,229.98711289367048,232.2151904136307,226.86781040977328,227.66000366210932,2161711.0
2020-01-29,229.4424610641541,236.0276768033927,228.7492844363704,230.03662109375,3738186.0
2020-01-30,230.0366236280196,230.48223610006707,225.97656530465883,229.24441528320312,2192123.0
2020-01-31,228.7492868203496,232.26470096017505,224.93679266263013,227.21438598632807,2720308.0
2020-02-03,219.539904293782,222.4611584958524,213.49934757443813,218.7476959228516,2720614.0
2020-02-04,220.4806503830434,224.93680557694373,219.88650542326096,223.2533721923828,2028088.0
2020-02-05,224.5406971280537,236.96842120391213,220.3816221878376,233.94813537597656,8985919.0
2020-02-06,235.08693421324497,241.2265378329116,231.8190991958253,234.1957092285156,8852675.0
2020-02-07,234.0966716556692,239.79064753034496,232.95788252478104,237.16647338867188,5052443.0
2020-02-10,237.16646880167391,242.76141285670613,235.2354713470241,242.1177520751953,5588211.0
2020-02-11,242.8109261772584,246.17780783418337,241.27602535646292,242.9099578857422,3533751.0
2020-02-12,243.50409641313163,248.9505078141665,242.6128715006454,247.2670745849609,4490312.0
2020-02-13,247.36611309636217,250.2873671788996,245.83121227363725,249.00003051757807,2563148.0
2020-02-14,250.0397900559753,256.0803613251365,249.0990493134316,253.6542205810547,4968325.0
2020-02-17,254.39693350214145,254.89206183913285,249.1980859637316,250.0398101806641,2411524.0
2020-02-18,249.1980775786448,249.1980775786448,242.8604411224524,247.0195159912109,2430446.0
2020-02-19,247.56419564795303,253.01060795220803,247.46516392564607,251.5252227783203,2101729.0
2020-02-20,250.7329869585592,258.4569920415959,250.1883427655668,256.1298828125,3108173.0
2020-02-24,252.317414124226,253.35718669749505,241.72167029070195,244.84097290039065,3309214.0
2020-02-25,247.36611769964145,249.2971151724992,240.03820931966223,244.0487518310547,3309962.0
2020-02-26,241.62263117200885,243.9002245698341,238.6518611166153,240.434326171875,2897390.0
2020-02-27,239.0974679615132,239.0974679615132,229.7890613849545,231.8685913085937,3568055.0
2020-02-28,218.8467166839528,224.5902081981342,214.88569013763689,216.5196075439453,3364181.0
2020-03-02,220.82724677984416,224.4911935922843,214.0439822584788,216.4701232910156,3162614.0
2020-03-03,218.84671138793,226.42216843038847,217.1137623158536,223.5504302978516,2992170.0
2020-03-04,223.89705394118485,224.78827895908967,211.4693288886035,218.94577026367188,5216787.0
2020-03-05,221.5699452396982,224.6397471731001,217.2128216343393,219.5894317626953,3159080.0
2020-03-06,213.004219175118,214.63813666275965,205.4782623184435,212.6576232910156,4375226.0
2020-03-09,204.9831498496394,206.46853499347736,195.3281464146926,197.7542724609375,2763988.0
2020-03-11,195.4766603794144,203.0026171064316,190.3768445790804,193.84274291992188,3763186.0
2020-03-12,178.34523357645568,182.10819686106083,158.8866808068213,160.5701141357422,4834390.0
2020-03-13,144.52796781035218,159.77793063331677,128.48581168551405,147.30068969726562,7463176.0
2020-03-16,139.62620938933236,140.91354625678989,127.39653181366566,133.38758850097656,6582749.0
2020-03-17,134.37782836995095,141.16109266775655,129.22849665919435,132.10023498535156,6388061.0
2020-03-18,134.5758715795244,135.6651599295752,125.86161766452848,128.93141174316406,4255688.0
2020-03-19,119.82105931987704,131.65462372655205,117.04833756979018,127.64408111572266,5517080.0
2020-03-20,136.65540212672286,140.2203317045097,127.4460133092032,136.3583221435547,4496351.0
2020-03-23,122.74246743950113,134.66259807700135,117.90458282773275,120.59783935546876,1456143.0
2020-03-24,124.68758113730476,132.61770825350692,116.10907707712336,130.0242156982422,5125923.0
2020-03-25,125.68508766537418,134.56283776934984,124.68758696961726,131.96934509277344,2771318.0
2020-03-26,134.66259635068516,151.6201084837344,131.71997228937485,139.89947509765625,7980255.0
2020-03-27,145.63510477542877,150.6226083636284,125.93446560204028,127.68009185791016,4378366.0
2020-03-30,123.69009125989108,129.47559857262956,120.69758905199048,128.3783416748047,2397592.0
2020-03-31,131.37084020575182,138.1039699850738,129.12646361264447,137.256103515625,2200227.0
2020-04-01,138.60272274295008,138.60272274295008,131.47059864497436,133.61521911621094,1997603.0
2020-04-03,133.66510381829164,134.26361037141123,127.68009916971144,128.72747802734375,1761897.0
2020-04-07,130.6725939765831,141.1463515090573,130.6725939765831,137.80471801757812,2463474.0
2020-04-08,136.50797642411575,146.78222142303605,134.562837889136,137.75485229492188,3237290.0
2020-04-09,139.6500900905919,145.88446911249332,139.6500900905919,142.09396362304688,2359428.0
2020-04-13,141.64508370177387,148.62758782791764,136.20870853340642,145.6350860595703,2204560.0
2020-04-15,147.6799831819671,150.57272915314346,142.8420986494742,144.88697814941406,3413325.0
2020-04-16,141.64509484247617,144.48797783426565,140.1987219181447,142.9418487548828,2685695.0
2020-04-17,146.58270882665678,148.17871586077132,141.19621172265963,143.5403289794922,2383979.0
2020-04-20,145.63512646124752,155.06150660245063,142.2436296045217,146.3333740234375,6835058.0
2020-04-21,142.64259706279248,142.64259706279248,133.81470996749854,135.61021423339844,3576177.0
2020-04-22,135.66009629448752,138.45310132115165,131.76984962136262,137.256103515625,6012030.0
2020-04-23,140.14883422851562,142.14383542749806,137.15633243004197,140.14883422851562,3371195.0
2020-04-24,136.807197477027,140.1987085570805,133.7648329063794,134.31344604492188,1823167.0
2020-04-27,136.05910006415897,138.00423875825706,133.76486045072195,134.26361083984375,2996533.0
2020-04-28,135.61022489566443,141.5453513568061,134.7124803024561,138.9518585205078,5721109.0
2020-04-29,139.65008698056675,140.3483343713393,135.31095318969565,139.15133666992188,4774187.0
2020-04-30,141.09646315937698,147.08146702803052,139.94934350614582,141.0465850830078,4899422.0
2020-05-04,136.5578416094248,137.1563481258716,129.67509277355134,131.22122192382812,6012691.0
2020-05-05,134.6626019490085,136.00923405676002,131.47060257657014,132.36834716796875,3112486.0
2020-05-06,133.31595584183344,135.06158198008757,126.98183584398822,132.91696166992188,6685480.0
2020-05-07,130.77234528448358,135.31096120363523,129.67508844781798,134.56283569335938,2423478.0
2020-05-08,136.55784527388184,139.00173426440932,135.85959779972546,136.80722045898438,2431204.0
2020-05-11,137.50546808635903,142.9418434817618,137.1563367772109,139.69996643066406,2900696.0
2020-05-12,138.1538438843665,140.34834233154004,132.86708724754908,139.5503387451172,2901801.0
2020-05-13,144.6376099600385,144.6376099600385,140.39823173707188,140.79722595214844,3115038.0
2020-05-14,139.20121955087038,141.99422443103714,137.0565840086655,140.54783630371094,1587450.0
2020-05-15,141.0465953667814,143.34085006117084,139.65010045053722,140.69747924804688,2145697.0
2020-05-18,144.4380982351752,146.03409015461867,134.0142194095099,135.56033325195312,4941536.0
2020-05-19,137.45560008713665,145.53534665901455,134.11396663970228,139.35084533691406,5564024.0
2020-05-20,139.15135217585896,142.84210184176902,137.65510107719382,140.99673461914062,2872608.0
2020-05-21,141.8445922278075,143.64009647791187,136.7074698656431,137.954345703125,2682428.0
2020-05-22,137.6550961369963,140.84709532212943,136.25860124995452,137.75485229492188,2449109.0
2020-05-26,138.652586359277,142.94184207495329,138.00421704369927,139.15133666992188,2657870.0
2020-05-27,139.40072239544375,141.2461047730184,138.15384652428594,140.64759826660156,2224751.0
2020-05-28,141.34584964570573,144.03909855826217,140.2486079809288,142.29347229003906,2816689.0
2020-05-29,140.7473528179226,153.21611138716972,140.7473528179226,147.97923278808594,9162612.0
2020-06-01,149.62509003192483,154.5128368847072,149.12633973181843,150.12384033203125,3985102.0
2020-06-02,150.62260460157057,152.21861179819263,147.8794776965751,149.57522583007812,2482873.0
2020-06-03,151.37070945927468,157.50533179391093,149.22608935091256,150.27345275878906,5875845.0
2020-06-04,150.1238480645257,153.5153441916761,145.78471414184173,147.63009643554688,3146640.0
2020-06-05,148.52785430917982,154.6126149201033,148.07898201967149,152.06898498535156,4111095.0
2020-06-08,155.21110213217074,158.10384783393158,150.27346190026805,152.26846313476562,4899754.0
2020-06-09,153.81460995418837,156.30836178619742,150.67248873411825,151.52035522460938,3005643.0
2020-06-10,152.36821870702343,154.36321993395663,149.87446717335692,151.47047424316406,4135121.0
2020-06-11,151.47048659938022,165.03648691678262,149.87447939937869,151.4206085205078,16533100.0
2020-06-12,143.64009857397954,152.91685798434622,140.64759652035497,151.9193572998047,4817295.0
2020-06-15,151.42059802342132,156.45797922727115,147.87946775810204,148.87696838378906,3214496.0
2020-06-16,153.11635265254014,153.61510298691326,142.39322046351862,145.8345947265625,2640377.0
2020-06-17,144.63760607788237,148.07898055767373,143.09147689981572,146.7822265625,1252809.0
2020-06-18,146.33334907586578,149.07647599018065,145.63510163271616,147.48048400878906,2037814.0
2020-06-19,149.2261012761262,154.01409215376088,148.527838654207,152.31834411621094,5245179.0
2020-06-22,154.1138697415389,155.80961801495255,153.21612513227694,154.26348876953125,4662143.0
2020-06-23,156.60761654312904,161.39562315036176,155.161243510906,156.80711364746094,4790074.0
2020-06-24,158.70235696686828,162.59260335143327,153.1163473278835,154.41310119628906,4078195.0
2020-06-25,152.8669868935823,168.77712049514585,152.61761171104789,161.24598693847656,14608370.0
2020-06-26,163.59010270581675,165.9342352657766,160.89685405905863,161.74472045898438,6772909.0
2020-06-29,160.99662402608317,163.1412598917214,156.35825136569744,159.3507537841797,2937549.0
2020-06-30,160.99660424377024,163.73973112365306,154.86198112792968,155.85948181152344,3827240.0
2020-07-01,156.75721587800842,158.60259810777458,155.6599743316663,157.25596618652344,1681231.0
2020-07-02,159.4006184498172,160.54773819207244,155.7597316814381,157.8046112060547,2152710.0
2020-07-03,159.60011291503906,163.44049672031835,157.00660499190855,159.60011291503906,4481657.0
2020-07-06,161.54523524249512,164.7871125159223,160.09886227232738,163.78961181640625,3515662.0
2020-07-07,164.08886486765098,170.22348807383398,162.89186707384124,167.729736328125,8172143.0
2020-07-08,167.5801245566526,169.07637566876556,160.99661357509416,162.59262084960938,3650115.0
2020-07-09,162.59260636430733,164.68736382290584,161.04647730873717,162.34323120117188,1711099.0
2020-07-10,161.0963464037556,162.99159144965694,158.10384461297377,159.30084228515625,1950837.0
2020-07-13,161.04650192076903,162.04400272575447,153.964255337765,155.66000366210938,2585981.0
2020-07-14,155.5103557452634,155.85948708459412,148.62760688386894,149.375732421875,2352010.0
2020-07-15,149.72487017918257,153.46549802955536,146.63261173461294,147.3807373046875,2180415.0
2020-07-16,147.72987408794606,149.62511951352232,144.83711264495875,148.52786254882812,1473784.0
2020-07-17,149.37571762102203,153.51533909955435,148.6275921571438,151.22109985351562,2222846.0
2020-07-20,152.76723651936777,161.4953682387067,151.71987288957015,160.29837036132812,6329853.0
2020-07-21,161.0464814011624,167.6798700415204,158.70236394051304,166.88186645507812,6517373.0
2020-07-22,166.58259770174163,171.57010062694349,161.59509477653978,168.97659301757812,4611051.0
2020-07-23,167.92924607665014,170.27336354938316,164.98660688518456,169.52523803710938,2199241.0
2020-07-24,166.98161500548875,169.32574779369213,163.2409872928151,168.3282470703125,1801357.0
2020-07-27,168.2284812990785,168.62749069802746,162.59260862221362,165.5352325439453,1156539.0
2020-07-28,165.88437633872695,174.46287358236333,163.39062448523032,173.1162567138672,4829045.0
2020-07-29,173.56511481407708,190.3730070208276,171.61999157149802,178.65237426757812,15392378.0
2020-07-30,178.75212492711643,180.89676059487755,172.81699872220173,174.6125030517578,3403335.0
2020-07-31,173.5651054436742,178.20347717330498,171.6698603805383,174.81198120117188,2644457.0
2020-08-03,174.81200602715523,178.25338056244644,170.77212495500754,171.8195037841797,2789132.0
2020-08-04,173.5651205042087,183.540127429738,171.7696162134829,181.64488220214844,4208453.0
2020-08-05,182.5426347204048,184.3381390896542,178.05388140760795,179.15113830566406,4042372.0
2020-08-06,179.6498750202252,187.53012414885785,177.05636721501205,185.48524475097656,6447296.0
2020-08-07,180.5975031418216,194.51263473653552,179.64988052954334,192.4178771972656,9386323.0
2020-08-10,192.4178866082209,197.80439973522672,191.8692733778848,195.2108917236328,4627306.0
2020-08-11,195.51013842685745,199.30064415477403,193.91413120858115,195.3605194091797,2965963.0
2020-08-12,195.3106415847142,200.24826704301407,189.72463153410743,197.2058868408203,3352636.0
2020-08-13,198.4028630429394,202.7918748107112,197.25574344240712,200.2482452392578,3552469.0
2020-08-14,201.89414199494468,203.9888996196424,190.9715120276568,195.7096405029297,6617104.0
2020-08-17,196.90662414862604,201.1460019526117,195.5600073903396,197.30563354492188,3227005.0
2020-08-18,199.5001372005784,216.2581517695575,198.5026365145755,213.1658935546875,13367091.0
2020-08-19,213.71453702681592,244.78667949577883,213.71453702681592,238.9513092041016,19592028.0
2020-08-20,240.59716304661467,244.38766870743189,229.8241525655851,233.4151611328125,9484513.0
2020-08-21,236.50741213603777,243.88891091809973,230.52240818712733,232.76678466796875,5797329.0
2020-08-24,235.41017386368804,253.2155681022325,234.4126731269775,248.07843017578125,11878911.0
2020-08-25,251.37018741594144,321.59423368514945,249.37518592851336,306.7813415527344,49264537.0
2020-08-26,298.2526998786564,302.04319024239845,277.55456100747875,284.8363037109375,26717004.0
2020-08-27,284.187939969181,296.95596704244167,282.9909574081693,285.98345947265625,15748895.0
2020-08-28,288.27769704456443,294.91107049037385,285.78394534002666,287.5295715332031,7256271.0
2020-08-31,289.275213219139,296.8562248952123,269.5745736981804,278.851318359375,15172187.0
2020-09-01,279.25037158043773,286.33260317226507,270.87134019401657,280.3974914550781,5169176.0
2020-09-02,282.2926961294691,305.23521206932,279.69918823931187,292.31756591796875,17403674.0
2020-09-03,294.01334736705337,297.9534875235588,286.9310859223676,290.5220947265625,9061697.0
2020-09-04,283.2901971843346,292.7165909220961,279.39995056478267,284.43731689453125,6719721.0
2020-09-07,284.43732269769447,290.9709706435161,281.3450643939801,284.5370788574219,5812023.0
2020-09-08,285.28519439267825,289.07568479899606,272.8662987539575,277.0059509277344,5660442.0
2020-09-09,276.20793662257114,286.18294358215337,273.7141848826756,282.3425598144531,6661093.0
2020-09-10,286.9310671095291,307.180349361502,285.1854409037369,297.554443359375,25430532.0
2020-09-11,298.25269482586833,302.89106676750816,291.36994641814755,295.2601928710937,9743753.0
2020-09-14,301.0457029586664,303.24021670343734,289.4248257423386,292.4173278808594,6120182.0
2020-09-15,294.1629627037459,297.9534837878234,269.3252003182162,287.8288269042969,2552460.0
2020-09-16,291.9684555736057,302.0930811918034,289.3749477674343,296.3574523925781,6159158.0
2020-09-17,294.2627423092485,300.0482348967711,291.4198588800329,292.96600341796875,2466000.0
2020-09-18,296.8562482861556,298.9510060834751,286.581971638849,290.82135009765625,2744172.0
2020-09-21,292.2677269294659,295.50960444660154,264.33770524337353,276.407470703125,6459206.0
2020-09-22,277.5545678307062,282.2926961225152,256.8564284506985,279.6991882324219,12535965.0
2020-09-23,283.2403637835961,295.5096114231212,277.75410939430606,282.8413391113281,8864848.0
2020-09-24,277.2553336712099,280.54707382759807,268.8264405210229,269.7740783691406,3689023.0
2020-09-25,275.21042939966645,282.89119675290834,274.3126848828563,279.59942626953125,7663618.0
2020-09-28,282.3924531582744,301.29507308486086,281.39495246215995,294.9609680175781,5875621.0
2020-09-29,299.15042724804016,306.2326876767067,291.4197975102732,297.1554260253906,10246726.0
2020-09-30,299.2501982204483,303.9384635024237,294.36245107110847,296.3574523925781,5618023.0
2020-10-01,299.05071488263127,311.1703734377075,295.26022418115286,307.3798522949219,6914312.0
2020-10-05,310.7214849632719,333.6640023120849,306.58186292120405,325.78375244140625,20009492.0
2020-10-06,328.5767436492165,330.3223699759942,319.4994806617108,326.3323669433594,7705557.0
2020-10-07,324.3373531539192,334.7612478587541,322.4421078733963,329.2749938964844,8234005.0
2020-10-08,328.1777285851037,328.9757169644117,309.7239657315341,315.4595947265625,4125845.0
2020-10-09,318.0031730786335,321.24504996721333,309.7239304320119,312.2176818847656,2468904.0
2020-10-12,314.21269730579195,321.8934643053437,312.2176960530567,314.56182861328125,2556329.0
2020-10-13,314.7114757976712,316.0082145515354,308.9758466824997,312.417236328125,1454109.0
2020-10-14,312.16790313626103,314.9110304733413,309.2751263186555,312.61676025390625,1517470.0
2020-10-15,314.2127076146772,325.0355958541102,304.58683234267886,306.3324584960937,4960658.0
2020-10-16,308.4771037148342,313.1653693673786,304.5868569187371,306.23272705078125,1871531.0
2020-10-19,309.1254690452333,318.4521069260024,308.57685582219653,316.1578674316406,3329571.0
2020-10-20,314.51194848642353,327.0306001362997,312.7164594603025,321.095458984375,7198907.0
2020-10-21,321.195190234062,323.88845400571324,305.2351807814378,311.2201843261719,4998821.0
2020-10-22,310.22274618623345,314.0132370177734,308.2277446030422,310.72149658203125,2380993.0
2020-10-23,313.21520246470186,321.6440950897162,312.5169398368259,314.6615905761719,4159352.0
2020-10-26,317.2052275401194,317.90349021751626,304.28758109741915,306.6317138671875,4397393.0
2020-10-27,307.23017882980804,314.5618141855979,302.2426759267267,313.2650451660156,3549135.0
2020-10-28,313.0157038447132,319.9982086635425,309.0755943902998,318.0531005859375,3098009.0
2020-10-29,314.6117130331036,331.51936198548856,312.41722976945624,328.0779724121094,6897070.0
2020-10-30,330.2225776985064,346.6314755522495,328.82608287806744,338.8509826660156,14205844.0
2020-11-02,338.25249614276066,343.4394815591432,332.2175985950821,340.2474975585937,4272022.0
2020-11-03,343.14024403088365,348.7262540917406,339.2998602114629,343.938232421875,4078834.0
2020-11-04,341.74373051293054,358.60148549523865,336.6564710838471,350.9706115722656,9701398.0
2020-11-05,352.1177528646295,354.0628914379962,344.3871223130689,351.8683776855469,5361436.0
2020-11-06,351.12027557173224,352.9656581083112,344.18763295423304,351.22003173828125,3863486.0
2020-11-09,353.11524653624633,363.7885161645703,350.97062612718275,357.0054931640625,6278843.0
2020-11-10,357.2050065738259,360.8458780386849,352.3172592346108,358.6015014648437,3590100.0
2020-11-11,358.3022676551733,361.7935201445254,353.1651146392248,359.20001220703125,2869576.0
2020-11-12,357.304776976192,368.57652315320433,357.1052646518191,364.6363830566406,4199715.0
2020-11-13,363.0902022927924,370.7210754560153,361.1450640325605,367.6787109375,2786714.0
2020-11-14,368.8757249308807,371.918120151254,368.5764869150489,370.3221130371094,620753.0
2020-11-17,371.07028949983214,400.9454499842047,370.0727887216068,393.3145446777344,10496968.0
2020-11-18,392.9654248608194,403.68855771106985,386.4317768128596,393.5140380859375,8656493.0
2020-11-19,389.02526657687946,397.5040223868884,376.85574606128586,384.785888671875,7731483.0
2020-11-20,384.1375144092722,400.9952696573528,384.03775825393234,387.3294982910156,5490838.0
2020-11-23,389.1250289363447,412.6660515311804,382.1425240403268,408.0276489257813,7318547.0
2020-11-24,408.8755457350365,414.4615559467681,403.1898098027168,406.1823120117188,6167783.0
2020-11-25,407.9279047537294,410.4715192456804,392.01775714107504,398.2521362304688,3448648.0
2020-11-26,401.79328584616303,410.5214173200918,398.1524142338712,400.9454345703125,5490958.0
2020-11-27,399.99780494043137,406.830691237775,395.3095391897936,397.404296875,6429153.0
2020-12-01,397.0053180443086,422.89047595764055,394.112571815162,420.8455810546875,7846125.0
2020-12-02,419.4988730424117,460.7455297163408,418.3018905646832,452.6159057617188,16821595.0
2020-12-03,452.61594353085286,455.85782081234106,442.14218615989097,446.4314270019531,6848649.0
2020-12-04,447.8778449026853,455.4089635257508,440.89533952558327,444.8354797363281,4131360.0
2020-12-07,444.8853121970669,465.1844575301942,444.8354493385895,456.4064331054688,5371039.0
2020-12-08,456.406380023729,461.14450779763615,445.43387359994426,450.7705078125,3872952.0
2020-12-09,452.8652860616892,456.9550447333264,446.18201966355264,447.9775390625,2798049.0
2020-12-10,446.8802971282839,451.1196749470232,436.955153352596,446.1321716308594,3113868.0
2020-12-11,446.13219710760114,450.6708132079698,439.2993110859982,448.6758117675781,2940168.0
2020-12-14,449.8728292306305,460.84533726064586,445.88282631062486,454.012451171875,3762369.0
2020-12-15,454.3615477337936,462.8901661459085,445.4339047071787,461.294189453125,4779869.0
2020-12-16,461.34406808769774,466.3814343843494,456.4064275067776,462.0921936035156,4088505.0
2020-12-17,462.241828137167,472.7654790110967,453.9625843273471,458.1520690917969,4912523.0
2020-12-18,459.8478365306444,463.0398510431715,449.6733169081076,454.012451171875,2159692.0
2020-12-21,452.8653249076758,459.5984547383516,408.6261620800855,428.1273193359375,5350194.0
2020-12-22,427.1298224899476,460.396447305405,417.05505908228986,457.6533203125,8342699.0
2020-12-23,456.8553048811997,465.6332985626573,453.0648145281394,462.4413146972656,4604130.0
2020-12-24,463.837811811337,478.6507028574439,461.24430397961487,472.4661865234375,7985151.0
2020-12-28,471.817836204572,505.7328603714969,471.5185981678568,489.6232299804688,13714406.0
2020-12-29,490.7703764404303,497.902500822797,483.4886330315567,487.9773864746094,5849496.0
2020-12-30,487.9773071989631,494.7602991233264,477.2042824210124,482.9399108886719,5419517.0
2020-12-31,479.797797986928,482.7902998454743,434.6608949538542,478.3514099121094,7575962.0
2021-01-01,475.80785588271607,492.0172430066032,475.80785588271607,489.9224853515625,5035248.0
2021-01-04,490.77034735607305,501.343860928022,485.4337124906676,493.26409912109375,4936582.0
2021-01-05,490.7703719496541,500.1468729677479,488.3763762235271,493.1643676757813,3654033.0
2021-01-06,494.7603246115474,499.3986965665199,483.0396919216569,489.6730651855469,3295461.0
2021-01-07,492.6655566521367,522.6404689447562,492.5658005005554,516.8050537109375,9879731.0
2021-01-08,521.6928870005958,525.2838653114168,512.8151060618806,516.7053833007812,3702267.0
2021-01-11,519.2988052392543,523.2888077716577,509.2240731979786,517.8524780273438,4148831.0
2021-01-12,517.7028246706553,535.2588113276387,515.8075491290303,524.0868530273438,4878024.0
2021-01-13,527.7775634642007,538.8498570808401,519.9970706606153,534.710205078125,4948731.0
2021-01-14,533.6129939969685,539.6478608558962,527.0793768045327,530.7700805664062,3161306.0
2021-01-15,533.3636463693136,536.156636204648,517.5033605917964,525.9821166992188,3376852.0
2021-01-18,526.680351312995,527.7775776918535,500.7951968702379,506.5807189941406,5204588.0
2021-01-19,511.0195265584109,530.6702998379534,511.0195265584109,528.7750244140625,4181185.0
2021-01-20,530.8200580616437,550.7700734222976,529.6729078253601,545.383544921875,6681731.0
2021-01-21,550.021864411156,551.5679781905471,530.2214406397469,535.55810546875,4208383.0
2021-01-22,532.7152172133665,545.3834878174729,520.2963217751574,525.4833374023438,4179558.0
2021-01-25,528.9247116121666,533.0643635997035,507.7278231222872,512.6156005859375,3728411.0
2021-01-27,511.8175790945853,520.2464720918683,505.78271210358025,511.5183410644531,2792007.0
2021-01-28,506.0320932930851,518.2016140182554,500.0969823886507,510.57073974609375,4197516.0
2021-01-29,513.9123773524025,523.8873844404436,501.24410617406784,505.38372802734375,3822560.0
2021-02-01,509.224139335578,538.1516614525844,495.6581228752032,535.857421875,4004036.0
2021-02-02,540.6952517464326,565.4831811059703,539.4483758495528,562.7899169921875,5144708.0
2021-02-03,566.5804243246976,575.1589063962865,556.9545177626144,565.1838989257812,6087209.0
2021-02-04,560.5454926976956,610.1711491723436,554.6103517568696,588.2261352539062,11184167.0
2021-02-05,593.5128986302741,606.3307578863044,587.1288699894426,593.8619995117188,4754950.0
2021-02-08,603.8868870672636,636.4053822459092,602.0414744293074,626.7296142578125,7085276.0
2021-02-09,629.8718555875455,640.2957505159017,619.4479606591894,628.2758178710938,4510798.0
2021-02-10,631.4677590338516,653.2631842387914,620.5451150039955,649.0736694335938,5991927.0
2021-02-11,652.3654397172625,659.3479444237163,643.7370345483864,656.9539184570312,3688016.0
2021-02-12,655.3579569442165,722.6393910322872,653.5624678688367,717.1531372070312,16810897.0
2021-02-15,723.1880745405175,785.9807616030071,705.8814601442152,761.5419921875,21579566.0
2021-02-16,758.1005346482464,800.9432020394294,754.3599070101793,778.2500610351562,19426061.0
2021-02-17,785.1827018462989,799.9955629163311,780.29492405399,783.4869384765625,8908279.0
2021-02-18,785.282402496868,822.4393024562307,784.0355266593054,806.1800537109375,9694238.0
2021-02-19,810.9680473668393,828.9230594856623,727.6767411489659,779.94580078125,20210882.0
2021-02-22,784.0355753383137,810.9680951018436,778.599184172486,803.8858642578125,10890564.0
2021-02-23,812.7635889044556,825.2323481257519,787.0280820482227,797.6514892578125,9753081.0
2021-02-24,803.9855494039484,810.0204163513642,793.4619293891408,803.1875610351562,4626257.0
2021-02-25,811.9655748694057,860.2446334038744,806.9780713382669,841.391845703125,12118095.0
2021-02-26,831.815903508931,858.8481496021312,817.8009692024796,831.5665283203125,11355426.0
2021-03-01,838.648693897832,858.7982197427883,834.3594531647367,849.371826171875,5996840.0
2021-03-02,855.2571029658085,874.309341502319,850.1199501373089,870.3692016601562,5116413.0
2021-03-03,878.2495174073358,942.5384507175124,870.668475437648,913.062255859375,11670544.0
2021-03-04,907.725584509299,936.3538651203446,903.1371059076796,916.1046142578124,8141787.0
2021-03-05,915.705585303588,931.6655955049577,886.079804190774,907.6258544921876,7109101.0
2021-03-08,915.8053900861884,924.084694799081,902.837880677943,907.9251708984376,3904469.0
2021-03-09,915.7056185180068,926.0796498782264,891.3665777250509,902.9376220703124,5561849.0
2021-03-10,908.7231949217448,911.815422933416,886.4789400875597,895.9053344726562,5465016.0
2021-03-12,902.7382002676782,921.491202638152,887.0774259428649,891.8654174804688,6049852.0
2021-03-15,896.5036974555042,901.7405757994724,872.3143070095559,893.9600830078125,5234540.0
2021-03-16,898.4489288432743,902.139693758408,885.8305201271397,895.55615234375,2555026.0
2021-03-17,895.7556237340216,903.1371532269676,862.8381008128382,871.7158813476562,3886557.0
2021-03-18,873.8106265568415,888.7731372855545,855.606238503574,868.8729858398438,4465851.0
2021-03-19,863.8355979880936,893.1621426423502,838.100092349266,887.426513671875,4794995.0
2021-03-22,890.6684016566744,1000.4932046539824,881.2420078410892,988.5730590820312,22596465.0
2021-03-23,996.503195061181,1083.983957372976,988.5730523533912,1055.7547607421875,31098225.0
2021-03-24,1060.3432231778015,1090.2682435873353,1015.8547171886728,1022.8870239257812,22877032.0
2021-03-25,1030.3683013050884,1038.8470572711033,974.5581857407622,979.0968017578124,13139164.0
2021-03-26,997.5006649762754,1015.9045644216096,975.5556503467974,985.8298950195312,9396506.0
2021-03-30,1001.4907300882388,1039.8445843422014,985.5307184533666,1028.971923828125,10470011.0
2021-03-31,1035.4057314505276,1050.5178914793676,1014.059192017482,1028.5728759765625,6440569.0
2021-04-01,1040.7922669122347,1113.260717968294,1032.4132365811402,1104.4327392578125,12713083.0
2021-04-05,1124.1833895577092,1147.1259077119482,1096.1037179854527,1135.4052734375,15795720.0
2021-04-06,1150.517465654153,1237.898512792329,1139.6446824055083,1222.3375244140625,21496457.0
2021-04-07,1230.317230301899,1248.471692012769,1105.2306341749102,1162.6368408203125,23007694.0
2021-04-08,1159.594482421875,1188.0232503780242,1134.906341828377,1159.594482421875,12404773.0
2021-04-09,1160.4923131042965,1224.9308325481677,1148.3227317739206,1198.3973388671875,12923020.0
2021-04-12,1174.4574223035054,1174.4574223035054,1058.7473338354798,1071.71484375,13690016.0
2021-04-13,1074.3082186362262,1113.5100435655297,1048.4231250269838,1103.5848388671875,12137329.0
2021-04-15,1092.263254128158,1142.0385628474075,1078.647345374338,1127.1258544921875,9350889.0
2021-04-16,1127.175871196546,1189.0209189967104,1109.220857319079,1156.1033935546875,10661068.0
2021-04-19,1097.250761871952,1150.1182985803275,1086.2782542532325,1133.5098876953125,8565063.0
2021-04-20,1153.9586563657108,1174.7565215342,1122.2382072768935,1139.8939208984375,8261172.0
2021-04-22,1131.165806438961,1166.0783313290524,1120.1932986163608,1154.9063720703125,7124786.0
2021-04-23,1158.098436274624,1179.9437282886654,1142.7868232488463,1154.7069091796875,6167151.0
2021-04-26,1157.1008698114654,1194.9061725833512,1157.1008698114654,1170.41748046875,6939823.0
2021-04-27,1181.7390211102584,1210.4670897460428,1178.0483172559343,1188.1729736328125,7109421.0
2021-04-28,1204.9308097112985,1210.9158133542508,1177.7988419026656,1182.2376708984375,5020151.0
2021-04-29,1193.5596008857542,1209.6193390082356,1175.0559128056843,1179.34521484375,4070698.0
2021-04-30,1168.073385152027,1197.9484840849643,1140.1433639869913,1155.8040771484375,4232500.0
2021-05-03,1142.2381903374678,1261.240089547955,1119.8443451305411,1252.4122314453125,11276228.0
2021-05-04,1281.7884939665842,1295.7035810510238,1238.746311236372,1259.3447265625,10271516.0
2021-05-05,1271.2149325908406,1285.0302931083966,1237.150258899817,1264.3321533203125,7805805.0
2021-05-06,1269.1700228272375,1308.5713014562475,1259.8434154035422,1283.5340576171875,6240535.0
2021-05-07,1301.738416454202,1319.0949530266355,1287.2247325301753,1295.6536865234375,4584524.0
2021-05-10,1291.6637400869363,1310.7159799786336,1283.085258026119,1300.8406982421875,3892338.0
2021-05-11,1288.771050222358,1322.6860778597886,1280.7910437194332,1300.2423095703125,4744734.0
2021-05-12,1307.7233942646892,1325.1796562018608,1275.4043478108244,1282.58642578125,4143731.0
2021-05-14,1296.7508800295925,1298.7458813834842,1210.3174220191916,1217.2999267578125,6377643.0
2021-05-17,1226.9257882370275,1295.7533324552023,1224.3821128967916,1285.8780517578125,7782732.0
2021-05-18,1311.6635218244592,1341.5885433963183,1298.7459362186964,1323.3841552734375,6531595.0
2021-05-19,1346.626203472654,1348.172378560517,1280.691418900116,1291.46435546875,9925284.0
2021-05-20,1298.0476478586822,1316.7008613551268,1280.7409141249098,1298.745849609375,5837747.0
2021-05-21,1316.7008880009737,1332.6608987646216,1296.8007982861373,1311.8131103515625,8314215.0
2021-05-24,1318.3965982463674,1325.3293010220154,1299.7433842619726,1303.533935546875,7913411.0
2021-05-25,1311.064941167506,1318.6958454126875,1269.718588366515,1279.5439453125,3697062.0
2021-05-26,1285.7285213244122,1323.5338234649248,1251.1152945892068,1319.4940185546875,5630730.0
2021-05-27,1326.1771540050718,1338.645912504555,1300.990261836115,1322.4864501953125,36690935.0
2021-05-28,1308.321989377943,1327.124854593995,1294.7560032195977,1299.344482421875,2979585.0
2021-05-31,1303.7831297688151,1318.1969638685614,1288.7706979327895,1313.010009765625,2709718.0
2021-06-01,1316.6012754907886,1426.4260846480583,1305.778416614162,1412.71044921875,10018645.0
2021-06-02,1421.9871232495163,1553.1085371008517,1409.46844118401,1542.8841552734375,24541949.0
2021-06-03,1560.091071810671,1619.7416614977556,1549.1185642723608,1579.143310546875,19107244.0
2021-06-04,1600.9885890682351,1709.2673364306202,1581.836624746217,1696.69873046875,21102075.0
2021-06-07,1710.7136168027905,1712.9080695293374,1608.9685503807004,1620.2403564453125,15350263.0
2021-06-08,1628.918534801136,1663.8310569799723,1598.4448417360948,1632.35986328125,12410257.0
2021-06-09,1635.9011841734905,1645.327517290839,1567.9214856122603,1590.66455078125,11614666.0
2021-06-10,1607.97119140625,1625.9262047097936,1587.023675885449,1607.97119140625,5362307.0
2021-06-11,1611.063304919663,1616.0508082608578,1571.3129276433851,1597.5970458984375,5355387.0
2021-06-14,1437.8473452802575,1526.1261578424635,1198.197800443309,1497.6973876953125,43530006.0
2021-06-15,1547.0737632273292,1568.669679149,1473.5080817868638,1535.0040283203125,22320542.0
2021-06-16,1506.226041710741,1534.355512459118,1405.7777709464506,1444.6802978515625,12626149.0
2021-06-17,1376.550923145057,1432.4109606060156,1300.2421219707112,1364.2816162109375,27926070.0
2021-06-18,1346.6259970785188,1500.2411108193278,1329.2196578964465,1483.7823486328125,30526777.0
2021-06-21,1486.2760865843145,1578.0461536754262,1441.2389043055766,1536.151123046875,21101083.0
2021-06-22,1550.165904156019,1578.045998083585,1527.971515118497,1537.7469482421875,12069983.0
2021-06-23,1556.200773567798,1566.0261308310098,1477.5977936968848,1500.9891357421875,12679703.0
2021-06-24,1506.1761857577617,1515.203616113508,1484.33101707851,1504.7298583984375,7261764.0
2021-06-25,1521.1886436886805,1530.1661504383187,1497.2486256896457,1515.6524658203125,4962963.0
2021-06-28,1521.0887942923282,1561.0885467604303,1514.4054667518585,1521.9366455078125,6178022.0
2021-06-29,1522.186015424181,1544.8292318230276,1509.2185067737785,1519.7421875,5551918.0
2021-06-30,1535.153699437645,1535.153699437645,1498.9443724407229,1503.7823486328125,3256147.0
2021-07-01,1506.7766753801102,1519.7527915381322,1480.1756128869567,1487.5120849609375,3759914.0
2021-07-02,1487.5121562129111,1504.930048844004,1408.9567902934168,1419.4375,6653653.0
2021-07-05,1424.378371138055,1441.29718251932,1348.1187058753992,1391.788330078125,12239845.0
2021-07-06,1398.3264389758197,1441.496984647699,1376.2171062451716,1412.200927734375,9485434.0
2021-07-07,1417.3911177612663,1434.4596765707329,1382.455421196728,1423.03076171875,5549751.0
2021-07-08,1417.3910889101446,1442.3451573768723,1409.206203191473,1423.2802734375,3898830.0
2021-07-09,1423.2803982496846,1453.923948275646,1413.8476864344532,1428.7203369140625,4502324.0
2021-07-12,1439.3507601663257,1444.341574175224,1411.55195050597,1418.08984375,2557189.0
2021-07-13,1430.367399708519,1430.367399708519,1382.6551655506507,1415.095458984375,4157955.0
2021-07-14,1446.3379392480704,1446.3379392480704,1395.2320511407331,1399.4742431640625,3859529.0
2021-07-15,1396.4297728284366,1426.374657163571,1390.8400854550875,1405.36328125,2728305.0
2021-07-16,1406.411477985881,1412.4004551809946,1385.6995985194458,1392.936279296875,2134914.0
2021-07-19,1387.446230838095,1410.0546416306718,1330.3014130571737,1378.0634765625,6190302.0
2021-07-20,1337.5380623953884,1380.3592680159109,1333.6452033669707,1363.1907958984375,4529933.0
2021-07-22,1372.4739178370942,1422.282268388174,1338.037299535,1414.147216796875,5009804.0
2021-07-23,1427.3727184156298,1432.2137833361537,1383.65314165861,1399.0748291015625,4694140.0
2021-07-26,1397.2284793215092,1414.1972486599236,1389.442759945461,1401.3209228515625,2054318.0
2021-07-27,1401.320603313281,1421.9825219401675,1375.6179144409896,1394.1837158203125,2978042.0
2021-07-28,1404.2653077062453,1422.1824030342611,1376.0672086685856,1397.328125,3188606.0
2021-07-29,1411.3522721449194,1422.382020056407,1394.4334610658252,1397.677490234375,2538248.0
2021-07-30,1406.9104967404369,1446.8370095957882,1397.677490642637,1417.6407470703125,4403219.0
2021-08-02,1432.3636669271264,1442.3452952680818,1421.4836676662749,1435.5577392578125,2483790.0
2021-08-03,1464.304782265929,1464.304782265929,1419.5870414719475,1440.1492919921875,4442122.0
2021-08-04,1457.317590471898,1457.317590471898,1420.4355262185754,1426.923583984375,3341801.0
2021-08-05,1425.3765219160257,1435.3581502207594,1404.814391977483,1429.718505859375,2104359.0
2021-08-06,1419.3876268773777,1552.1432909946006,1419.3876268773777,1533.8270263671875,14250256.0
2021-08-09,1543.8583769943364,1562.1248052445603,1479.7763730192082,1490.6563720703125,6031426.0
2021-08-10,1485.2661610460596,1495.896618624367,1423.4300278780208,1443.8424072265625,3581449.0
2021-08-11,1452.3268857762373,1453.923921899978,1404.4150709877429,1434.409912109375,3197412.0
2021-08-12,1440.9478107376503,1455.3213795967035,1427.6223615694,1440.2491455078125,2455443.0
2021-08-13,1442.345165234103,1451.328629931063,1425.3763985842902,1434.35986328125,2095991.0
2021-08-16,1428.8699864084638,1447.036499844434,1410.9530136617018,1427.4725341796875,1909352.0
2021-08-17,1428.370885191588,1448.3341400510094,1413.5980278572013,1439.0013427734375,3062815.0
2021-08-18,1439.251025956124,1494.0501903399825,1429.9680627889932,1457.3177490234375,4738820.0
2021-08-20,1435.3580443278877,1479.926035789752,1408.4076498933582,1427.4725341796875,4933377.0
2021-08-23,1412.450419363026,1425.1270390864486,1359.048705763919,1394.134033203125,4866080.0
2021-08-24,1404.4152248112614,1445.7391939617,1387.4464552151053,1435.15869140625,3362312.0
2021-08-25,1441.596566815325,1479.0776272095595,1422.3819336761908,1472.639404296875,5361140.0
2021-08-26,1479.2773663914452,1491.9041510068446,1457.7170728699302,1472.9888916015625,4678919.0
2021-08-27,1472.2901980148104,1512.21671185928,1471.3918270840998,1503.283203125,5164477.0
2021-08-30,1510.969011302541,1524.1946690397888,1490.5566297974358,1513.763916015625,3149863.0
2021-08-31,1514.5123395567132,1593.9161106029155,1510.0206073292811,1584.68310546875,7234384.0
2021-09-01,1591.969848613534,1597.908868440076,1558.6311872578306,1562.3243408203125,3056760.0
2021-09-02,1568.113797384195,1591.371039934869,1562.623901849114,1567.6646728515625,2171898.0
2021-09-03,1575.600110791544,1578.494807521411,1548.6996698335251,1562.6739501953125,1687999.0
2021-09-06,1569.1118781358643,1625.458117896665,1563.1728583787922,1579.093505859375,5562312.0
2021-09-07,1582.1878222269286,1589.4245024917836,1550.146820871744,1555.2374267578125,1651169.0
2021-09-08,1557.0342470112826,1576.099132990469,1535.4239970377384,1553.0914306640625,2084219.0
2021-09-09,1558.7311002262588,1562.6239597555118,1532.229949359755,1542.16162109375,1243149.0
2021-09-13,1545.1560016345609,1554.139466760343,1522.447798122167,1529.634521484375,1759456.0
2021-09-14,1537.0709421246968,1544.4074144406636,1494.299689900736,1510.419921875,7143757.0
2021-09-15,1521.200151364607,1542.7604441013527,1494.1499630684752,1514.013427734375,12834337.0
2021-09-16,1520.201904076054,1532.1798573583342,1496.994619591636,1500.438232421875,7616906.0
2021-09-17,1500.438305609453,1522.1983038720762,1463.0571566560627,1477.530517578125,3329954.0
2021-09-20,1462.2087325162383,1485.7653505883354,1407.359612707348,1416.2432861328125,2273312.0
2021-09-21,1417.3912139181416,1444.291653359366,1378.8121962968644,1438.8017578125,2682157.0
2021-09-22,1432.3636947310792,1459.9629219987664,1421.7332359724014,1435.108642578125,1663858.0
2021-09-23,1450.3304848742018,1477.28087929375,1438.4523237052672,1471.6412353515625,1622616.0
2021-09-24,1480.2754428963628,1513.21481552993,1452.3268842981847,1459.0145263671875,2760295.0
2021-09-27,1459.3141111288264,1541.1634661989794,1459.3141111288264,1528.4368896484375,4737676.0
2021-09-28,1554.1393997289224,1555.0377705719618,1472.290054335363,1484.5675048828125,3547971.0
2021-09-29,1463.6061071446618,1495.2478179721447,1461.6097816199992,1482.9205322265625,1764350.0
2021-09-30,1481.972310704236,1516.2093446443012,1460.6615585703807,1465.40283203125,2072145.0
2021-10-01,1462.308493874726,1466.0516043539278,1420.036323898819,1456.02001953125,2311858.0
2021-10-04,1468.2976676506762,1528.1874433536268,1457.4176673620946,1523.845458984375,3209302.0
2021-10-05,1512.2167214071285,1554.9879752638556,1509.571565479021,1524.843505859375,2544835.0
2021-10-06,1526.9894667100243,1538.168841086578,1469.295609396134,1476.831787109375,1777998.0
2021-10-07,1500.0889164738685,1532.9284964565695,1487.2625490609075,1517.9560546875,1919106.0
2021-10-08,1519.203952683816,1566.566734139116,1508.673285219496,1545.056396484375,2646112.0
2021-10-11,1550.1469225517285,1560.8272164220025,1529.335251276893,1536.9212646484375,1910095.0
2021-10-12,1536.1725496844915,1564.0213161824838,1511.7175610767788,1551.5941162109375,1900749.0
2021-10-13,1565.5684585586584,1605.3453452323415,1548.4500633196676,1566.816162109375,3923958.0
2021-10-14,1577.097239328329,1652.9576128656408,1571.9068414562996,1643.3253173828125,5256882.0
2021-10-18,1669.876385797439,1669.876385797439,1605.594799790542,1612.531982421875,3791222.0
2021-10-19,1622.2142297824146,1633.992600257573,1559.1803427105297,1566.566650390625,1822638.0
2021-10-20,1571.108311086491,1604.3970174509116,1536.2724035807382,1586.7794189453125,2768997.0
2021-10-21,1599.0068547754895,1623.8611329587975,1578.794057998963,1592.11962890625,3129269.0
2021-10-22,1592.1197084747423,1605.8444477126186,1534.176306081143,1540.165283203125,2580699.0
2021-10-25,1542.1615424805816,1548.54980883806,1491.3051960155144,1529.385009765625,2276050.0
2021-10-26,1529.1854666231366,1554.3890782629762,1518.1058834991893,1541.013671875,1661783.0
2021-10-27,1545.1561488510486,1578.2452729194922,1537.170845756211,1563.672119140625,2121282.0
2021-10-28,1547.1522936090514,1564.0212687924486,1365.187171886809,1395.9805908203125,7093354.0
2021-10-29,1397.4280000799167,1452.1273733928942,1375.218876507218,1420.984619140625,3165141.0
2021-11-01,1433.3618124075056,1454.3232316697324,1408.6073256832187,1442.644775390625,1543436.0
2021-11-02,1452.326891488878,1486.2644270975532,1450.130982040853,1470.09423828125,1667692.0
2021-11-03,1471.2918829363878,1498.2422769928887,1461.759380003914,1483.1700439453125,1710819.0
2021-11-04,1492.2534756581406,1508.7231628476786,1480.275521338477,1486.713623046875,272261.0
2021-11-08,1492.2534673962318,1572.25624454926,1482.9206690763754,1565.368896484375,2565017.0
2021-11-09,1552.1431634875664,1655.9520953221047,1552.093206608843,1632.4453125,4713708.0
2021-11-10,1622.5637211886444,1682.90261865281,1617.4231579783527,1652.8079833984375,3728328.0
2021-11-11,1646.9687791377887,1700.8695755459344,1637.8355642660858,1661.8414306640625,4470709.0
2021-11-12,1675.2166571308017,1716.340915289701,1667.031649155263,1702.067138671875,5349189.0
2021-11-15,1710.601537633769,1760.7592194812366,1688.6919124109563,1746.3358154296875,3997553.0
2021-11-16,1756.2175105121485,1763.3045639528827,1703.7641278588185,1708.4554443359375,2172117.0
2021-11-17,1710.851119638996,1726.5222275973856,1679.4089899606831,1703.31494140625,1476385.0
2021-11-18,1704.862095207254,1710.8510721225018,1636.9870235011103,1685.6474609375,2255988.0
2021-11-22,1688.292536394491,1698.2741641113248,1607.0920192872557,1672.6712646484375,2552170.0
2021-11-23,1657.1001429195394,1717.1895000400634,1646.9687652369014,1704.812255859375,2472589.0
2021-11-24,1718.437125010312,1785.6135330384868,1709.303910633654,1751.925537109375,4562858.0
2021-11-25,1759.7109993325191,1770.4412490655022,1732.361437024818,1759.8109130859375,2341862.0
2021-11-26,1736.803310152246,1765.3009074566687,1657.7986984275478,1666.4827880859375,3510810.0
2021-11-29,1651.9593822328152,1693.882218519086,1606.8923088558658,1661.990966796875,2119826.0
2021-11-30,1664.9356069089954,1715.4925788141409,1645.1220990257211,1659.7950439453125,2952368.0
2021-12-01,1690.8877521228037,1701.8675427210037,1649.3142478976831,1690.1890869140625,2476360.0
2021-12-02,1689.390533707121,1731.8124525742126,1684.549468511497,1729.0675048828125,2159661.0
2021-12-03,1730.8143558577278,1741.794147042523,1697.9747742176305,1704.9619140625,1544077.0
2021-12-06,1706.858494943347,1724.7754695875185,1636.9870945655491,1642.5767822265625,1574680.0
2021-12-07,1655.8522023765215,1683.6010535853752,1650.9611805558484,1675.3662109375,1476012.0
2021-12-08,1676.71390372956,1723.2282653840368,1675.965281636904,1712.3482666015625,1406394.0
2021-12-09,1721.8308852881405,1736.0547056448686,1703.4646648091905,1719.0859375,1306393.0
2021-12-10,1707.457335252212,1784.7151636870706,1707.457335252212,1737.20263671875,2708578.0
2021-12-13,1751.7756912016948,1758.9624145297462,1707.956320482769,1716.390869140625,1104594.0
2021-12-14,1708.8547249713454,1724.7255379661644,1679.9080035787233,1716.9398193359375,1198653.0
2021-12-15,1716.8401208015785,1723.8272608280963,1683.950703272318,1692.185546875,866378.0
2021-12-16,1704.1633281204572,1716.6901976452027,1683.9005753631484,1698.9229736328125,751885.0
2021-12-17,1695.828807853856,1698.8732534330372,1636.9871537192605,1642.2774658203125,1215873.0
2021-12-20,1626.0072376154235,1626.0072376154235,1552.3427725872448,1587.0289306640625,1945211.0
2021-12-21,1618.1217004628377,1642.8761867904452,1599.9551861317702,1617.5228271484375,1563851.0
2021-12-22,1628.2529440877322,1660.3937350732258,1624.010752509266,1655.0535888671875,993006.0
2021-12-23,1671.623239156578,1681.1057860216897,1655.1535524961207,1673.1204833984375,979023.0
2021-12-24,1676.9134424993606,1700.8193919441942,1655.1534455189883,1695.0799560546875,1234386.0
2021-12-27,1691.6364174584685,1734.8069588687522,1682.952449774471,1727.021240234375,1672655.0
2021-12-28,1736.8032901400093,1756.766546348515,1724.925128326739,1747.7830810546875,1552918.0
2021-12-29,1747.7830928447709,1751.7757441134054,1706.259544020181,1714.8936767578125,1100579.0
2021-12-30,1710.8510886845413,1721.83087980212,1681.9043666472885,1693.283447265625,1359574.0
2021-12-31,1691.8359657716298,1721.8308062360725,1687.9432283821914,1706.309326171875,1310960.0
2022-01-03,1709.8529611336348,1729.816218122936,1708.056219266177,1713.995361328125,1094708.0
2022-01-04,1722.5793955538286,1724.8252617801047,1696.876704297557,1715.841796875,1191189.0
2022-01-05,1718.8363549730354,1741.4447669381443,1699.4221371004053,1712.29833984375,1583598.0
2022-01-06,1706.8584783145448,1720.6830094568295,1672.5216518084803,1709.9527587890625,1615375.0
2022-01-07,1716.74035215218,1727.620351853,1686.396176399399,1695.978515625,1295933.0
2022-01-10,1704.4129651999342,1762.75553305674,1695.9784162971025,1749.380126953125,1670551.0
2022-01-11,1754.77024042469,1846.6012200146056,1733.8088211704703,1840.512451171875,5126019.0
2022-01-12,1869.558878332496,1869.558878332496,1804.9777955022464,1826.7376708984373,2518912.0
2022-01-13,1830.6306418454285,1859.5773640992547,1804.6784081006183,1849.945068359375,1881069.0
2022-01-14,1846.6011682721228,1886.9768045372768,1827.7358671027284,1866.81396484375,2357616.0
2022-01-17,1872.5534778856936,1897.906838256128,1852.2408885688835,1874.3502197265625,1700525.0
2022-01-18,1881.5368688889416,1904.993694575356,1826.6878720329576,1837.5677490234373,2294146.0
2022-01-19,1836.420040915042,1853.588393016625,1807.922443107896,1845.902587890625,1544606.0
2022-01-20,1851.5919552859607,1876.895357367696,1840.3126671433768,1862.4219970703125,1252017.0
2022-01-21,1857.431382673178,1869.5590861113976,1807.4234464368467,1824.9910888671875,1929667.0
2022-01-24,1818.6526706277264,1824.09260929596,1693.4331927304445,1712.6478271484375,2381112.0
2022-01-25,1664.9356283449029,1747.334020080848,1664.9356283449029,1738.2008056640625,1817963.0
2022-01-27,1714.843675136001,1722.3798529473383,1651.460337900182,1682.9024658203125,3549583.0
2022-01-28,1699.3721380647924,1740.895685468562,1680.8561697016455,1690.5882568359375,1624750.0
2022-01-31,1705.8102177136184,1730.814243850217,1701.8675235090082,1711.7991943359375,1024738.0
2022-02-01,1724.7754150732085,1761.8571886137497,1696.0283986482846,1743.690673828125,1574361.0
2022-02-02,1751.7758134962355,1782.718862053719,1743.7905106426915,1776.0810546875,1405276.0
2022-02-03,1768.6945175560722,1783.7169163736298,1743.1915312270194,1748.6314697265625,588866.0
2022-02-04,1754.7701984231237,1766.748151995978,1730.5147936996764,1754.071533203125,855996.0
2022-02-07,1761.757364854606,1762.2564462610803,1718.9361558098938,1728.618408203125,854871.0
2022-02-08,1736.2044466437126,1743.7904597640315,1673.9690187139597,1712.847412109375,1480201.0
2022-02-09,1721.431542685259,1788.6079479485325,1714.9434844770635,1779.8740234375,1674022.0
2022-02-10,1795.69480541981,1805.676433020809,1762.7554343365114,1782.8184814453125,1747943.0
2022-02-11,1760.7592182352548,1771.6392173656686,1740.147131589085,1761.0587158203125,1196002.0
2022-02-14,1733.1101204803597,1734.7071565930871,1649.9631104010996,1660.8929443359375,1919476.0
2022-02-15,1632.994290391644,1748.1822983251527,1624.8592394535533,1741.04541015625,2261554.0
2022-02-16,1741.0454638703543,1772.7371327698147,1726.8216439705966,1734.90673828125,1663614.0
2022-02-17,1746.7849480625518,1758.7629019921235,1720.8327145484798,1727.7698974609375,1075487.0
2022-02-18,1735.805220486552,1751.3765367956564,1721.8309403906278,1733.1102294921875,945100.0
2022-02-21,1735.605630710029,1735.605630710029,1668.229637621069,1682.10400390625,1449291.0
2022-02-22,1633.0941872345632,1675.815605239312,1627.0054183204877,1664.6361083984375,1717579.0
2022-02-23,1678.9097703239088,1714.344548472838,1666.931817146806,1685.597412109375,1285012.0
2022-02-24,1623.012709639234,1645.5711645060933,1525.991334406598,1541.1134033203125,2798065.0
2022-02-25,1591.071381610948,1635.090333357828,1575.899356948806,1615.7259521484375,1741584.0
2022-02-28,1600.8035351213175,1648.0665176970788,1589.3246633184212,1641.4287109375,1869037.0
2022-03-02,1634.9907459136782,1661.192520687936,1612.5320818214573,1638.7838134765625,1249817.0
2022-03-03,1666.931969454946,1675.116856135406,1631.9463126150908,1640.7801513671875,1333325.0
2022-03-04,1618.8206375028142,1652.4586784433654,1598.2583843171597,1612.0330810546875,1433490.0
2022-03-07,1587.0789126536815,1589.0752383299755,1536.47210549805,1561.1766357421875,1508821.0
2022-03-08,1572.006693473828,1604.4469860294823,1550.5461922447028,1598.6575927734375,1396347.0
2022-03-09,1606.643013677109,1666.8821216054216,1605.0459773723185,1653.5068359375,1498176.0
2022-03-10,1678.9098871946603,1746.3856704201944,1675.166776566254,1739.6480712890625,2294474.0
2022-03-11,1746.7849983531314,1753.772138346544,1718.037859356099,1730.9141845703125,1354129.0
2022-03-14,1728.8180790909605,1749.2304609053165,1719.2855750088218,1732.9105224609375,659190.0
2022-03-15,1736.8033535112147,1750.977217198001,1683.551390001216,1698.2742919921875,1085901.0
2022-03-16,1720.832727286867,1760.759240680994,1715.4925804896127,1754.770263671875,1269866.0
2022-03-17,1772.337885705762,1820.2497012518304,1756.7665700224995,1816.3070068359373,2392329.0
2022-03-21,1832.676859430612,1838.5160874469857,1792.8501393033252,1799.6375732421875,1081052.0
2022-03-22,1799.6375060750884,1833.6249969175003,1786.7113470235852,1828.18505859375,964066.0
2022-03-23,1844.654707898016,1844.654707898016,1797.5413532707737,1807.6727294921875,1553366.0
2022-03-24,1811.665393546871,1836.1703378288544,1796.8427010597864,1829.4327392578125,1030145.0
2022-03-25,1832.17789500358,1874.5498598708657,1818.6527394487312,1863.570068359375,1366115.0
2022-03-28,1873.4518602499948,1920.8645951875712,1847.649375184756,1906.1915283203125,1895438.0
2022-03-29,1915.7239867670623,1927.3526079557776,1882.035991689096,1913.7276611328125,1715098.0
2022-03-30,1924.1584038988508,2011.2980661223728,1913.7776081311847,1991.5843505859373,3215951.0
2022-03-31,2001.316374804664,2038.2483976813576,1987.3420958783463,2011.0484619140625,2786973.0
2022-04-01,2014.292606654055,2045.2356546254505,2009.3517493454287,2039.8955078125,1267111.0
2022-04-04,2046.233709876075,2071.6868609013627,2028.2667797405777,2062.0546875,1334265.0
2022-04-05,2074.1824734455654,2185.777132641742,2063.8016769263395,2135.9189453125,4970260.0
2022-04-06,2149.7932205200195,2178.8398566931487,2120.2974598065016,2156.03173828125,2259018.0
2022-04-07,2161.9708470316023,2210.8808282835844,2077.4264996058832,2095.19384765625,3499044.0
2022-04-08,2111.1145051551293,2172.002441237618,2101.3824170107973,2166.961669921875,1924054.0
2022-04-11,2177.841450657796,2195.958006736544,2154.5342534276497,2176.1943359375,1615715.0
2022-04-12,2183.9803096155924,2214.923357877971,2151.0409356588675,2192.913818359375,2632324.0
2022-04-13,2205.9398462439617,2213.07661297556,2169.456946202277,2195.4091796875,992512.0
2022-04-18,2175.795345054752,2235.8846975633483,2152.7876435132816,2229.74609375,1747434.0
2022-04-19,2240.87544279551,2250.8570706030623,2136.1682645711194,2164.31640625,1639219.0
2022-04-20,2173.9984803462853,2203.893406119518,2157.9279625142767,2179.9375,1119025.0
2022-04-21,2211.9288064248485,2289.3363817599493,2199.850938840727,2282.149658203125,2243636.0
2022-04-22,2292.7799447067086,2301.7634098797,2260.8387352027407,2269.12353515625,1786042.0
2022-04-25,2255.7979700799274,2290.78362494219,2238.479991723178,2280.00341796875,1683622.0
2022-04-26,2292.7799616538287,2409.4650960086565,2290.883549802349,2390.8994140625,3199358.0
2022-04-27,2400.5317036098418,2416.502309251361,2320.7286322832947,2329.81201171875,2559876.0
2022-04-28,2355.5143379455085,2385.508932036111,2332.007557693212,2374.179931640625,1679893.0
2022-04-29,2384.611104085147,2389.751545405306,2297.271852679768,2327.7158203125,1916180.0
2022-05-02,2320.728543488025,2357.9600652036925,2306.7542640863767,2335.201904296875,1006544.0
2022-05-04,2354.3663511948585,2358.558585866679,2228.947303315509,2249.6591796875,1744686.0
2022-05-05,2265.829622440415,2299.567574808123,2231.892086245272,2251.25634765625,1636796.0
2022-05-06,2205.939866480264,2257.8443339268583,2195.9582381251494,2243.570556640625,1161579.0
2022-05-09,2225.4041339325768,2240.0770794838204,2175.9950715286013,2193.612548828125,1450886.0
2022-05-10,2185.9763669097388,2215.9212486482284,2093.6463148827293,2105.624267578125,1471866.0
2022-05-11,2105.724363612115,2153.7858054860617,2073.18415849591,2115.406494140625,1397917.0
2022-05-12,2099.1363633216542,2109.7169864528933,2007.355342822114,2041.4425048828125,1553685.0
2022-05-13,2080.6703144049807,2131.077534782746,2031.5607543793176,2050.3759765625,1547617.0
2022-05-16,2078.8239615110706,2138.015072933088,2053.86988786706,2102.03125,1742552.0
2022-05-17,2129.1312977145794,2188.2224891905885,2115.506228713391,2180.836181640625,1061085.0
2022-05-18,2195.658699758579,2212.8270514721075,2168.009638466827,2177.093017578125,1296983.0
2022-05-19,2141.0591702901497,2150.791257427832,2093.746351836097,2110.86474609375,986930.0
2022-05-20,2155.033602540105,2228.2986585725016,2147.048299705311,2215.472412109375,1444803.0
2022-05-23,2227.649706438501,2240.875362811442,2151.689424057461,2166.661865234375,1455450.0
2022-05-24,2157.029780138941,2174.8967965281354,2138.6137254791342,2156.231201171875,1008943.0
2022-05-25,2164.016780217988,2177.4420200837853,2062.403766430592,2070.339111328125,1382448.0
2022-05-26,2073.1841382085977,2084.1639290224134,1902.6978830156645,2042.640380859375,4967514.0
2022-05-27,2076.178498065912,2090.45227397853,2043.937792843108,2076.328125,1354005.0
2022-05-30,2116.105347814588,2171.004307309778,2098.1384156161625,2161.67138671875,1384584.0
2022-05-31,2156.031693057837,2221.710855408852,2146.4492325007423,2163.56787109375,2861556.0
2022-06-01,2165.9635383309883,2185.2780879425804,2122.0943275695604,2146.948486328125,1448212.0
2022-06-02,2151.0408607929853,2213.9251179762605,2138.364241813505,2205.3408203125,1855167.0
2022-06-03,2230.893889126712,2238.1305695276824,2172.052239984138,2185.9765625,1651685.0
2022-06-06,2184.479019465525,2225.902770577163,2164.2162683761194,2220.9619140625,1664487.0
2022-06-07,2205.939714238586,2250.557541168253,2202.995182815462,2223.45751953125,2046676.0
2022-06-08,2240.825731108224,2240.825731108224,2154.584554891333,2173.2001953125,1530739.0
2022-06-09,2156.331349862105,2219.914277507324,2151.041037782501,2215.123046875,1440385.0
2022-06-10,2185.9767031941187,2210.9307751483893,2167.0116085088725,2199.052734375,1305761.0
2022-06-13,2168.5088040883443,2168.5088040883443,2062.9530820941704,2075.92919921875,1764172.0
2022-06-14,2269.8223745059136,2269.8223745059136,2049.3282932103925,2192.414794921875,6515102.0
2022-06-15,2214.324379458096,2215.6220399076665,2170.205630017412,2180.586669921875,1313510.0
2022-06-16,2200.9489563252,2213.2264074050227,2072.235913037252,2079.173095703125,2131789.0
2022-06-17,2058.211754652074,2133.4731345276923,2056.36505594046,2091.94970703125,2280135.0
2022-06-20,2103.4285735907915,2119.399178819111,2021.279724209204,2076.029052734375,2603594.0
2022-06-21,2096.141859952186,2173.0003948171,2087.807103175065,2157.828369140625,1331500.0
2022-06-22,2146.000210675606,2146.000210675606,2073.2841919110742,2085.36181640625,1774137.0
2022-06-23,2101.1328756128246,2124.090621997193,2076.1788034559027,2106.47314453125,1026783.0
2022-06-24,2117.103366101156,2164.0170191925067,2104.726244464533,2157.47900390625,1156536.0
2022-06-27,2184.978348187757,2206.937929576579,2165.364546833213,2177.592041015625,1202504.0
2022-06-28,2166.013274356864,2206.189327026386,2156.031646364436,2200.5498046875,1282047.0
2022-06-29,2180.985870173629,2243.6705471257364,2173.200151051979,2216.021484375,1692493.0
2022-06-30,2215.921637865077,2244.369280513345,2176.494203317478,2186.875,1568415.0
2022-07-01,2185.876782737955,2237.8811660083006,2134.321767715098,2228.09912109375,2141743.0
2022-07-04,2228.0989074534623,2272.8166487093044,2224.256126967997,2257.694580078125,1581159.0
2022-07-05,2259.8405596329885,2286.491457423812,2233.888327057698,2242.32275390625,1356776.0
2022-07-06,2240.8753861876253,2272.81659436491,2232.391002765534,2268.67431640625,1045463.0
2022-07-07,2275.811060945198,2290.73354525991,2251.855155040512,2270.12158203125,946131.0
2022-07-08,2281.800062029317,2299.367824025709,2259.7405676273547,2288.837158203125,898576.0
2022-07-11,2288.8372838279665,2380.2191379663755,2286.84095820481,2368.889892578125,1967308.0
2022-07-12,2360.056251459376,2385.4097352076246,2345.8324302056367,2361.303955078125,1273008.0
2022-07-13,2369.1397727640515,2380.269192231089,2329.412838432195,2349.176513671875,982185.0
2022-07-14,2361.6586292146294,2400.603528385611,2333.1988952050665,2379.733154296875,933554.0
2022-07-15,2411.08873802465,2419.526750908214,2373.641718900225,2401.851806640625,1169788.0
2022-07-18,2420.575118569777,2438.399995735932,2402.6505289715165,2420.17578125,937204.0
2022-07-19,2403.5494731035096,2455.825611864657,2401.602276773376,2447.8369140625,843301.0
2022-07-20,2458.521464871581,2469.306254418944,2440.546896891204,2447.636962890625,693601.0
2022-07-21,2450.333087564924,2495.419197847647,2447.7866416874595,2491.97412109375,1314165.0
2022-07-22,2501.9598868068138,2510.4978549561683,2479.5916341097663,2495.868408203125,833522.0
2022-07-25,2501.460908690108,2558.53006902877,2496.4679727446187,2546.99658203125,1220351.0
2022-07-26,2551.3901852166778,2564.9710680652665,2529.421267770585,2556.08349609375,865142.0
2022-07-27,2556.383205094126,2568.865544962749,2524.4284150304493,2545.09912109375,953588.0
2022-07-28,2556.282963961634,2562.024839661274,2528.02314468516,2546.79638671875,759442.0
2022-07-29,2561.3760510699776,2618.2955188715327,2556.3831152979114,2565.570068359375,1107195.0
2022-08-01,2572.2108969383225,2665.628533019936,2565.570145883395,2656.3916015625,1267039.0
2022-08-02,2656.2416670684656,2693.189389505132,2636.269925210808,2679.858154296875,1096480.0
2022-08-03,2681.2064886446783,2713.1612773361608,2667.4259372623387,2707.569091796875,815831.0
2022-08-04,2721.150121828283,2740.0233224026824,2680.457693400943,2719.752197265625,1223799.0
2022-08-05,2756.1004668022483,2763.7395607952194,2681.206432378274,2694.58740234375,1639981.0
2022-08-08,2696.185262157144,2803.683069628208,2691.8413106053936,2787.955322265625,1581696.0
2022-08-10,2797.7915719756747,2830.894638769343,2777.6201601284392,2823.20556640625,1304663.0
2022-08-11,2836.986030216908,2844.375477444711,2811.1227211239125,2830.0458984375,978616.0
2022-08-12,2835.987565878251,2867.093458739236,2830.046020969441,2860.5029296875,843025.0
2022-08-16,2874.9322500250632,2981.781069320889,2866.943553255282,2971.6455078125,1969492.0
2022-08-17,2981.781025899445,3024.2709549841065,2975.7895034093594,3004.39892578125,1510171.0
2022-08-18,3000.75445040972,3181.4987284543654,2999.755863238203,3149.1943359375,3502295.0
2022-08-19,3173.5101045533684,3254.2957110811444,3070.9052703045145,3125.777587890625,6109949.0
2022-08-22,3129.572055963852,3187.2904406625908,3024.920076296926,3047.28857421875,3473580.0
2022-08-23,3028.365094136938,3069.6567685516347,2923.263801069254,3026.367919921875,4169136.0
2022-08-24,3033.70783843578,3148.545363590525,2981.7813053223304,3130.22119140625,3475387.0
2022-08-25,3162.525269809877,3173.3100589902137,3051.3824794878,3062.017578125,3119494.0
2022-08-26,3075.648345745205,3168.466970277307,3073.651171494721,3135.1142578125,2897602.0
2022-08-29,3050.6835847946995,3161.9760681224275,3033.557913579999,3138.159912109375,1924984.0
2022-08-30,3160.5282841149133,3258.489779633717,3156.533935572588,3189.8369140625,4392183.0
2022-09-01,3195.478862212944,3240.415283712813,3179.90080524138,3228.681884765625,1880363.0
2022-09-02,3256.392726431187,3364.6394769794965,3220.443588696896,3351.058837890625,4835905.0
2022-09-05,3369.332901276575,3426.9513293784835,3308.3191306870726,3341.82177734375,3686950.0
2022-09-06,3365.238717129785,3442.729177986125,3350.25990978351,3430.94580078125,2580772.0
2022-09-07,3430.9457082111658,3483.02192949504,3401.28771922488,3468.842041015625,2188110.0
2022-09-08,3494.0562750901054,3496.552742848816,3445.125507019395,3457.907470703125,1560414.0
2022-09-09,3474.084500444429,3502.993548060076,3410.3246169665786,3446.32373046875,1614634.0
2022-09-12,3460.104505831626,3490.561414180216,3453.01443948466,3458.90625,1647756.0
2022-09-13,3473.0862353039643,3563.8577130557046,3416.466390577844,3550.7763671875,3479669.0
2022-09-14,3513.0295608284746,3602.902403487532,3506.039450843881,3567.05322265625,2740337.0
2022-09-15,3584.9278340310034,3762.626366905798,3569.949026925024,3743.403564453125,4716688.0
2022-09-16,3749.694440086596,3861.486213582507,3609.492913267139,3696.968994140625,5687429.0
2022-09-19,3713.695434246676,3796.578163266825,3675.549455914611,3773.31103515625,3092486.0
2022-09-20,3813.604245603855,3879.51099611704,3806.6141357009415,3829.13232421875,3338704.0
2022-09-21,3832.22771950202,3857.342331558762,3566.204211309973,3634.95703125,6089846.0
2022-09-22,3633.858723298864,3730.6717009821054,3602.952499047259,3711.049560546875,3490772.0
2022-09-23,3726.727069681971,3732.6186360734328,3649.835862724439,3669.108642578125,3001474.0
2022-09-26,3641.14823966292,3652.831660128361,3527.009683863688,3581.133056640625,3123908.0
2022-09-27,3590.9193005879924,3624.4219473823705,3480.925026315452,3554.071533203125,3546332.0
2022-09-28,3523.015400999472,3591.8679349781214,3498.0507227044072,3543.736083984375,2259832.0
2022-09-29,3578.437066452017,3659.572272716625,3438.734821122062,3465.79638671875,15060223.0
2022-09-30,3443.078403364221,3518.821333752332,3366.3371296541945,3450.867431640625,4307707.0
2022-10-03,3435.139636790081,3455.161356978764,3105.805561224733,3152.839111328125,7578847.0
2022-10-04,3225.436659732118,3286.550147683692,3120.585003610796,3233.125732421875,5642467.0
2022-10-06,3265.380079016838,3314.1111821661984,3203.517651967081,3280.35888671875,2845165.0
2022-10-07,3275.365749848232,3306.271972417693,3223.588910217266,3272.96923828125,1930275.0
2022-10-10,3229.430638266509,3274.117410394656,3209.808499531862,3241.663330078125,1590792.0
2022-10-11,3252.9477305883343,3333.284020796565,3244.409761404446,3269.324462890625,2544394.0
2022-10-12,3292.341926012207,3292.341926012207,3140.556674949466,3219.095458984375,2972601.0
2022-10-13,3213.453264205517,3258.1900147161773,3184.494238518146,3229.0810546875,1840193.0
2022-10-14,3267.377275349548,3300.33065251536,3190.3363714029083,3204.965576171875,1344415.0
2022-10-17,3206.4631982679284,3230.4292888186696,3131.669121525762,3208.06103515625,1985298.0
2022-10-18,3244.409736024393,3293.340507666497,3221.5421872038114,3279.659912109375,1635079.0
2022-10-19,3295.3374858160428,3305.3233569851823,3255.0443981302915,3272.61962890625,1396513.0
2022-10-20,3255.3942633536285,3360.245919075141,3240.4154553934127,3352.357177734375,2211287.0
2022-10-21,3370.131445143277,3377.221510942946,3282.35573816365,3307.220458984375,1120790.0
2022-10-24,3320.302500394448,3335.3812649070032,3282.755523473208,3305.1240234375,248249.0
2022-10-25,3317.256559836505,3340.274042581143,3289.346097537305,3295.8369140625,879424.0
2022-10-27,3315.159619832362,3350.25986034422,3292.3418061266448,3320.30224609375,1106870.0
2022-10-28,3317.306280224184,3383.1630494002643,3292.990587304512,3318.6044921875,1323334.0
2022-10-31,3335.2312990594783,3355.2530213537807,3321.401012495904,3342.720703125,575722.0
2022-11-01,3357.1499722308263,3602.353090571716,3347.2640571697507,3570.64794921875,4393335.0
2022-11-02,3574.942151005277,3620.0282652517694,3521.018442582293,3575.64111328125,2534755.0
2022-11-03,3544.984325741701,3609.592864553123,3537.4449441207744,3585.3271484375,1275216.0
2022-11-04,3636.854202333203,3844.360649567033,3561.7105233860384,3827.833984375,6112097.0
2022-11-07,3847.006809668401,4008.028978916915,3814.6027071586095,3955.004150390625,5985652.0
2022-11-09,3971.381078649355,4042.280765997634,3937.4790938102665,3991.552490234375,3732472.0
2022-11-10,3989.355489542238,4024.306038261632,3956.551805583049,3986.609375,2313795.0
2022-11-11,4034.2919261277993,4043.229232006991,3969.533454498293,4003.18603515625,1476875.0
2022-11-14,3993.349923602688,4072.2383066896127,3984.362639453545,4016.86669921875,1803092.0
2022-11-15,4019.363166107218,4059.256673089763,4016.317426609354,4052.06689453125,1065546.0
2022-11-16,4051.567686872965,4090.212960765592,3858.0914268269858,3951.010009765625,3059841.0
2022-11-17,3964.390784928397,4027.3017721955225,3894.489687964924,4012.47265625,2266112.0
2022-11-18,4022.658818873832,4037.2880237418526,3978.371379319204,4014.120849609375,1440776.0
2022-11-21,4014.2703258838646,4014.2703258838646,3916.40878613461,3996.196044921875,1492003.0
2022-11-22,3996.1960579622896,4050.2694542676313,3982.365528505748,4028.300537109375,1705043.0
2022-11-23,4044.277838069837,4056.111192966167,3867.5279177393777,3897.78515625,2861156.0
2022-11-24,3904.475644029765,3929.440322060646,3815.6013902398295,3915.56005859375,2797181.0
2022-11-25,3923.448862519124,3944.3192361707775,3839.867167884815,3895.58837890625,2506346.0
2022-11-28,3893.890458825716,3919.454386226125,3865.930019892128,3880.6591796875,1119166.0
2022-11-29,3879.5109384873126,3909.468551911925,3858.590587204928,3872.920166015625,1513444.0
2022-11-30,3892.293046492523,3934.333419278317,3861.536513478116,3912.364501953125,1968428.0
2022-12-01,3931.93685790007,3939.376283322864,3896.936329936007,3909.568603515625,945838.0
2022-12-02,3899.4827330803855,3958.199704939427,3879.5109905293975,3916.9580078125,1297832.0
2022-12-05,3923.349043069928,3933.434871026736,3804.6671039394937,3924.846923828125,2392866.0
2022-12-06,3914.461666537384,4051.2681074342254,3903.477207779244,4026.103759765625,2962621.0
2022-12-07,4025.304576185298,4052.1664714974377,3978.920254425008,3993.6494140625,1257261.0
2022-12-08,4004.334425344527,4039.284975191673,3997.693918391844,4019.313232421875,895075.0
2022-12-09,4038.286339786107,4088.215696113829,3935.9311593142784,3991.153076171875,2129800.0
2022-12-12,3991.3527845142135,4026.2033780591214,3963.142697908628,4011.02490234375,802499.0
2022-12-13,4022.1092537122536,4066.246755690226,4005.932191115256,4054.46337890625,1215308.0
2022-12-14,4070.240990595247,4086.2683621951705,4034.291855251422,4050.069580078125,1114492.0
2022-12-15,4050.06964451358,4067.295272139884,4019.3131128042887,4038.03662109375,866138.0
2022-12-16,4013.221805442818,4042.1808328348575,3938.4777034342246,3975.17578125,1598960.0
2022-12-19,3982.365529905803,4098.201638599152,3965.838863914985,4069.542236328125,1643404.0
2022-12-20,4089.214074406127,4166.105279224021,4060.6543865269264,4159.41455078125,3778426.0
2022-12-21,4169.101276924404,4184.080083907366,3877.763481105794,3896.43701171875,3585883.0
2022-12-22,3942.421925961566,3942.421925961566,3811.6569921460655,3863.084228515625,2879658.0
2022-12-23,3816.59996778486,3842.563232871831,3611.6899397806646,3637.053955078125,3036157.0
2022-12-26,3647.8388486638814,3739.608909971834,3614.885472806804,3711.498779296875,2162662.0
2022-12-27,3727.176339438749,3792.533815792489,3689.8292797496624,3764.32373046875,1804911.0
2022-12-28,3750.7431727968087,3819.5957054469714,3739.708736444159,3792.334228515625,1377950.0
2022-12-29,3784.645315692029,3819.5958661007935,3742.80461143524,3805.21630859375,1531692.0
2022-12-30,3824.289014600427,3892.492563118673,3816.649920710835,3852.898681640625,1528747.0
2023-01-02,3864.532062207176,3868.526410591885,3817.1491532526848,3835.772705078125,923051.0
2023-01-03,3836.471833934605,3847.4065581492728,3785.643846049577,3825.537353515625,799905.0
2023-01-04,3833.575889390369,3869.475046993198,3798.226003453465,3821.642822265625,1028377.0
2023-01-05,3821.642801496602,3836.970967170834,3751.591770306656,3824.388916015625,997006.0
2023-01-06,3823.5902128098032,3862.784758605778,3791.6854019974417,3818.846923828125,912159.0
2023-01-09,3837.570356833623,3874.518080800015,3805.865215321922,3849.85302734375,753981.0
2023-01-10,3853.547742684919,3856.593482196891,3549.9772545335286,3641.747314453125,3595798.0
2023-01-11,3654.8288453910586,3659.322487414081,3555.070089998248,3630.6630859375,2226506.0
2023-01-12,3637.353564321303,3673.801993998098,3606.896657331104,3642.046875,1199785.0
2023-01-13,3646.0414538163386,3730.771673347526,3637.054169218623,3715.892578125,1364712.0
2023-01-16,3714.744174041144,3734.6659387960167,3594.91371681401,3614.685791015625,1863848.0
2023-01-17,3614.8854930287416,3644.443770269021,3555.169932533935,3634.208251953125,1668381.0
2023-01-18,3642.845730912594,3642.845730912594,3522.116648368548,3591.6181640625,3652240.0
2023-01-19,3465.0973323537305,3532.701632124953,3421.8584609747327,3458.656494140625,3696319.0
2023-01-20,3445.1253886054283,3472.43684246525,3436.088126870387,3451.2666015625,1510258.0
2023-01-23,3438.185602463539,3455.1116062262304,3407.728693795937,3431.4951171875,974857.0
2023-01-24,3442.579214087255,3503.043714648551,3425.153917116457,3437.136962890625,1518123.0
2023-01-25,3417.165219223005,3423.156742108843,3310.3163944255584,3384.161865234375,3686439.0
2023-01-27,3330.2883232358454,3341.7720760745897,2708.168495536915,2757.548583984375,14764368.0
2023-01-30,2845.973382482437,3033.2584515519547,2661.234759409016,2888.762939453125,20947906.0
2023-01-31,2975.789721350151,3069.2575765591578,2901.894271893805,2969.6982421875,11568020.0
2023-02-01,2990.7686316212144,3006.496379850942,1938.45740289465,2132.333251953125,13525314.0
2023-02-02,2345.531398159611,2345.531398159611,1492.6380618743824,1563.0384521484375,34474080.0
2023-02-03,1487.8948225972542,1677.5265428232783,1016.0124868552718,1584.55810546875,43885579.0
2023-02-06,1572.7748266433853,1612.7183143041698,1433.1722885098036,1570.47802734375,19308603.0
2023-02-07,1568.780355626487,1959.926879304585,1523.4444762848295,1800.402587890625,19188072.0
2023-02-08,1867.2080710325167,2219.0102344441666,1838.2490450320624,2161.192138671875,19173006.0
2023-02-09,2164.936828595832,2164.936828595832,1728.953725962051,1922.9791259765625,18279862.0
2023-02-10,1766.5006359460613,1987.1883920478588,1730.701311654818,1844.3404541015625,11334878.0
2023-02-13,1847.3862533756512,1918.9849042743683,1659.9015133371222,1715.2232666015625,12210940.0
2023-02-14,1732.548722779059,1886.3311454349523,1609.0733960527284,1747.2279052734375,14579030.0
2023-02-15,1777.4851786219208,1821.8224737491385,1747.5275632518883,1776.58642578125,7636578.0
2023-02-16,1817.4284854876223,1872.3007967710948,1787.470873089475,1794.0615234375,5578515.0
2023-02-17,1797.4568247205748,1813.284406269796,1700.793542276465,1720.2659912109375,5392513.0
2023-02-20,1647.6687690159647,1682.619318661758,1558.2952206360078,1619.1590576171875,6762330.0
2023-02-21,1623.702708009222,1642.126592191517,1559.0941680794324,1568.8802490234375,5571915.0
2023-02-22,1532.8313856911884,1557.796066239905,1379.2486221963434,1402.865234375,10606476.0
2023-02-23,1378.0503747394755,1435.9684339676562,1348.092757897313,1380.6966552734375,8907540.0
2023-02-24,1408.0079366809846,1424.9839188962874,1259.8175734337135,1313.791259765625,8736727.0
2023-02-27,1298.1632483569858,1311.9437992909886,1129.45200418542,1191.813720703125,10271008.0
2023-02-28,1143.3823165998351,1396.024872145476,1102.1905955869593,1361.923095703125,33948366.0
2023-03-01,1421.9881364796463,1577.767735700731,1409.0065032112225,1562.0899658203125,20114340.0
2023-03-02,1497.7808245365106,1643.6743763306404,1405.9108107926352,1604.9791259765625,26970925.0
2023-03-03,1686.4638245899362,1903.257062851384,1683.1185821346478,1876.844482421875,22888891.0
2023-03-06,1963.921325555936,2131.983593920112,1852.379188160097,1980.0985107421875,27180456.0
2023-03-08,2037.117669579521,2085.0498500402155,1938.257547379338,2036.7681884765625,13568243.0
2023-03-09,2046.903974690087,2065.927108525322,1902.657988730263,1950.3905029296875,12627794.0
2023-03-10,1867.358060265217,1937.2591641254128,1818.0278283043087,1893.52099609375,9419942.0
2023-03-13,1914.2916204631888,1982.195548575602,1854.775849026584,1871.7518310546875,7572604.0
2023-03-14,1871.352324764628,1872.2010994651275,1649.0168707645437,1735.744140625,12679663.0
2023-03-15,1758.412102868589,1888.7775796456883,1725.658396221758,1836.4017333984373,12296703.0
2023-03-16,1858.3705956737133,1872.350815093076,1792.4638469824376,1841.1949462890625,6509495.0
2023-03-17,1898.3140876116863,1916.1388430658208,1842.3932097020315,1873.898681640625,5969594.0
2023-03-20,1834.404670587002,1847.336325956388,1774.8888983596123,1802.39990234375,5168139.0
2023-03-21,1834.3546154610144,1858.3706851649224,1802.399826677953,1821.672607421875,4094018.0
2023-03-22,1831.408779070288,1847.386172998927,1803.598152142818,1812.8350830078125,3248124.0
2023-03-23,1791.46533203125,1831.408817695269,1777.4851120488431,1791.46533203125,4108804.0
2023-03-24,1793.4625718254022,1820.424425633468,1692.8549136341944,1738.1907958984375,6187968.0
2023-03-27,1738.1907096686316,1754.917044071637,1679.6235502003296,1720.6156005859375,5053055.0
2023-03-28,1725.5086625669285,1730.5515765664952,1570.777628354932,1598.5882568359375,8144878.0
2023-03-29,1600.6852803169295,1753.5190978243725,1588.8520465477416,1737.941162109375,9332702.0
2023-03-31,1785.4738024249623,1822.4215265243604,1737.5416198095272,1747.976806640625,4893249.0
2023-04-03,1747.9768131712283,1752.4704553082142,1693.104498502063,1715.0234375,3445796.0
2023-04-05,1715.02329966117,1735.494334417708,1669.1882510660182,1695.600830078125,3690559.0
2023-04-06,1702.5911492640705,1791.115927533529,1685.7649795878635,1751.5718994140625,6012473.0
2023-04-10,1771.4936634148091,1810.138938654628,1758.1125707772017,1794.7108154296875,4197975.0
2023-04-11,1807.4427144878907,1826.415870054338,1790.3169207417654,1800.6024169921875,2883672.0
2023-04-12,1811.436993678314,1856.1237662621645,1794.510991145913,1844.6400146484373,4809035.0
2023-04-13,1852.3791857898736,1882.3368006544,1823.470136204745,1868.10693359375,3402280.0
2023-04-17,1868.106883969691,1902.208659030839,1844.3904394986068,1876.0955810546875,2983032.0
2023-04-18,1889.326890185585,1900.06170206164,1827.4144868074104,1848.3348388671875,2542401.0
2023-04-19,1844.3904154802424,1875.0469913855577,1832.4073700087952,1851.230712890625,2455884.0
2023-04-20,1852.3791446626249,1876.2454016877125,1834.2547636924216,1840.2962646484373,2016823.0
2023-04-21,1843.3918842944047,1850.631641153092,1793.512504765079,1800.45263671875,2090833.0
2023-04-24,1801.4512051357128,1814.8322972252693,1773.291096475323,1799.404052734375,1963582.0
2023-04-25,1803.4484555352296,1911.046224684688,1799.2544381187065,1841.993896484375,5364841.0
2023-04-26,1851.380541692537,1871.3522843213668,1823.8195612443203,1845.2891845703125,2422711.0
2023-04-27,1845.388971123279,1862.3149738038287,1829.960849101108,1850.431884765625,1782360.0
2023-04-28,1865.4107150964687,1941.253357972096,1854.526091127448,1922.230224609375,6159130.0
2023-05-02,1932.2661933995369,1963.2223959811315,1905.304339538148,1917.1375732421875,3813963.0
2023-05-03,1916.2887038562271,1937.2590336013968,1782.8275094556138,1836.4017333984373,5849432.0
2023-05-04,1836.451739441748,1932.2661273325089,1836.451739441748,1908.5496826171875,4842127.0
2023-05-05,1952.0381700396736,1952.237838706491,1900.461120407322,1917.5869140625,6137744.0
2023-05-08,1917.5869593422303,1924.1776101747885,1873.3494996895693,1884.833251953125,2835197.0
2023-05-09,1897.31553466907,1927.2731483743712,1886.4309106432424,1893.4210205078125,2700563.0
2023-05-10,1896.3169821114725,1912.194542044265,1881.2881968695656,1889.4766845703125,1970906.0
2023-05-11,1922.280201322984,2010.9048080073544,1907.301394559428,1981.845947265625,8835941.0
2023-05-12,2006.1616554069376,2007.1602425923072,1943.7999344397645,1961.9241943359373,3816201.0
2023-05-15,1957.1309162366333,1961.9240612625872,1877.3437811578565,1913.3428955078125,4836782.0
2023-05-16,1924.277456644411,1932.266153921606,1878.342447300538,1886.48095703125,3058799.0
2023-05-17,1897.3155777527804,1917.2373425600465,1855.125270826436,1896.8162841796875,3632797.0
2023-05-18,1907.351309648582,1921.281550719246,1874.547626402076,1887.32958984375,2437396.0
2023-05-19,1885.3324749522,1980.198250969392,1869.4549154287013,1953.286376953125,7541150.0
2023-05-22,2007.160217790096,2343.684095101172,1980.5978233670696,2322.813720703125,26311368.0
2023-05-23,2407.4937317223284,2755.5513416336576,2396.609228992268,2629.97900390625,28432888.0
2023-05-24,2705.172691122674,2746.1147658129767,2421.9235328871905,2472.1025390625,23465761.0
2023-05-25,2436.5527183369823,2555.184924038103,2383.2779947845725,2533.864990234375,8434009.0
2023-05-26,2561.375852575473,2596.2764221584484,2531.5679308079334,2540.755126953125,3963515.0
2023-05-29,2566.3688845739607,2579.8498106213333,2519.43529018681,2530.4697265625,2779432.0
2023-05-30,2525.726289732766,2550.541031799253,2471.6526543679806,2492.922607421875,1736953.0
2023-05-31,2478.4933307953324,2569.3647623434285,2424.569624162396,2489.827392578125,4268439.0
2023-06-01,2496.367711880502,2556.3828921400263,2481.7884869761683,2488.628662109375,1704946.0
2023-06-02,2531.4183206564203,2535.312712862235,2421.5737386949977,2441.595458984375,5543791.0
2023-06-05,2459.719658558985,2510.44793122676,2424.5694419326064,2430.510986328125,2956768.0
2023-06-06,2471.503348638625,2503.4081612891823,2422.4726190321985,2430.211669921875,6473608.0
2023-06-07,2449.534219567137,2463.4644612127945,2431.5596513028854,2436.103271484375,2522516.0
2023-06-08,2446.5384121366083,2472.4017206894946,2365.702834584537,2425.7177734375,3781621.0
2023-06-09,2444.491337493329,2455.425817903277,2424.5695728348164,2447.686767578125,1948506.0
2023-06-12,2456.524297484088,2501.4607175600167,2429.1631081116843,2481.289306640625,2804898.0
2023-06-13,2495.46925313324,2501.4607759498863,2438.7494550431825,2459.07080078125,2210990.0
2023-06-14,2466.410453730932,2481.289549445018,2448.885443222971,2453.678466796875,1364403.0
2023-06-15,2465.511561676977,2523.429613753634,2459.420082819609,2482.137939453125,3744029.0
2023-06-16,2495.668990580226,2523.329806253586,2483.885613290276,2506.054443359375,7999982.0
2023-06-19,2500.46221899783,2518.0374503237585,2346.6797981808704,2398.007080078125,11475674.0
2023-06-20,2431.559594302752,2431.559594302752,2386.623174695514,2411.38818359375,2479711.0
2023-06-21,2423.271219025779,2436.552475953018,2389.718839404813,2402.550537109375,7418013.0
2023-06-22,2421.6737866595613,2446.488530974354,2356.665665899729,2393.863037109375,8459191.0
2023-06-23,2388.920252230244,2388.920252230244,2160.243779131184,2230.39453125,15213238.0
2023-06-26,2206.927747647705,2333.149075499668,2169.980020284578,2292.35693359375,7847341.0
2023-06-27,2325.659541181427,2340.5386362942054,2267.7914634298827,2281.222412109375,3361053.0
2023-06-28,2296.750317525109,2415.1828444601097,2290.609104411737,2398.606201171875,28353193.0
2023-06-30,2434.5054252588848,2434.5054252588848,2346.679736640354,2384.676025390625,5125497.0
2023-07-03,2401.602088034316,2414.434030388866,2369.8469680071976,2382.129638671875,2662358.0
2023-07-04,2393.6135700758864,2410.589552842382,2369.6974548787,2384.32666015625,2308684.0
2023-07-05,2387.621866184291,2408.642174367594,2370.6458847015924,2395.76025390625,2198481.0
2023-07-06,2395.760424888217,2424.17042625722,2386.623449368124,2399.505126953125,2476366.0
2023-07-07,2392.81112077122,2407.7474086288607,2365.9358032447963,2377.42529296875,1823645.0
2023-07-10,2390.613116589612,2460.4491329642947,2352.8476156316447,2408.047119140625,3771285.0
2023-07-11,2421.534867603408,2442.715443551498,2385.817540520655,2420.685546875,2247776.0
2023-07-12,2427.6791442423428,2429.777322556615,2378.2743868579046,2385.717529296875,1445282.0
2023-07-13,2394.8093676281974,2403.5013678636224,2353.3972978100337,2359.891357421875,1247741.0
2023-07-14,2372.829374572181,2382.820235096696,2337.8613627363807,2373.928466796875,1353535.0
2023-07-17,2397.7063925665766,2457.2520157021177,2389.114399321603,2406.3486328125,3090373.0
2023-07-18,2412.792752086898,2507.70592452924,2403.001660251454,2414.69091796875,5978272.0
2023-07-19,2426.430091752165,2440.767073273917,2414.6908313710887,2421.53466796875,1637260.0
2023-07-20,2426.7301174934423,2431.6755448716867,2397.8066238764336,2417.53857421875,1564275.0
2023-07-21,2407.797262145271,2455.603624854857,2393.1107467156817,2414.091552734375,2280563.0
2023-07-24,2427.7790098220617,2437.170320770429,2409.845464685268,2415.98974609375,1113193.0
2023-07-25,2425.7809295446937,2476.734318097733,2413.791896943979,2464.3955078125,3017555.0
2023-07-26,2470.1903409195806,2503.709727839156,2443.7645627671886,2468.491943359375,4021773.0
2023-07-27,2468.49181089838,2482.7287868390063,2412.792764674527,2426.180419921875,2243944.0
2023-07-28,2434.772724520027,2479.3818194642395,2428.8782143419826,2460.94873046875,2339800.0
2023-07-31,2474.7360604879423,2515.6985871250054,2464.745200332561,2489.922119140625,3359974.0
2023-08-01,2502.560566964246,2511.702105940358,2453.005805731927,2478.832275390625,1575727.0
2023-08-02,2490.72148120629,2511.702287907185,2448.759867804499,2471.289306640625,2506971.0
2023-08-03,2467.642748696513,2547.669645723298,2459.7500657924547,2530.28564453125,4720470.0
2023-08-04,2542.9736075897554,2555.561944656139,2499.713135635588,2539.476806640625,3294056.0
2023-08-07,2548.6184852470537,2566.652037054622,2514.100013777593,2548.1689453125,4684333.0
2023-08-08,2560.907210211334,2560.907210211334,2459.050440471064,2472.288330078125,6127920.0
2023-08-09,2486.075973672577,2514.599686454589,2469.7408185074382,2504.808837890625,5781400.0
2023-08-10,2507.7059876820126,2575.144296115692,2507.7059876820126,2550.067138671875,8140756.0
2023-08-11,2547.7193614029,2565.8026720663534,2515.8983740074987,2537.178955078125,7157372.0
2023-08-14,2477.733436609324,2482.678863838412,2397.856554644068,2453.75537109375,9786919.0
2023-08-16,2447.760902754133,2462.747193995485,2417.7883202714293,2442.865478515625,7084828.0
2023-08-17,2452.70621436834,2484.92673901717,2439.8181020758025,2477.43359375,7769452.0
2023-08-18,2475.2358291110286,2663.513557117022,2459.050682967548,2575.04443359375,14679923.0
2023-08-21,2585.63469921986,2652.573464616973,2578.141553839586,2637.33740234375,10479200.0
2023-08-22,2666.4107224640043,2718.5129588941954,2651.6742042193555,2695.583984375,10291468.0
2023-08-23,2717.5138663632347,2719.911575148918,2486.575239588364,2527.9873046875,5251316.0
2023-08-24,2577.641985476442,2610.61182482556,2528.7867756442924,2537.22900390625,4558367.0
2023-08-25,2546.6703259799474,2546.6703259799474,2483.7279052122985,2493.468994140625,2808721.0
2023-08-28,2547.669607110782,2579.640362964722,2453.40573408068,2470.1904296875,4457038.0
2023-08-29,2469.8407202417584,2534.3315295953075,2442.765390736536,2504.1591796875,4802150.0
2023-08-30,2514.6995606420965,2540.675797661045,2490.121946511018,2510.80322265625,6484593.0
2023-08-31,2447.7109571777987,2487.6744014270494,2381.57150572879,2417.0390625,6230369.0
2023-09-01,2378.8238514539275,2463.296624571919,2377.8247654180377,2447.810791015625,6764397.0
2023-09-04,2451.757115365878,2477.733352121996,2447.8107743345035,2468.342041015625,5998454.0
2023-09-05,2479.7314726288514,2499.113643623099,2461.747924479246,2491.7705078125,6489319.0
2023-09-06,2491.770549740697,2501.71140690717,2468.741568078122,2494.21826171875,7416248.0
2023-09-07,2495.717052933229,2517.696946914226,2482.72893376264,2507.20654296875,4298988.0
2023-09-08,2511.502341658625,2536.2797223155,2503.80942852982,2516.997314453125,5640973.0
2023-09-11,2562.655758397921,2627.846124181728,2543.673123150529,2612.56005859375,9148241.0
2023-09-12,2620.053034814619,2624.1993880696937,2527.687582795947,2533.38232421875,5658774.0
2023-09-13,2543.373210135841,2564.6037878755733,2493.7186841586467,2516.59765625,1780068.0
2023-09-14,2539.52696643496,2542.673989916386,2503.759637164622,2517.4970703125,1218481.0
2023-09-15,2517.4970235466785,2555.662061054138,2511.9020442197525,2537.728515625,1547001.0
2023-09-18,2549.6676044520823,2552.6648626077863,2488.723355286104,2500.162841796875,861677.0
2023-09-20,2500.11275112008,2531.334189148161,2456.65250938499,2468.042236328125,1203019.0
2023-09-21,2477.533676979558,2501.511742580294,2458.750810142149,2476.984130859375,1279908.0
2023-09-22,2487.67412562616,2495.716816673154,2457.75154884546,2462.64697265625,865589.0
2023-09-25,2477.683361644801,2486.725139037495,2421.784546816749,2479.83154296875,1216898.0
2023-09-26,2488.7234574353806,2496.716146178649,2450.35864903469,2455.70361328125,698863.0
2023-09-27,2457.751763071227,2495.717034208099,2442.8654780082425,2481.030517578125,1077373.0
2023-09-28,2487.674309403568,2508.705119945271,2444.4638369074974,2472.98779296875,2225560.0
2023-09-29,2459.7997408794645,2477.2837459206617,2402.85183874528,2411.693603515625,1689201.0
2023-10-03,2415.790010529571,2422.6836065410107,2369.832053340009,2385.068115234375,2019899.0
2023-10-04,2400.004374104384,2500.46252159797,2390.063517048344,2462.697021484375,2857377.0
2023-10-05,2475.6851989553543,2484.227433363327,2444.163985674525,2464.095947265625,1132455.0
2023-10-06,2464.095944147067,2512.651379179504,2463.7961695525632,2475.835205078125,1510035.0
2023-10-09,2437.769954492253,2457.451900833139,2409.09623372906,2440.36767578125,1408224.0
2023-10-10,2440.767097001604,2515.648543887477,2440.767097001604,2496.0166015625,1771910.0
2023-10-11,2531.5840872892195,2535.6804377304084,2480.23116101881,2486.32568359375,1627836.0
2023-10-12,2497.615269766557,2519.445398845316,2488.373723245562,2504.0595703125,1804818.0
2023-10-13,2486.6250990818075,2492.7196213744064,2420.136119545469,2452.306640625,2278682.0
2023-10-16,2452.3068034192424,2462.447429634423,2419.636737160642,2427.1298828125,803856.0
2023-10-17,2457.7016329809344,2459.7498081278204,2421.2849959373566,2426.180419921875,707543.0
2023-10-18,2437.7700278296056,2439.518428464319,2398.85567391476,2404.15087890625,776977.0
2023-10-19,2397.8066979822265,2412.4932152238657,2380.37269389915,2400.004638671875,1168822.0
2023-10-20,2395.858374700397,2441.716327282305,2379.8729977421726,2391.562255859375,1240350.0
2023-10-23,2395.608458117872,2410.145208192474,2299.6962021765503,2306.539794921875,1483549.0
2023-10-25,2317.8796781540764,2345.9040911497405,2233.2571369635884,2254.937255859375,1540819.0
2023-10-26,2246.9444679796466,2246.9444679796466,2165.069417096211,2201.186279296875,2226073.0
2023-10-27,2219.9693859717963,2272.9209509837247,2209.978524648791,2259.633056640625,1244293.0
2023-10-30,2257.984421209062,2302.8932892816206,2247.943557867092,2296.998779296875,996448.0
2023-10-31,2317.8796636111983,2317.8796636111983,2273.9198768875376,2292.552734375,1155280.0
2023-11-01,2296.8989680866493,2310.136859051046,2204.9830459187624,2215.273681640625,1666579.0
2023-11-02,2244.9463698451013,2295.849755660449,2202.185437826457,2213.275390625,2340997.0
2023-11-03,2213.275261654492,2276.9169909867733,2212.9754870713923,2227.81201171875,1853300.0
2023-11-06,2251.889950929533,2257.934470308326,2230.959146990483,2243.947265625,770061.0
2023-11-07,2254.9371244589684,2257.9343824888206,2224.614766489968,2231.308837890625,641554.0
2023-11-08,2243.2477655265648,2295.899547087505,2232.9571313057327,2257.88427734375,1169180.0
2023-11-09,2266.926154581872,2270.52296178152,2208.0800862145884,2212.625732421875,1267890.0
2023-11-10,2218.220772683842,2234.9554637963083,2196.490651388549,2203.084716796875,1072597.0
2023-11-13,2213.4751157204446,2239.8508895391496,2193.5433980590665,2211.626708984375,853633.0
2023-11-15,2237.952720488483,2247.943580847807,2218.470542787802,2223.365966796875,696475.0
2023-11-16,2223.965515951429,2230.759349779163,2194.092941044504,2203.8837890625,1307584.0
2023-11-17,2203.883754191193,2235.90450991918,2198.9883302596536,2206.78125,916518.0
2023-11-20,2208.979268630875,2216.472414046855,2140.0423308038603,2147.88525390625,1577213.0
2023-11-21,2158.025926820827,2230.5096705074984,2156.377532360394,2194.642333984375,1839502.0
2023-11-22,2203.134604726717,2222.9665612786084,2151.531905489206,2170.664306640625,1247205.0
2023-11-23,2187.9984823493705,2187.9984823493705,2158.625449605377,2173.261962890625,729114.0
2023-11-24,2177.008517084688,2249.8917961218995,2158.9249618952795,2223.416015625,1946259.0
2023-11-28,2298.8971093588816,2510.103812712553,2272.9208708350525,2421.28515625,11972275.0
2023-11-29,2466.443624107604,2475.385395258637,2387.8156026288057,2394.40966796875,4561574.0
2023-11-30,2397.8566037192545,2406.7983753839426,2340.9086969542545,2356.39453125,2983879.0
2023-12-01,2367.8339041865565,2401.153521038203,2351.9485337887563,2360.54052734375,1792983.0
2023-12-04,2547.619583356216,2592.6284615002514,2485.1767013354965,2528.88671875,5681516.0
2023-12-05,2528.886444684555,2997.158006002385,2528.886444684555,2956.645263671875,22879079.0
2023-12-06,3077.1850808526683,3151.666995797715,2842.250090185088,2881.314208984375,19355777.0
2023-12-07,2897.3493387235976,2943.2072875867498,2850.4423007991363,2884.510986328125,6325887.0
2023-12-08,2900.047236667476,2924.325078208224,2757.477695884762,2819.57080078125,6959428.0
2023-12-11,2834.4570782902483,2917.23120976166,2808.48084143606,2853.18994140625,5064123.0
2023-12-12,2866.477816074421,2893.303129534296,2837.95386123558,2855.0380859375,2017772.0
2023-12-13,2857.386069620901,2896.45043128656,2802.4363375128064,2872.42236328125,2805832.0
2023-12-14,2898.298625468944,2930.269379041421,2884.36142386694,2891.405029296875,3224681.0
2023-12-15,2909.388561856299,2997.2581306016045,2891.2550038156646,2989.065673828125,4921484.0
2023-12-18,2991.213628972184,3024.982786227147,2958.3937985981934,2977.8759765625,2315922.0
2023-12-19,2986.068356794547,2991.6133330102784,2912.3357594526933,2938.561767578125,1741493.0
2023-12-20,2943.307620070773,2965.287514042788,2763.6718923705293,2781.305908203125,3417739.0
2023-12-21,2747.4866312352106,2819.370823585303,2722.5094800421634,2797.191162109375,2678577.0
2023-12-22,2813.376110205262,2844.997327750902,2788.8485006684964,2805.783203125,1513956.0
2023-12-26,2814.425384661328,2891.105238503272,2797.540928092443,2862.8310546875,2048484.0
2023-12-27,2878.0671830782617,2892.154394183376,2831.010375695053,2840.75146484375,1698325.0
2023-12-28,2852.39066541551,2864.7294756682795,2797.5409389785445,2807.331787109375,4102912.0
2023-12-29,2821.318794741794,2860.682928612009,2800.2882300460706,2846.345947265625,1507086.0
2024-01-01,2849.693344925532,2944.306750247367,2839.4527123534126,2914.533935546875,2898619.0
2024-01-02,2919.32957287045,2945.505579805364,2838.403599084514,2929.719970703125,2671368.0
2024-01-03,3044.2151567508013,3196.07623447516,2952.898790475649,3000.25537109375,19725411.0
2024-01-04,3036.6221056068857,3041.667539047234,2987.26735128312,2995.559814453125,2975620.0
2024-01-05,3007.1988425147338,3064.096741158748,2978.3753579032605,3003.85205078125,3219949.0
2024-01-08,3017.2398656308,3024.2334679683545,2950.2510973140083,2960.79150390625,1849061.0
2024-01-09,2987.966667227982,3065.995387030744,2977.2764950393603,3011.844970703125,2885706.0
2024-01-10,3021.236270714464,3109.1558447299644,3017.2899295279494,3095.368408203125,3590297.0
2024-01-11,3117.148592092503,3126.140366877385,3062.1988572960004,3078.084228515625,2008103.0
2024-01-12,3093.5200229798743,3122.1437392139965,3065.3956058265467,3101.262939453125,1795933.0
2024-01-15,3124.1419954116263,3127.139253482056,3064.646373930092,3086.67626953125,1407007.0
2024-01-16,3092.17135628604,3101.662673857839,3032.2261926746787,3053.70654296875,2515564.0
2024-01-17,3030.228050044452,3042.217082883401,2943.607336566542,2968.334716796875,2897218.0
2024-01-18,2972.830548894156,2982.2718632959663,2882.463264332556,2916.232177734375,2552342.0
2024-01-19,2942.6581578670907,2946.754264269998,2900.3967697009407,2912.985107421875,2014096.0
2024-01-23,3012.194526263644,3012.194526263644,2882.862882070526,2893.90283203125,1827002.0
2024-01-24,2898.348430708316,2926.4228443397337,2868.625622775337,2900.796142578125,5807940.0
2024-01-25,2900.796417902055,2923.6756353876176,2801.8368933138386,2890.95556640625,2601969.0
2024-01-29,2926.3229557598515,3089.8732886280745,2920.3784427178894,3061.848876953125,4402976.0
2024-01-30,3078.184279290358,3127.039492095734,3018.139107012109,3088.275146484375,3115506.0
2024-01-31,3089.923429240245,3148.8195040211185,3069.591930239236,3139.12841796875,2671051.0
2024-02-01,3154.0147149909103,3233.991603631631,3080.232355114604,3150.617919921875,4686595.0
2024-02-02,3182.0390754394625,3205.5676007690454,3137.1302061445544,3154.564208984375,2708695.0
2024-02-05,3167.1027624753133,3226.448375978044,3148.5696675580875,3170.549560546875,2191195.0
2024-02-06,3180.990065274702,3225.2496273010447,3157.112005584276,3200.822021484375,2078891.0
2024-02-07,3217.1071012336884,3274.9540862700246,3207.06623759417,3226.898193359375,2095911.0
2024-02-08,3242.63372609941,3242.63372609941,3143.224665821195,3165.7041015625,1679004.0
2024-02-09,3181.539578041718,3222.0025637649737,3118.3473842887324,3212.261474609375,1572789.0
2024-02-12,3226.0488761867555,3238.9869918339223,3157.111938293635,3166.85302734375,1083138.0
2024-02-13,3177.09379825425,3191.0810036553694,3089.22422453572,3175.545166015625,1225207.0
2024-02-14,3181.089808384775,3252.2746855353453,3166.9528391211625,3204.2685546875,1741264.0
2024-02-15,3216.907344131979,3249.777177900909,3181.140014441908,3190.881103515625,2035204.0
2024-02-16,3211.062485184264,3249.327528735202,3189.7319009779767,3220.65380859375,2193673.0
2024-02-19,3237.038667460291,3305.576065208696,3232.84255500819,3255.821533203125,1779444.0
2024-02-20,3264.014221950938,3266.8117117572306,3207.2160807604578,3225.6494140625,1467630.0
2024-02-21,3235.040672910714,3296.984008834267,3202.070832822372,3220.254150390625,1657021.0
2024-02-22,3236.0398021675733,3271.0078148492235,3207.565848983944,3260.06787109375,1138722.0
2024-02-23,3260.0677178055485,3316.915615325161,3222.152451764147,3270.308349609375,1975035.0
2024-02-26,3269.0094505953725,3340.943643884757,3260.017676434199,3324.70849609375,1695378.0
2024-02-27,3335.948145605488,3336.9472316029733,3270.0084697714165,3299.28173828125,1125570.0
2024-02-28,3306.1756214921093,3315.766945468709,3204.5686154989176,3216.05810546875,1358879.0
2024-02-29,3217.107089666614,3301.7296294649072,3202.420573489636,3282.397216796875,1352988.0
2024-03-01,3306.8250286816383,3342.9418914783428,3278.8006164624057,3315.716796875,1161067.0
2024-03-04,3331.9519474652548,3346.938238083539,3307.0247995203395,3314.1181640625,1061244.0
2024-03-05,3322.260857316605,3330.952857080377,3292.038504609142,3307.174560546875,1190416.0
2024-03-06,3319.9627982511893,3319.9627982511893,3180.2405227319155,3230.994140625,1935203.0
2024-03-07,3237.038732519322,3259.01862514754,3217.057011948215,3223.60107421875,856328.0
2024-03-11,3238.2376172037293,3256.021397461549,3197.075321226437,3204.418701171875,738851.0
2024-03-12,3204.418790478359,3219.7546152367795,3108.156750478508,3119.646240234375,1199487.0
2024-03-13,3122.14403053816,3135.182152793188,2847.545121197267,2903.5439453125,3407040.0
2024-03-14,2924.7744059556544,3098.365607004665,2877.367821704473,3084.628173828125,3759100.0
2024-03-15,3108.1565835308666,3140.526872754744,3058.4520544306865,3129.337158203125,2199094.0
2024-03-18,3047.312448646512,3121.14480993161,2973.33007810391,3108.906005859375,3042515.0
2024-03-19,3123.142967782986,3161.9075550021785,3039.069974902465,3049.909912109375,1460452.0
2024-03-20,3072.189658492749,3080.38211546523,3018.339017005192,3048.6611328125,966481.0
2024-03-21,3086.7262470589635,3104.260255409302,3056.8036696870818,3063.697265625,1175751.0
2024-03-22,3063.747326407696,3126.090197363551,3045.264234778324,3104.859619140625,951557.0
2024-03-26,3097.6663514637485,3169.0510021842274,3086.2768678642624,3107.107666015625,937103.0
2024-03-27,3112.153217258953,3135.581737639087,3103.4112138396868,3119.246826171875,900231.0
2024-03-28,3131.135793071755,3234.041659914892,3093.91983637363,3194.17822265625,2327053.0
2024-04-01,3227.247798243234,3288.791598174436,3204.918370765163,3249.1279296875,1292646.0
2024-04-02,3255.971602731198,3281.9978444670173,3237.0389698852773,3265.7626953125,868829.0
2024-04-03,3247.0297966409626,3257.170422900394,3219.055386085287,3230.494873046875,1153109.0
2024-04-04,3247.029602164387,3270.0085808873964,3198.7736980625696,3207.865478515625,1403826.0
2024-04-05,3208.1653529300784,3231.0443261948244,3176.0445896695114,3221.852783203125,755607.0
2024-04-08,3237.9879412817327,3240.535659537043,3194.2779258339924,3221.60302734375,577440.0
2024-04-09,3237.7382427671782,3248.028878276686,3182.0891963430468,3195.52685546875,833679.0
2024-04-10,3197.075493522517,3251.625691697746,3189.5823478345737,3239.037109375,1441138.0
2024-04-12,3207.0663147686864,3244.5320427449565,3202.370658979161,3206.96630859375,705173.0
2024-04-15,3147.1212046582536,3177.3935621722767,3100.3639265484017,3144.573486328125,1035378.0
2024-04-16,3098.1658239424123,3146.3217225030044,3097.166737897929,3103.560791015625,1134184.0
2024-04-18,3122.2936382567286,3142.125593704499,3005.55058091108,3016.54052734375,1703646.0
2024-04-19,2997.258272386561,3054.2561826499464,2959.792543981729,3024.18359375,1727317.0
2024-04-22,3050.2098982887564,3074.6875080195373,3022.2354871678635,3060.550537109375,993929.0
2024-04-23,3056.20430549637,3088.175059918038,3040.318934460104,3062.298828125,1654272.0
2024-04-24,3069.142256000064,3085.027870097771,3037.221506385855,3040.768310546875,605917.0
2024-04-25,3047.212466959413,3118.047570673538,3022.8846239594777,3112.40283203125,1515529.0
2024-04-26,3117.048370372072,3127.039230553293,3063.247734646689,3077.58447265625,662764.0
2024-04-29,3107.1575151567736,3107.657058165641,3048.710983119259,3078.3837890625,648544.0
2024-04-30,3091.172334895374,3105.6090799836384,3042.217116921918,3051.908203125,804552.0
2024-05-02,3069.142308493115,3116.998676108132,3012.294410445261,3036.822021484375,2219085.0
2024-05-03,3027.230570541531,3042.216860494707,2972.380846879899,2990.51416015625,1472168.0
2024-05-06,2990.5144118475364,2997.4580113267407,2847.3953307493457,2872.022705078125,2377944.0
2024-05-07,2887.308803273881,2902.6948754437512,2819.420952094649,2833.358154296875,1262311.0
2024-05-08,2847.39514064106,2888.257661057301,2817.42256021326,2857.935546875,951411.0
2024-05-09,2862.181780588749,2881.0144063844864,2753.481168966515,2764.121337890625,1485510.0
2024-05-10,2792.395656693662,2806.432865233852,2757.927186116742,2794.693603515625,2354794.0
2024-05-13,2800.4381733981686,2887.358658979917,2787.9495978835494,2876.96826171875,3784373.0
2024-05-14,2892.3041553331864,3043.216154247716,2871.922897172459,3034.77392578125,5725807.0
2024-05-15,3043.9653883683154,3115.999589324613,3034.823848681329,3046.962646484375,1688836.0
2024-05-16,3062.1986290110653,3074.137658079668,2972.23088478142,3038.869873046875,1835312.0
2024-05-17,3038.270705812547,3088.1750056318665,3012.744008244223,3057.702880859375,825436.0
2024-05-21,3065.0958711250555,3172.0980803146304,3031.7264959731483,3114.650634765625,3091659.0
2024-05-22,3127.0893989228985,3142.12569307389,3070.691039002417,3138.079345703125,3371077.0
2024-05-23,3153.814769333434,3402.886961227315,3132.6841977195827,3384.2041015625,6979082.0
2024-05-24,3402.8870108415185,3454.689718952299,3352.533172605104,3381.856201171875,3473668.0
2024-05-27,3354.9308780785914,3354.9308780785914,3264.0640527223486,3286.0439453125,2582485.0
2024-05-28,3306.624855658298,3326.456810165305,3226.098671058395,3241.0849609375,1621168.0
2024-05-29,3247.029527545045,3319.8627999959085,3209.06425922298,3255.821533203125,1910729.0
2024-05-30,3251.0262056882,3271.307702528084,3171.598859851625,3191.330810546875,1990208.0
2024-05-31,3222.302172617833,3431.3109183500023,3222.302172617833,3408.232177734375,6384589.0
2024-06-03,3721.5955702465967,3740.4781991970913,3582.772611114454,3641.91845703125,8511359.0
2024-06-04,3516.782803867404,3516.782803867404,2731.451186055505,2938.561767578125,20306909.0
2024-06-05,3027.230834842029,3147.1211649347824,2747.48673129227,3112.5029296875,8778345.0
2024-06-06,3181.0901308985867,3219.4549394328747,3134.28284971582,3182.738525390625,5873271.0
2024-06-07,3167.502438400053,3230.794639693244,3148.719815064404,3216.607666015625,4740455.0
2024-06-10,3264.0140190742204,3281.3980182112027,3202.5702289998203,3217.156982421875,4935698.0
2024-06-11,3221.053394814707,3262.0159224782938,3192.129902723551,3218.305908203125,4173692.0
2024-06-12,3221.9526616228463,3242.0343897705534,3205.068204124479,3216.108154296875,3022477.0
2024-06-13,3227.047981944738,3251.026047445256,3204.318774022372,3221.852783203125,3202978.0
2024-06-14,3223.351789743332,3273.3262360959416,3219.453880534169,3260.0830078125,4224855.0
2024-06-18,3308.308352397385,3343.2904648849712,3285.519956030874,3307.35888671875,1755612.0
2024-06-19,3312.306382085666,3312.306382085666,3224.6512499265823,3260.23291015625,1419264.0
2024-06-20,3262.231856671436,3313.3058391589298,3238.344168589724,3257.7841796875,1366545.0
2024-06-21,3263.381454191351,3275.425344875942,3174.7766121147984,3187.670166015625,4697655.0
2024-06-24,3184.121954394325,3213.1571574861746,3133.397889673141,3192.967529296875,3261647.0
2024-06-25,3203.112197591992,3206.810257886594,3154.737030243672,3169.4794921875,1694962.0
2024-06-26,3167.430428532899,3186.0707993893343,3162.282914156456,3168.879638671875,2142889.0
2024-06-27,3175.376495973139,3200.613592769904,3148.3902934577864,3173.52734375,5114980.0
2024-06-28,3188.369653269048,3210.308386249344,3155.3865189248854,3175.526123046875,960905.0
2024-07-01,3178.3247216392365,3191.517926494093,3155.936267583471,3182.1728515625,832170.0
2024-07-02,3178.225150943393,3206.1608193095108,3129.450039604928,3151.588623046875,1490844.0
2024-07-03,3156.386222601748,3192.9175938989342,3146.141460479624,3189.3193359375,1152522.0
2024-07-04,3190.3686627872307,3192.8173618611995,3136.4462838468635,3142.64306640625,1055391.0
2024-07-05,3142.293303849145,3156.935963802772,3122.353547518873,3146.291259765625,663988.0
2024-07-08,3146.2910636972474,3156.5858483438133,3073.428419266346,3112.0087890625,1155112.0
2024-07-09,3114.3574498280886,3156.3860076950896,3098.915394825404,3109.16015625,922403.0
2024-07-10,3118.505505407927,3125.6517536449187,3061.834287913155,3094.417724609375,586710.0
2024-07-11,3117.106061604415,3128.2004862782915,3072.529001958781,3076.726806640625,899781.0
2024-07-12,3088.4208028889266,3097.216354302266,3056.787075766648,3063.88330078125,756036.0
2024-07-15,3064.533170343409,3101.9139595053925,3056.7871309729667,3088.820556640625,724171.0
2024-07-16,3108.4105309385204,3136.146348376959,3094.517732602724,3107.7109375,988357.0
2024-07-18,3104.412624980745,3109.410069644269,3055.5874930117807,3090.61962890625,1021653.0
2024-07-19,3090.419761541934,3092.918483858834,2998.466780280013,3004.163818359375,1026941.0
2024-07-22,3004.163781075115,3025.3528972562817,2970.630879195319,2999.31640625,662085.0
2024-07-23,3018.4566410469874,3036.4474422187905,2884.875039952692,2993.8193359375,1443331.0
2024-07-24,2993.8194347037643,3005.963128289009,2957.7878079206016,2969.181884765625,693702.0
2024-07-25,2959.186961059994,3016.1078094134755,2943.5950794511828,2971.98046875,1105721.0
2024-07-26,2993.469474060624,3107.411216979792,2986.5730977534395,3078.92578125,1942427.0
2024-07-29,3092.7186616615145,3118.755397232277,3072.428987469395,3087.771240234375,1037474.0
2024-07-30,3090.419903303536,3153.387708577832,3065.082760241581,3127.151123046875,1647048.0
2024-07-31,3139.3948840312737,3195.866011362623,3133.3979501553786,3167.7802734375,2414005.0
2024-08-01,3178.37475079406,3256.334886190895,3150.0891656866534,3215.605712890625,6149883.0
2024-08-02,3198.364538134799,3213.3568719073064,3109.4100244179253,3159.284423828125,3360209.0
2024-08-05,3083.42334750054,3131.4488393660768,2994.76872825726,3036.647216796875,2238921.0
2024-08-06,3082.4239125762497,3141.19391146356,3055.687583243755,3071.129638671875,2125201.0
2024-08-07,3116.4065518687053,3188.369756401915,3110.4096181576047,3184.32177734375,1868169.0
2024-08-08,3188.9193973221827,3240.992623233384,3154.9367743105868,3165.93115234375,2139376.0
2024-08-09,3207.360132366181,3217.6549176490585,3169.4295744310257,3185.921142578125,760165.0
2024-08-12,3098.415849391707,3168.230252507734,3012.459796795679,3150.139404296875,10307245.0
2024-08-13,3168.42993992365,3176.475874635094,3080.175018362657,3090.61962890625,2192588.0
2024-08-14,3084.122935412533,3084.122935412533,3026.202600855267,3038.54638671875,1232383.0
2024-08-16,3068.430963011769,3120.0046885306188,3037.796725433642,3107.211181640625,970067.0
2024-08-19,3120.4546348193544,3132.6983748871617,3091.3694077458085,3100.964599609375,557265.0
2024-08-20,3117.3559302312588,3124.4023759475544,3057.286792317529,3069.08056640625,662263.0
2024-08-21,3069.0806401117743,3151.6885480611586,3066.83178997911,3114.107666015625,1379240.0
2024-08-22,3129.150059805216,3148.3902222746715,3089.4203736669874,3097.46630859375,1378912.0
2024-08-23,3099.415136265915,3121.4038924728966,3066.0323039943823,3074.77783203125,1375224.0
2024-08-26,3086.421931003584,3088.420908938172,3053.438795082885,3067.431640625,1632446.0
2024-08-27,3070.629962176827,3094.1679762031554,3062.434201433083,3065.53271484375,1310440.0
2024-08-28,3076.427085805916,3076.427085805916,3020.5557493328106,3026.45263671875,1569652.0
2024-08-29,3028.451509045608,3040.3953531576494,2979.776446135736,3018.6064453125,1853966.0
2024-08-30,3028.4515888647265,3036.997268388953,3001.765282082853,3017.80712890625,3509174.0
2024-09-02,3019.556167636741,3057.5865270116747,2996.068177286963,3040.59521484375,1842658.0
2024-09-03,3035.4480264583103,3051.489873359822,3022.2548207507,3034.548583984375,1371577.0
2024-09-04,3008.461650305797,3023.453984111308,2953.6896086664947,3010.810546875,1212270.0
2024-09-05,3023.454052725337,3036.3473624843364,3000.4658070351943,3013.80908203125,734273.0
2024-09-06,3017.457237338464,3023.4541712318164,2966.4832992449687,2973.929443359375,1251165.0
2024-09-09,2970.5811419597703,2970.980839924824,2925.8039891604244,2962.635009765625,1523581.0
2024-09-10,2970.081537669836,3005.86304778568,2946.093802254059,2984.873779296875,803782.0
2024-09-11,2983.474437970076,2991.420326112253,2926.5035693053205,2936.3486328125,888628.0
2024-09-12,2948.492388787456,2998.4668360550404,2915.659079326312,2989.471435546875,1314173.0
2024-09-13,2970.481044732835,3000.41568882662,2954.539245398895,2966.8330078125,815948.0
2024-09-16,2970.481201686549,3024.853303734225,2970.481201686549,2983.37451171875,695162.0
2024-09-17,2988.521951714108,2994.3688155994164,2950.9910932407624,2973.679443359375,698700.0
2024-09-18,2974.479190651916,2983.2247191862584,2933.5001426624235,2954.789306640625,831891.0
2024-09-19,2973.5295952863225,2973.7294442695074,2888.8729315679816,2941.645751953125,1655401.0
2024-09-20,2946.643148685742,3023.45396944984,2940.546412710575,3006.96240234375,1787210.0
2024-09-23,3018.4565759805146,3068.4310226027087,3013.709003551406,3042.394287109375,897314.0
2024-09-24,3053.4388240658163,3099.4153169977403,3038.696361658297,3092.31884765625,1021918.0
2024-09-25,3106.4116038932293,3122.3033803222493,3078.625762751503,3103.51318359375,913008.0
2024-09-26,3083.423295128039,3146.391096616878,3083.423295128039,3121.053955078125,1548019.0
2024-09-27,3120.404388525741,3177.375256605808,3114.4074550436294,3128.7001953125,2297441.0
2024-09-30,3127.400961598799,3208.259521005348,3118.8052589206272,3134.24755859375,1607429.0
2024-10-01,3134.697324023464,3190.368811179788,3105.4122482254384,3184.471923828125,1367116.0
2024-10-03,3148.390093939295,3194.716502927885,3082.523871802588,3114.407470703125,1309703.0
2024-10-04,3118.3055758133623,3147.890547272468,3068.4311732422525,3109.060302734375,987583.0
2024-10-07,3109.060320738888,3126.901296768542,2978.9269033955807,3016.457763671875,1743454.0
2024-10-08,3016.9574350503817,3168.3800129566707,2993.3196186799355,3159.084716796875,1776511.0
2024-10-09,3173.377323158195,3178.3247445123893,3132.797975372257,3152.13818359375,897335.0
2024-10-10,3138.395406445845,3209.359124234907,3054.5383783831444,3172.577880859375,2905725.0
2024-10-11,3172.577770773231,3188.369744958957,3114.407562787496,3135.5966796875,1035260.0
2024-10-14,3143.392849579432,3148.4903409959065,3091.2695967547547,3099.515380859375,437728.0
2024-10-15,3122.4034667072847,3126.4014224905204,3089.9200759684923,3103.11328125,371613.0
2024-10-16,3096.416667418258,3113.807676982053,3059.435577458776,3084.32275390625,543476.0
2024-10-17,3088.370723296873,3098.415635693177,2991.4703218160257,3012.209716796875,2655289.0
2024-10-18,2988.47195294283,3030.150593249263,2966.5832425995245,3000.4658203125,796339.0
2024-10-21,3003.614187265587,3013.409227996532,2915.459308718809,2936.148681640625,1051690.0
2024-10-22,2936.4985223864014,2953.4898344628377,2816.5598489056774,2822.35693359375,1209732.0
2024-10-23,2839.398170109013,2877.5285744531384,2818.6587752080395,2834.100830078125,1270530.0
2024-10-24,2839.598215147634,2873.6806429527005,2806.4650090544355,2828.753662109375,942066.0
2024-10-25,2843.5460867840648,2845.54506470096,2653.343289188272,2692.073486328125,1954174.0
2024-10-28,2699.719772114579,2820.9575897551144,2670.7345917951766,2797.2197265625,1385033.0
2024-10-29,2801.567493918768,2861.5868534639376,2731.453442506772,2847.144287109375,1529844.0
2024-10-30,2862.536239625997,2995.6180904505945,2813.611306260978,2967.782470703125,2884272.0
2024-10-31,2966.383246316286,2974.978949151155,2932.350841757905,2945.743896484375,1156390.0
2024-11-01,2958.4873098194607,2974.0794351397176,2926.903361202883,2947.99267578125,304673.0
2024-11-04,2933.500071622675,2941.495983231868,2856.289550146405,2895.919189453125,1059384.0
2024-11-05,2895.919187731663,2922.5056914227685,2868.5332880927995,2914.06005859375,752303.0
2024-11-06,2916.5086615523696,3068.430977027339,2916.5086615523696,3044.693115234375,1676755.0
2024-11-07,3043.443901334344,3043.443901334344,2941.546050058358,2968.582275390625,1285585.0
2024-11-08,2963.584874795839,2993.469497717626,2909.7622955694287,2927.603271484375,835641.0
2024-11-11,2926.5036693614497,2945.2941105771883,2886.52411103684,2902.166015625,584144.0
2024-11-12,2908.512759962979,2928.9522595932262,2853.540869310758,2868.533203125,597231.0
2024-11-13,2858.53841871379,2887.523598483965,2806.5649929189944,2815.260498046875,890146.0
2024-11-14,2822.5568508312726,2843.34627020714,2799.568604524927,2825.35546875,646797.0
2024-11-18,2825.355479778033,2857.189057182209,2791.872599157665,2817.259521484375,489692.0
2024-11-19,2829.553250605008,2893.3206951653683,2808.3641334198983,2820.05810546875,536296.0
2024-11-21,2538.0523482360777,2538.0523482360777,2153.948698150292,2182.533935546875,21796668.0
2024-11-22,2099.9262344661693,2288.52974608364,2023.9650760561603,2226.861328125,20939196.0
2024-11-25,2313.8168031474947,2332.4571735233167,2236.85615785922,2256.34619140625,7466733.0
2024-11-26,2264.442148873485,2291.678221391595,2134.9082898599163,2149.40087890625,7723187.0
2024-11-27,2178.885960020523,2416.7643354723045,2141.0552048055647,2396.57470703125,17502156.0
2024-11-28,2438.753156817996,2525.0091062086253,2398.7735968701595,2435.854736328125,14445549.0
2024-11-29,2462.7907997471148,2518.7121577803764,2398.7734836003583,2461.89111328125,8191680.0
2024-12-02,2490.076954222208,2506.718348041256,2425.3600431234554,2455.79443359375,3807565.0
2024-12-03,2462.740743179148,2556.6927033491315,2460.79178855326,2512.9150390625,4070042.0
2024-12-04,2526.7081057721216,2528.75710695537,2468.8377922533846,2493.47509765625,2344949.0
2024-12-05,2503.719905849242,2536.8528680747927,2468.987663642351,2521.260986328125,3333144.0
2024-12-06,2518.7120432128145,2533.704376803367,2501.22098735717,2505.118896484375,1240437.0
2024-12-09,2506.618354214361,2524.709202639303,2481.881001575674,2494.57470703125,958369.0
2024-12-10,2499.721985946279,2499.721985946279,2453.745492002445,2465.939208984375,1119816.0
2024-12-11,2467.7381353965307,2478.732513480517,2449.7473348954622,2455.994140625,712674.0
2024-12-12,2455.744286567518,2533.5045736673724,2444.999780633208,2502.8203125,2579624.0
2024-12-13,2502.7202876117626,2543.699333854607,2477.7830875427635,2526.25830078125,1940935.0
2024-12-16,2528.70707010832,2536.2032373121983,2501.7208681743577,2511.115966796875,654321.0
2024-12-17,2510.71629066434,2523.709647264116,2479.482260376418,2486.328857421875,1061891.0
2024-12-18,2487.727991328805,2495.3242049392047,2450.74690025642,2456.14404296875,990217.0
2024-12-19,2427.758740614459,2432.756185531327,2395.8751396511875,2418.11376953125,1181898.0
2024-12-20,2427.758556322466,2452.595953280231,2331.8076212022697,2343.75146484375,1337016.0
2024-12-23,2372.73675203968,2378.2839645340314,2331.557855964178,2337.754638671875,758920.0
2024-12-24,2353.9963641628465,2411.666828703824,2338.804180681252,2371.237548828125,1156186.0
2024-12-26,2376.834830824577,2408.7684551088428,2366.7899177169047,2399.0234375,895785.0
2024-12-27,2413.765729542288,2444.8997116358414,2389.278251126641,2408.71826171875,1982291.0
2024-12-30,2423.760809910017,2608.6662737588226,2420.712319675823,2591.025390625,7825097.0
2024-12-31,2573.684077008115,2576.432671653464,2506.168548825565,2527.357666015625,2745674.0
2025-01-01,2534.703969338343,2642.8486245897493,2516.963040530868,2553.54443359375,2875721.0
2025-01-02,2564.3886690652043,2600.6701656052965,2535.703385911083,2596.372314453125,1167236.0
2025-01-03,2578.681583557378,2617.661654006501,2555.2936388942503,2563.28955078125,932795.0
2025-01-06,2556.3427318547533,2567.5372029417563,2462.240947892559,2473.185302734375,1121398.0
2025-01-07,2473.385272926482,2523.709639987629,2473.385272926482,2519.261962890625,1019130.0
2025-01-08,2519.2619398857323,2528.7070617281456,2488.7275034399536,2513.964599609375,879641.0
2025-01-09,2515.713660052271,2516.2634277720203,2468.2379354386503,2476.633544921875,705838.0
2025-01-10,2478.732656750647,2483.330403639675,2367.0397638506934,2373.1865234375,1418808.0
2025-01-13,2363.79131980004,2363.79131980004,2215.7669116387788,2224.0126953125,1559903.0
2025-01-14,2240.3545071944845,2421.6617072036124,2240.3545071944845,2379.33349609375,4120705.0
2025-01-15,2397.77399609604,2420.712218743641,2371.4373646017725,2386.929443359375,1421437.0
2025-01-16,2498.722406031732,2568.6866334006204,2417.613974338285,2426.609375,2841803.0
2025-01-17,2448.748029036029,2448.748029036029,2378.833822887745,2398.57373046875,1122205.0
2025-01-20,2412.516553799436,2452.745985716754,2388.7786902457387,2441.5517578125,1039435.0
2025-01-21,2440.502134118526,2440.502134118526,2372.4368392833635,2383.08154296875,1206512.0
2025-01-22,2397.773926741275,2397.773926741275,2323.9615721570926,2375.33544921875,1147334.0
2025-01-23,2381.7822720125787,2403.920855616924,2353.796580188679,2383.78125,826721.0
2025-01-24,2386.529767628248,2404.7704411741443,2298.224820280534,2313.9169921875,1388583.0
2025-01-27,2308.869533023273,2316.9154679968624,2248.9001951071214,2258.545166015625,1032995.0
2025-01-28,2273.037793895319,2314.6666564021,2240.854297480441,2284.8818359375,966497.0
2025-01-29,2295.8262232881043,2325.061276414433,2281.433679355336,2317.415283203125,785220.0
2025-01-30,2323.8118791760826,2350.2983371537885,2200.175141117285,2251.448974609375,2601625.0
2025-01-31,2237.705924273332,2313.766886651525,2212.618654123344,2286.630859375,2013345.0
2025-02-01,2295.8260445346914,2350.2481673139832,2236.406477165642,2268.83984375,987362.0
2025-02-03,2265.591489856267,2277.8352290205944,2212.7684032838297,2260.694091796875,824942.0
2025-02-04,2277.7351834561136,2310.818364042472,2266.391130716884,2300.32373046875,691187.0
2025-02-05,2313.7668946038034,2348.1992401073644,2307.870007408703,2323.412109375,560940.0
2025-02-06,2338.8040345045474,2338.8040345045474,2297.02534952946,2311.26806640625,680544.0
2025-02-07,2311.2681056636857,2373.6861399526715,2306.17085857808,2337.604736328125,892884.0
2025-02-10,2348.799093094544,2349.748558818367,2278.934911293524,2289.62939453125,739708.0
2025-02-11,2310.818459271024,2395.775020273635,2304.8215255531927,2320.5634765625,4895456.0
2025-02-12,2323.811901493932,2377.234539200372,2279.834385938778,2352.247314453125,1933098.0
2025-02-13,2352.7969223510545,2371.53733963826,2232.2584607534072,2243.552734375,2551665.0
2025-02-14,2244.552300896633,2248.1505587465167,2123.464311418267,2151.5498046875,2549876.0
2025-02-17,2151.549739547237,2239.254892828182,2109.5712046435365,2222.5634765625,1400160.0
2025-02-18,2238.85516599374,2238.85516599374,2164.943009651714,2219.165283203125,1138085.0
2025-02-19,2164.8930616395733,2218.265673863126,2125.912992662684,2179.685546875,1203163.0
2025-02-20,2179.6856035659653,2215.2174853991346,2155.697868187064,2177.886474609375,1086670.0
2025-02-21,2189.330555523534,2198.476025966737,2115.768314077384,2132.010009765625,1540308.0
2025-02-24,2127.86184326916,2137.4070110602293,2095.628326268135,2114.06884765625,1032294.0
2025-02-25,2114.069035413349,2157.1971316561194,2100.925852827176,2128.76171875,802131.0
2025-02-27,2142.6543792360585,2148.001742581833,2101.425461151633,2109.87109375,941950.0
2025-02-28,2105.923334136264,2110.2712089156034,2070.9412189512764,2094.928955078125,2373922.0
2025-03-03,2107.92210863871,2126.1627812241327,2025.5142969121205,2116.01806640625,1592611.0
2025-03-04,2084.0344184525075,2152.8991065669024,2078.936927418364,2143.703857421875,852978.0
2025-03-05,2152.849210165355,2257.24578389254,2146.952322870511,2244.702392578125,1370106.0
2025-03-06,2258.8449787021086,2267.7403325605683,2225.012180861668,2251.69873046875,890270.0
2025-03-07,2248.8000173782216,2266.4909222279825,2225.861795766998,2246.351318359375,818806.0
2025-03-10,2243.852794370884,2286.830821167297,2218.8655694892486,2227.161376953125,940113.0
2025-03-11,2222.013784004876,2266.6911357333274,2207.171519357141,2249.449951171875,947079.0
2025-03-12,2268.839835455016,2278.8347245979894,2179.835298833666,2240.654296875,1049076.0
2025-03-13,2247.850733037388,2271.838468738988,2214.467898459008,2219.965087890625,750310.0
2025-03-17,2198.8758064731137,2285.731303222454,2196.8768284672287,2251.548828125,927737.0
2025-03-18,2251.548828125,2251.548828125,2251.548828125,2251.548828125,0.0
2025-03-19,2318.764228125059,2340.8030072052893,2309.8688745084564,2317.46484375,1030345.0
2025-03-20,2346.79999703604,2346.79999703604,2297.825039687332,2338.1044921875,2587050.0
2025-03-21,2342.6022393318417,2388.328858589751,2336.805154644608,2361.592529296875,1101418.0
2025-03-24,2368.7888864324,2393.7761109728262,2359.893532102354,2367.489501953125,1010184.0
2025-03-25,2383.7811703177367,2386.4297184561906,2313.9169895990453,2319.164306640625,763065.0
2025-03-26,2323.711731600798,2358.644065155255,2306.8704894249345,2311.418212890625,1078870.0
2025-03-27,2308.8195002996813,2372.686747312017,2290.4290010205214,2362.142333984375,1696042.0
2025-03-28,2374.7856383579306,2385.72999306487,2292.527652670562,2314.616455078125,1838836.0
2025-04-01,2310.818521839204,2357.744480648639,2299.824143058827,2334.056640625,501942.0
2025-04-02,2338.554215779353,2377.63433041186,2313.3671436347126,2368.18896484375,573928.0
2025-04-03,2338.5543734164607,2428.658208607846,2338.5043501635937,2409.568115234375,1023200.0
2025-04-04,2393.726019793796,2408.818400594282,2314.3166712608936,2333.456787109375,1219733.0
2025-04-07,2148.95120835807,2237.855699283003,2143.903740492203,2211.569091796875,1567177.0
2025-04-08,2268.8398112970344,2299.823967310342,2223.862810632556,2284.53173828125,1224337.0
2025-04-09,2264.542167804764,2278.385187995751,2214.067973543078,2235.7568359375,1001633.0
2025-04-11,2301.8731466537806,2342.302427134842,2279.83436581804,2320.213623046875,981463.0
2025-04-15,2373.786237826412,2438.753019072187,2357.794414750528,2416.964111328125,1145125.0
2025-04-16,2398.7735966715377,2426.7592886327056,2381.682237188905,2414.36572265625,889949.0
2025-04-17,2416.7642113140464,2447.3486699072387,2390.777499364433,2416.8642578125,1054797.0
2025-04-21,2424.8602896505804,2463.6402665047126,2394.275829537928,2441.45166015625,782559.0
2025-04-22,2457.64329855697,2482.1307780014376,2439.7525438344983,2444.250244140625,766567.0
2025-04-23,2458.742823095766,2472.5358194431333,2419.96260293645,2452.34619140625,672262.0
2025-04-24,2448.747875951574,2460.141952135375,2423.860699226814,2441.251708984375,596626.0
2025-04-25,2448.8480156705828,2458.2431143541057,2322.3126148411325,2353.096923828125,1414809.0
2025-04-28,2344.80098233169,2400.772361279079,2336.405373095921,2368.5888671875,681421.0
2025-04-29,2390.7774566007743,2398.773367826864,2324.4114910305693,2329.408935546875,670730.0
2025-04-30,2330.20849512927,2338.8041979074114,2283.832304366853,2300.1240234375,837464.0
2025-05-02,2348.6988902045764,2371.18739066236,2288.829602147749,2297.925048828125,1695797.0
2025-05-05,2311.418243811928,2495.7239086203167,2296.6257585459684,2454.2451171875,4227194.0
2025-05-06,2452.745765186916,2461.941014280943,2342.302241530373,2352.796875,1524692.0
2025-05-07,2313.816835711036,2378.283870658492,2313.816835711036,2351.8974609375,1012640.0
2025-05-08,2360.792831519469,2366.589916064728,2258.8449615723966,2284.132080078125,1380069.0
2025-05-09,2238.855231008441,2271.938412608702,2231.8588084115395,2249.849609375,1006000.0
2025-05-12,2348.7989817625858,2432.056458302277,2313.8168692682493,2424.060546875,2147039.0
2025-05-13,2423.760720280864,2453.645342483344,2403.7709411445267,2439.952392578125,1815174.0
2025-05-14,2443.6505328812145,2480.631625493608,2428.858291048951,2460.641845703125,774441.0
2025-05-15,2462.1409859323785,2525.508731877638,2449.4475250493674,2518.712158203125,1554800.0
2025-05-16,2527.707622538527,2582.879365259327,2514.914114831245,2553.6943359375,1641135.0
2025-05-19,2569.986020183196,2577.482187408082,2534.7040109748923,2539.3017578125,680957.0
2025-05-20,2543.699253915024,2563.4891829647613,2491.226086594576,2500.321533203125,628023.0
2025-05-21,2508.4173663407737,2523.209851588193,2482.4306536684453,2499.1220703125,529234.0
2025-05-22,2499.122121015119,2520.611133853209,2464.0402046052413,2486.328857421875,906909.0
2025-05-23,2497.722857810193,2546.797862306684,2489.227201831247,2538.701904296875,968415.0
2025-05-26,2547.797380158323,2567.587066156468,2540.0013175448244,2546.39794921875,552912.0
2025-05-27,2544.598700431426,2567.7870381927005,2524.809015365557,2539.001708984375,514936.0
2025-05-28,2557.692111491209,2557.692111491209,2508.7171550773483,2513.714599609375,575989.0
2025-05-29,2535.40346271688,2557.6921141561106,2509.716646598669,2539.50146484375,802317.0
2025-05-30,2548.6967749873806,2562.689620026528,2512.515324475044,2518.612060546875,684592.0
2025-06-02,2525.708455506225,2562.689544882454,2513.6145421849583,2517.5126953125,1008716.0
2025-06-03,2509.716812475212,2511.216045935472,2450.74696303832,2469.63720703125,962656.0
2025-06-04,2478.732587057114,2501.720832824176,2439.8525646487296,2488.127685546875,552667.0
2025-06-05,2493.7250183319943,2528.80717932249,2486.2288509422187,2503.1201171875,673209.0
2025-06-06,2513.6146000988706,2551.995121231781,2502.720268421745,2532.90478515625,640680.0
2025-06-09,2543.699379895506,2602.769274496672,2523.2098564032235,2580.780517578125,1711167.0
2025-06-10,2598.6712457085496,2661.838897954909,2576.382593528725,2611.7646484375,2084054.0
2025-06-11,2628.6559695136343,2629.555411972903,2561.790255576076,2579.880859375,745432.0
2025-06-12,2590.175521247491,2600.470305867311,2528.7069530218605,2542.39990234375,955097.0
2025-06-13,2498.0,2516.0,2460.0,2507.89990234375,695869.0
2025-06-16,2500.0,2563.300048828125,2462.0,2544.0,956459.0
2025-06-17,2535.0,2539.60009765625,2479.0,2488.5,703343.0
2025-06-18,2491.89990234375,2495.89990234375,2445.39990234375,2459.10009765625,667044.0
2025-06-19,2466.300048828125,2468.89990234375,2405.10009765625,2420.60009765625,688209.0
2025-06-20,2428.0,2461.300048828125,2415.0,2448.39990234375,3002549.0
2025-06-23,2438.0,2492.60009765625,2421.0,2472.0,790533.0
2025-06-24,2504.0,2544.60009765625,2500.199951171875,2505.60009765625,996372.0
2025-06-25,2519.89990234375,2541.60009765625,2512.10009765625,2527.199951171875,921346.0
2025-06-26,2535.0,2593.60009765625,2522.199951171875,2586.199951171875,1339627.0
2025-06-27,2587.699951171875,2681.60009765625,2582.0,2646.300048828125,4049316.0
2025-06-30,2650.0,2653.89990234375,2605.89990234375,2619.39990234375,694814.0
2025-07-01,2624.89990234375,2645.0,2603.0,2621.800048828125,729197.0
2025-07-02,2634.0,2646.0,2613.60009765625,2630.199951171875,621409.0
2025-07-03,2634.0,2644.0,2605.10009765625,2611.199951171875,502724.0
2025-07-04,2617.0,2617.0,2582.199951171875,2599.10009765625,370305.0
2025-07-07,2602.0,2605.39990234375,2572.0,2576.10009765625,412159.0
2025-07-08,2586.0,2600.0,2573.0,2591.300048828125,357686.0
2025-07-09,2599.0,2609.89990234375,2570.0,2583.0,396880.0
2025-07-10,2591.0,2604.0,2575.0,2581.0,306565.0
2025-07-11,2575.0,2591.89990234375,2551.89990234375,2558.699951171875,390645.0
2025-07-14,2555.0,2604.800048828125,2543.5,2581.300048828125,536585.0
2025-07-15,2588.0,2606.89990234375,2576.0,2598.199951171875,379425.0
2025-07-16,2602.5,2619.5,2595.5,2608.5,686644.0
2025-07-17,2612.0,2654.5,2605.300048828125,2616.60009765625,785771.0
2025-07-18,2612.0,2626.699951171875,2584.199951171875,2596.10009765625,479942.0
2025-07-21,2596.300048828125,2624.89990234375,2585.0,2619.5,369782.0
2025-07-22,2626.0,2630.0,2581.60009765625,2587.800048828125,387055.0
2025-07-23,2600.699951171875,2625.89990234375,2593.5,2614.5,316424.0
2025-07-24,2615.39990234375,2624.199951171875,2595.0,2608.39990234375,253782.0
2025-07-25,2605.0,2617.0,2544.10009765625,2550.10009765625,424612.0
2025-07-28,2549.0,2585.0,2512.60009765625,2522.300048828125,428409.0
2025-07-29,2529.0,2557.39990234375,2507.5,2547.89990234375,424781.0
2025-07-30,2547.89990234375,2552.60009765625,2525.0,2532.89990234375,262063.0
2025-07-31,2509.89990234375,2520.0,2422.60009765625,2430.699951171875,1457616.0
2025-08-01,2425.0,2444.89990234375,2333.0,2350.89990234375,976341.0
2025-08-04,2360.0,2374.699951171875,2338.199951171875,2363.60009765625,576426.0
2025-08-05,2370.0,2370.0,2316.0,2328.199951171875,576742.0
2025-08-06,2333.89990234375,2347.89990234375,2296.0,2300.300048828125,631582.0
2025-08-07,2290.0,2295.0,2202.800048828125,2249.800048828125,1529410.0
2025-08-08,2247.0,2260.89990234375,2164.800048828125,2178.10009765625,2552736.0
2025-08-11,2196.0,2302.0,2183.0,2283.39990234375,2376286.0
2025-08-12,2280.10009765625,2314.699951171875,2267.0,2288.199951171875,1075526.0
2025-08-13,2299.0,2314.89990234375,2245.39990234375,2280.10009765625,833679.0
2025-08-14,2288.0,2304.0,2267.699951171875,2281.60009765625,998109.0
2025-08-18,2309.60009765625,2360.0,2300.0,2333.60009765625,988629.0
2025-08-19,2339.89990234375,2395.60009765625,2314.10009765625,2388.39990234375,1069432.0
2025-08-20,2380.0,2406.0,2372.10009765625,2387.10009765625,780025.0
2025-08-21,2387.10009765625,2397.0,2371.39990234375,2377.199951171875,441867.0
2025-08-22,2369.89990234375,2376.300048828125,2321.0,2324.89990234375,584211.0
2025-08-25,2335.699951171875,2348.39990234375,2300.0,2302.89990234375,542276.0
2025-08-26,2304.0,2309.300048828125,2249.39990234375,2286.0,1071443.0
2025-08-28,2271.89990234375,2327.89990234375,2255.0,2275.199951171875,907708.0
2025-08-29,2283.0,2289.699951171875,2240.0,2244.699951171875,795664.0
2025-09-01,2259.0,2288.0,2252.10009765625,2284.199951171875,425629.0
2025-09-02,2291.0,2302.0,2264.0,2274.199951171875,481867.0
2025-09-03,2285.0,2293.0,2263.10009765625,2288.699951171875,443537.0
2025-09-04,2309.89990234375,2317.300048828125,2275.0,2278.800048828125,392593.0
2025-09-05,2275.0,2293.5,2248.0,2281.39990234375,442413.0
2025-09-08,2290.0,2333.89990234375,2286.0,2310.89990234375,542745.0
2025-09-09,2320.0,2325.0,2297.0,2311.60009765625,369353.0
2025-09-10,2330.0,2345.89990234375,2325.10009765625,2340.199951171875,390455.0
2025-09-11,2348.0,2418.699951171875,2340.199951171875,2398.800048828125,2111834.0
2025-09-12,2416.89990234375,2421.60009765625,2387.10009765625,2392.0,533144.0
2025-09-15,2392.0,2402.800048828125,2378.10009765625,2383.39990234375,298076.0
2025-09-16,2410.0,2415.800048828125,2388.0,2399.39990234375,752822.0
2025-09-17,2417.0,2417.0,2391.0,2402.0,514236.0
2025-09-18,2414.5,2438.0,2388.39990234375,2402.0,703699.0
2025-09-19,2495.0,2579.0,2466.10009765625,2524.0,7963687.0
2025-09-22,2535.0,2659.0,2522.10009765625,2629.5,7022463.0
2025-09-23,2642.60009765625,2695.0,2593.0,2676.39990234375,5608976.0
2025-09-24,2655.0,2676.0,2614.39990234375,2619.800048828125,1720340.0
2025-09-25,2625.0,2647.89990234375,2567.0,2576.39990234375,1489601.0
2025-09-26,2572.800048828125,2605.0,2535.0,2543.699951171875,1037649.0
2025-09-29,2543.699951171875,2555.0,2505.0,2509.5,1011908.0
2025-09-30,2522.0,2535.0,2490.60009765625,2505.89990234375,712218.0
2025-10-01,2518.39990234375,2603.39990234375,2472.10009765625,2594.300048828125,1573128.0
2025-10-03,2595.0,2612.89990234375,2564.39990234375,2589.89990234375,917570.0
2025-10-06,2589.10009765625,2599.800048828125,2562.60009765625,2573.5,654952.0
2025-10-07,2580.699951171875,2617.300048828125,2533.10009765625,2542.199951171875,1120166.0
2025-10-08,2562.0,2565.0,2500.0,2524.10009765625,1063317.0
2025-10-09,2535.0,2559.0,2522.199951171875,2542.39990234375,651673.0
2025-10-10,2552.0,2565.0,2538.800048828125,2550.89990234375,690077.0
2025-10-13,2529.10009765625,2542.10009765625,2504.0,2527.39990234375,645171.0
2025-10-14,2538.89990234375,2538.89990234375,2485.199951171875,2517.0,672992.0
2025-10-15,2535.0,2561.39990234375,2527.300048828125,2532.800048828125,759655.0
2025-10-16,2544.800048828125,2579.699951171875,2540.89990234375,2557.60009765625,1019681.0
2025-10-17,2560.0,2577.199951171875,2543.10009765625,2549.39990234375,682939.0
2025-10-20,2561.300048828125,2579.0,2537.10009765625,2548.10009765625,747273.0
2025-10-21,2554.89990234375,2562.0,2542.300048828125,2549.89990234375,101019.0
2025-10-23,2559.89990234375,2577.800048828125,2540.89990234375,2545.800048828125,852265.0
2025-10-24,2554.800048828125,2554.800048828125,2497.699951171875,2504.199951171875,473686.0
2025-10-27,2504.199951171875,2514.60009765625,2487.10009765625,2492.800048828125,477315.0
2025-10-28,2495.0,2516.0,2479.10009765625,2494.39990234375,626963.0
2025-10-29,2500.0,2600.0,2495.5,2537.39990234375,1526658.0
2025-10-30,2550.0,2559.39990234375,2511.800048828125,2526.89990234375,782283.0
2025-10-31,2535.0,2543.5,2464.89990234375,2481.0,847972.0
2025-11-03,2484.0,2501.89990234375,2457.5,2467.0,730846.0
2025-11-04,2479.800048828125,2488.89990234375,2390.60009765625,2399.89990234375,2070905.0
2025-11-06,2425.10009765625,2427.10009765625,2307.60009765625,2314.300048828125,1977665.0
2025-11-07,2315.0,2402.5,2291.39990234375,2369.39990234375,2232678.0
2025-11-10,2380.89990234375,2388.0,2364.0,2370.699951171875,559772.0
2025-11-11,2368.0,2378.89990234375,2338.5,2366.800048828125,633791.0
2025-11-12,2384.0,2517.5,2361.0,2484.5,6684967.0
2025-11-13,2502.0,2525.0,2468.10009765625,2488.199951171875,2706151.0
2025-11-14,2500.0,2553.699951171875,2481.0,2524.10009765625,4496233.0
2025-11-17,2460.0,2474.89990234375,2421.0,2462.0,2672449.0
2025-11-18,2462.0,2478.60009765625,2434.300048828125,2436.800048828125,1245150.0
2025-11-19,2446.5,2449.89990234375,2413.89990234375,2433.10009765625,774729.0
2025-11-20,2450.10009765625,2478.89990234375,2440.39990234375,2446.10009765625,1526320.0
2025-11-21,2450.0,2456.199951171875,2418.0,2422.300048828125,547454.0
2025-11-24,2426.199951171875,2432.300048828125,2393.10009765625,2399.199951171875,691223.0
2025-11-25,2400.89990234375,2407.699951171875,2325.300048828125,2332.89990234375,2221102.0
2025-11-26,2321.199951171875,2357.0,2310.0,2315.0,1023233.0
2025-11-27,2310.0,2320.5,2243.0,2255.0,1473011.0
2025-11-28,2267.10009765625,2331.0,2247.800048828125,2280.199951171875,3037349.0
2025-12-01,2300.0,2304.0,2257.0,2262.0,1313127.0
2025-12-02,2255.0,2267.199951171875,2232.199951171875,2239.60009765625,1035210.0
2025-12-03,2240.0,2245.0,2172.199951171875,2189.800048828125,1643550.0
2025-12-04,2188.0,2231.699951171875,2183.39990234375,2217.89990234375,2522655.0
2025-12-05,2217.89990234375,2268.60009765625,2202.89990234375,2265.39990234375,2400615.0
2025-12-08,2265.39990234375,2270.39990234375,2205.0,2216.199951171875,939495.0
2025-12-09,2216.199951171875,2257.0,2178.39990234375,2245.199951171875,1227338.0
2025-12-10,2255.800048828125,2267.5,2204.10009765625,2211.60009765625,934899.0
2025-12-11,2225.0,2293.89990234375,2192.39990234375,2277.699951171875,1519719.0
2025-12-12,2277.699951171875,2296.800048828125,2270.199951171875,2282.39990234375,929094.0
2025-12-15,2282.39990234375,2300.0,2273.0,2278.89990234375,572577.0
2025-12-16,2270.0,2276.800048828125,2232.10009765625,2247.89990234375,654606.0
2025-12-17,2247.60009765625,2255.0,2221.0,2232.5,651378.0
2025-12-18,2236.39990234375,2245.0,2211.10009765625,2229.300048828125,508184.0
2025-12-19,2249.0,2250.0,2210.0,2239.0,879907.0
2025-12-22,2260.0,2274.0,2245.89990234375,2263.5,598466.0
2025-12-23,2272.5,2273.60009765625,2245.0,2248.800048828125,450034.0
2025-12-24,2250.0,2258.800048828125,2217.39990234375,2222.699951171875,824995.0
2025-12-26,2229.300048828125,2250.89990234375,2218.0,2229.89990234375,566026.0
2025-12-29,2232.0,2238.199951171875,2196.0,2203.199951171875,689834.0
2025-12-30,2204.800048828125,2219.0,2195.0,2214.699951171875,934991.0
2025-12-31,2216.300048828125,2246.39990234375,2216.300048828125,2239.699951171875,778656.0
2026-01-01,2249.0,2287.39990234375,2241.0,2260.0,1044934.0
2026-01-02,2260.0,2283.699951171875,2259.0,2279.800048828125,715148.0
2026-01-05,2287.0,2303.89990234375,2274.300048828125,2279.5,696338.0
2026-01-06,2288.89990234375,2290.39990234375,2248.10009765625,2259.10009765625,698234.0
2026-01-07,2265.0,2284.0,2243.0,2274.10009765625,529142.0
2026-01-08,2275.0,2275.89990234375,2205.0,2214.0,791874.0
2026-01-09,2214.10009765625,2216.0,2145.0,2153.699951171875,1569638.0
2026-01-12,2156.60009765625,2180.0,2119.0,2171.60009765625,1257094.0
2026-01-13,2187.800048828125,2187.800048828125,2141.10009765625,2158.5,791445.0
2026-01-14,2156.0,2169.0,2142.0,2152.0,618092.0
2026-01-16,2162.800048828125,2193.89990234375,2152.10009765625,2157.300048828125,758337.0
2026-01-19,2155.0,2156.800048828125,2123.0,2134.60009765625,749234.0
2026-01-20,2134.0,2139.89990234375,2040.0,2055.10009765625,1160687.0
2026-01-21,2056.5,2068.199951171875,2004.0999755859373,2032.199951171875,1354563.0
2026-01-22,2055.89990234375,2102.89990234375,2051.0,2086.39990234375,942561.0
2026-01-23,2080.5,2082.5,1848.0,1861.800048828125,7492631.0
2026-01-27,1909.0,1973.9000244140625,1893.0,1959.5,5448988.0
2026-01-28,1985.0,2004.0,1952.0,1994.699951171875,2073145.0
2026-01-29,1999.800048828125,2029.0999755859373,1972.0,2019.199951171875,1390835.0
2026-01-30,2005.0,2038.800048828125,1992.199951171875,2020.4000244140625,1230644.0
2026-02-01,2005.0,2039.800048828125,1931.0,1942.800048828125,1801643.0
2026-02-02,1956.5999755859373,2002.199951171875,1934.0,1995.4000244140625,1228562.0
2026-02-03,2150.0,2233.39990234375,2131.10009765625,2202.60009765625,6917882.0
2026-02-04,2220.0,2246.0,2189.199951171875,2228.199951171875,2051840.0
2026-02-05,2232.0,2243.699951171875,2210.0,2236.60009765625,991818.0
2026-02-06,2226.10009765625,2238.0,2201.60009765625,2226.39990234375,932922.0
2026-02-09,2250.0,2288.0,2240.0,2250.10009765625,1650714.0
2026-02-10,2259.0,2268.300048828125,2171.0,2228.39990234375,1670590.0
2026-02-11,2232.89990234375,2237.699951171875,2215.10009765625,2234.39990234375,682289.0
2026-02-12,2229.0,2229.5,2201.0,2211.800048828125,649499.0
2026-02-13,2210.0,2210.0,2124.199951171875,2136.60009765625,1489225.0
2026-02-16,2124.199951171875,2190.89990234375,2103.199951171875,2184.60009765625,1824573.0
2026-02-17,2170.0,2252.0,2170.0,2242.89990234375,1931434.0
2026-02-18,2254.0,2254.0,2188.10009765625,2211.199951171875,1149368.0
2026-02-19,2218.89990234375,2218.89990234375,2151.0,2156.699951171875,1101326.0
2026-02-20,2160.0,2174.39990234375,2152.10009765625,2160.800048828125,738310.0
2026-02-23,2180.0,2203.0,2155.300048828125,2191.0,1103752.0
2026-02-24,2168.60009765625,2204.699951171875,2162.199951171875,2183.0,1152192.0
2026-02-25,2193.199951171875,2237.300048828125,2180.10009765625,2231.699951171875,1473845.0
2026-02-26,2230.0,2232.39990234375,2200.10009765625,2216.39990234375,915315.0
2026-02-27,2210.0,2216.39990234375,2153.0,2161.800048828125,1432345.0
2026-03-02,2093.0,2147.89990234375,2073.699951171875,2124.60009765625,2134304.0
2026-03-04,2104.60009765625,2104.60009765625,2037.5,2076.5,1585729.0
2026-03-05,2094.0,2100.0,2040.0,2089.199951171875,1231149.0
2026-03-06,2079.10009765625,2090.0,2030.199951171875,2039.9000244140625,1695611.0
2026-03-09,1985.0,2006.0,1940.4000244140625,1999.199951171875,1305284.0
2026-03-10,2030.0,2030.0,1982.199951171875,1996.5,1679927.0
2026-03-11,2006.5999755859373,2027.4000244140625,1970.0,1974.699951171875,1088075.0
2026-03-12,1960.0,2026.0,1947.0999755859373,2002.0,1473616.0
2026-03-13,1999.9000244140625,2008.5999755859373,1945.0,1961.0999755859373,1195216.0
2026-03-16,1961.0,1994.800048828125,1946.5999755859373,1978.0,1465572.0
2026-03-17,1989.9000244140625,1990.0,1945.0,1975.4000244140625,1268861.0
2026-03-18,1988.9000244140625,2027.0,1982.199951171875,2007.199951171875,1040994.0
2026-03-19,1984.0,1988.5999755859373,1930.0,1936.800048828125,1510159.0
2026-03-20,1951.0,1974.4000244140625,1919.9000244140625,1927.0999755859373,1174370.0
2026-03-23,1910.0,1910.0999755859373,1820.5,1833.0,2369334.0
2026-03-24,1892.699951171875,1893.0,1813.699951171875,1817.9000244140625,11211320.0
2026-03-25,1847.9000244140625,1911.0,1839.199951171875,1886.5999755859373,2537548.0
2026-03-27,1880.0,1883.199951171875,1816.5,1823.0,2584660.0
2026-03-30,1810.0,1837.800048828125,1753.0,1758.800048828125,2819771.0
2026-04-01,1825.0,1870.0,1803.800048828125,1842.5,2326667.0
2026-04-02,1805.0,1842.9000244140625,1770.0999755859375,1834.199951171875,1830320.0
2026-04-06,1836.9000244140625,1909.0,1802.0999755859373,1902.199951171875,3153236.0
2026-04-07,1890.0,1904.5999755859373,1865.0,1882.0999755859373,1566761.0
2026-04-08,2000.0,2099.0,1975.0999755859373,2043.800048828125,4197181.0
2026-04-09,2039.800048828125,2065.0,2010.300048828125,2040.5,2481097.0
2026-04-10,2043.0999755859373,2094.60009765625,2041.699951171875,2086.800048828125,1699757.0
2026-04-13,2010.199951171875,2159.0,2000.199951171875,2129.0,3729483.0
2026-04-15,2187.0,2200.0,2136.0,2144.39990234375,1777925.0
2026-04-16,2170.0,2210.39990234375,2161.10009765625,2203.699951171875,2188848.0
2026-04-17,2240.0,2240.0,2186.10009765625,2218.300048828125,2408349.0
2026-04-20,2218.300048828125,2280.10009765625,2202.199951171875,2229.60009765625,1795338.0
2026-04-21,2229.699951171875,2255.0,2220.0,2226.0,1818221.0
2026-04-22,2229.0,2278.60009765625,2224.10009765625,2260.800048828125,3517237.0
2026-04-23,2243.5,2333.89990234375,2221.800048828125,2300.0,2948009.0
2026-04-24,2310.199951171875,2321.39990234375,2227.0,2287.60009765625,2271317.0
2026-04-27,2300.199951171875,2337.0,2286.0,2321.800048828125,1500864.0
2026-04-28,2321.800048828125,2420.0,2320.89990234375,2412.39990234375,4375556.0
2026-04-29,2427.60009765625,2443.800048828125,2388.0,2425.89990234375,4656967.0
2026-04-30,2394.89990234375,2420.0,2328.800048828125,2408.39990234375,3538354.0
2026-05-01,2408.39990234375,2408.39990234375,2408.39990234375,2408.39990234375,0.0
2026-05-04,2390.39990234375,2515.0,2375.0,2485.699951171875,6039537.0
2026-05-05,2470.0,2511.89990234375,2450.0,2462.0,1622580.0
2026-05-06,2475.5,2546.5,2472.199951171875,2540.300048828125,3169133.0
2026-05-07,2540.300048828125,2549.89990234375,2515.0,2527.699951171875,627346.0
