Date,Open,High,Low,Close,Volume
2020-01-01,1764.7746103841994,1773.8271035075782,1753.8019185061628,1770.763916015625,543035.0
2020-01-02,1773.9188824039747,1785.4401889038322,1764.7749706390057,1772.1358642578125,663275.0
2020-01-03,1771.9984466545911,1773.9186455448405,1754.4878356387435,1762.4429931640625,1598825.0
2020-01-06,1762.3516130116352,1764.2261593601263,1747.6299390537445,1751.4703369140625,683129.0
2020-01-07,1754.9451736052542,1765.6892693665473,1753.8021846944785,1756.27099609375,808935.0
2020-01-08,1746.4869747270443,1770.3069071717166,1743.2408417228742,1764.180419921875,1889685.0
2020-01-09,1775.3362428743428,1780.5939921673312,1765.689371262679,1769.3927001953125,1544334.0
2020-01-10,1774.7415924693248,1789.9204614145362,1766.283475346421,1786.7200927734375,1003336.0
2020-01-13,1793.1208827467165,1826.8161712484248,1789.4633184779827,1824.072998046875,2040089.0
2020-01-14,1824.6675325973547,1842.452395746402,1812.689030903805,1836.8289794921875,1610737.0
2020-01-15,1838.9777505198256,1853.47082766225,1826.359108229128,1848.578857421875,1559491.0
2020-01-16,1848.8986406278595,1878.799182304554,1843.5037112911475,1873.8157958984373,2468958.0
2020-01-17,1879.0736046699435,1887.211595705603,1865.403503142851,1883.919921875,994719.0
2020-01-20,1884.1026787415583,1898.1842110192665,1874.5015731231229,1886.2515869140625,829399.0
2020-01-21,1883.417143865756,1897.3616087007847,1876.4676819306487,1879.439453125,750000.0
2020-01-22,1886.388816295748,1886.846011840172,1853.6535706669465,1876.05615234375,983169.0
2020-01-23,1876.101888345154,1884.4229364246064,1860.7858378371573,1880.8109130859373,708017.0
2020-01-24,1880.90256425954,1901.0191692248827,1874.5475905207657,1896.1728515625,914993.0
2020-01-27,1889.132200836404,1891.6467766119604,1880.674082318622,1884.88037109375,429312.0
2020-01-28,1885.474394144796,1888.217567366151,1867.8266017727424,1884.1943359375,777052.0
2020-01-29,1885.520242138612,1907.2370311060963,1885.520242138612,1896.6300048828125,873433.0
2020-01-30,1897.2701625065413,1900.1048644492312,1873.998951716516,1881.9085693359373,952768.0
2020-01-31,1887.303232917537,1891.189395097721,1847.1157886669328,1860.10009765625,1930834.0
2020-02-03,1897.269686688916,2007.591088391628,1897.269686688916,1992.412109375,4012542.0
2020-02-04,1990.6292801906552,2015.5006716571183,1956.7968119467168,1971.0614013671875,1932121.0
2020-02-05,1981.8511737019708,1997.030155203276,1969.506893896456,1975.359130859375,1514368.0
2020-02-06,1980.5713356204628,2008.231669370472,1951.3565814812712,1971.7930908203125,1302116.0
2020-02-07,1979.657027032984,1986.057765688518,1958.26036139479,1975.039306640625,908152.0
2020-02-10,1975.1765038909496,2002.1052798576457,1967.4954839311888,1974.4449462890625,1389847.0
2020-02-11,1983.3143982242088,1993.0525746456203,1963.83782214136,1968.364013671875,777506.0
2020-02-12,1972.4328809011045,2077.4963156677068,1970.512570538692,2066.84375,4753325.0
2020-02-13,2062.865943760621,2092.995080339095,2041.880716507328,2087.920166015625,2950407.0
2020-02-14,2078.41107919129,2100.9051907257985,2053.951115984793,2061.997802734375,1728651.0
2020-02-17,2055.5512798252885,2093.0413165124937,2051.1621577114647,2059.757568359375,1420851.0
2020-02-18,2059.7572066991875,2069.221019379152,2031.868281865308,2043.1151123046875,1194605.0
2020-02-19,2057.563205601279,2110.597899634902,2049.3794483251368,2095.921875,1299800.0
2020-02-20,2086.823070444123,2093.9096006088603,2050.5217928288844,2055.779541015625,1555224.0
2020-02-24,2045.31025295916,2068.352866237405,2020.8960528995904,2025.5135498046875,1409245.0
2020-02-25,2048.1447633222324,2084.537577796664,2035.2062171146329,2042.38427734375,2237493.0
2020-02-26,2047.139225354329,2062.5923485622984,2013.809708122429,2044.76171875,2896154.0
2020-02-27,2050.019165217444,2066.2496079013185,2011.6605016632784,2061.90625,2446802.0
2020-02-28,2003.522651066765,2038.543655495052,1970.513039393896,1988.572265625,3837330.0
2020-03-02,2002.5161080583875,2050.0186715444725,1958.4882747045983,1974.5814208984373,1707337.0
2020-03-03,1985.9658362253576,2002.150736435173,1958.351271107372,1981.165283203125,1753148.0
2020-03-04,1992.4580011606447,1997.990111392408,1967.7694440099629,1989.5777587890625,1515878.0
2020-03-05,1997.944599836124,2065.289416616972,1995.064357100332,2028.1195068359373,2272645.0
2020-03-06,1997.9445840686328,2057.380006477997,1974.3990128833848,2001.5106201171875,2479414.0
2020-03-09,1956.7970959521565,1983.8631637716192,1931.1941432948383,1939.880859375,2485118.0
2020-03-11,1889.1318925826563,1983.7256012200755,1889.1318925826563,1970.5126953125,2861629.0
2020-03-12,1922.415431300848,1941.2519740425648,1857.7223836351504,1879.9420166015625,3655780.0
2020-03-13,1801.350539452091,1938.509209968748,1726.461883025994,1859.1400146484373,3667035.0
2020-03-16,1828.782355091402,1864.6264446031869,1768.3411205796344,1775.65625,2948679.0
2020-03-17,1788.1373874970557,1909.2484323432443,1784.8454905590877,1832.4853515625,3732382.0
2020-03-18,1859.9173356808053,1887.120471989267,1745.8926939973653,1759.105712890625,3910994.0
2020-03-19,1732.1311972857611,1736.4287910357907,1606.8596099387871,1680.92529296875,5095006.0
2020-03-20,1691.6235143708836,1900.927545312444,1691.6235143708836,1876.05615234375,4252245.0
2020-03-23,1783.0626114886468,1815.112063589304,1691.6235032071777,1709.636962890625,3574673.0
2020-03-24,1805.9223786666469,1893.6581579341207,1764.7747801653811,1854.2479248046875,5788124.0
2020-03-25,1837.9715766122208,1955.836480958273,1830.290670296034,1909.3853759765625,3959038.0
2020-03-26,1910.162903281422,2057.3798623184293,1883.645562833762,2006.996826171875,3201540.0
2020-03-27,2047.321558818266,2073.518773077488,1938.966219506089,1957.2998046875,2918646.0
2020-03-30,1941.252119737596,2023.547310871078,1922.8272301298184,1997.35009765625,2809606.0
2020-03-31,2043.481119219391,2114.9864531428443,1997.9444012611823,2101.727783203125,2809269.0
2020-04-01,2096.8815168171054,2125.867668531587,1973.301655375269,1993.0523681640625,2774626.0
2020-04-03,2042.749700391944,2061.1290506449222,1945.778480396329,1969.68994140625,4121436.0
2020-04-07,2029.9480343628268,2249.4018759155647,2029.9480343628268,2235.594482421875,8510114.0
2020-04-08,2223.798688088327,2390.492195252152,2210.4484915365465,2250.178955078125,9791862.0
2020-04-09,2285.931749238344,2285.977513436611,2144.246907603541,2169.1640625,4770068.0
2020-04-13,2177.1650081432235,2215.5694307984168,2116.815201113634,2145.57275390625,3249551.0
2020-04-15,2218.267165859792,2301.1568575574847,2177.622523887269,2274.59375,29485531.0
2020-04-16,2254.888298427803,2309.888830036277,2213.832230140912,2227.548095703125,5388243.0
2020-04-17,2284.880249009568,2284.880249009568,2152.522153291088,2180.822509765625,4540936.0
2020-04-20,2212.8269039818047,2212.8269039818047,2122.302167000731,2136.52099609375,2985268.0
2020-04-21,2087.5548022717912,2174.421953483276,2086.640411206407,2119.009765625,3227335.0
2020-04-22,2119.512838245525,2194.4929096005026,2080.8340494717227,2181.874267578125,2837815.0
2020-04-23,2184.4805319579286,2206.4259203074434,2110.4606104853856,2119.1015625,4095570.0
2020-04-24,2113.157907681463,2137.8464682645003,2084.811782567605,2087.646484375,2169013.0
2020-04-27,2107.6712874647683,2129.9823389124326,2087.7832829084305,2121.798583984375,2013715.0
2020-04-28,2138.441213915663,2138.441213915663,2072.9251638256715,2093.910400390625,2164023.0
2020-04-29,2093.9554150593003,2095.509835129905,2030.8624353042385,2040.692138671875,3642151.0
2020-04-30,2077.4964906036444,2077.4964906036444,1975.0846917710703,2007.08837890625,8448047.0
2020-05-04,1947.6529511517097,1975.084682858072,1889.1319235114704,1904.3564453125,8474573.0
2020-05-05,1921.318346728976,1939.4233333859524,1859.0483412342185,1866.729248046875,4304136.0
2020-05-06,1874.4560562839004,1895.5328165232515,1828.7822638912216,1838.1090087890625,5127656.0
2020-05-07,1783.1540441452908,1835.182919544572,1739.171854994407,1821.5128173828125,185669922.0
2020-05-08,1897.3155493301665,1918.3923064007272,1861.7000647435084,1910.57421875,16100226.0
2020-05-11,1904.676662147045,1935.354528213691,1861.6545162249088,1872.6729736328125,11158755.0
2020-05-12,1847.06982102504,1854.2477680550244,1815.0661360072795,1839.34326171875,14881008.0
2020-05-13,1897.3617429469264,1897.3617429469264,1806.288401609478,1824.896240234375,8432979.0
2020-05-14,1817.809526869464,1853.0593488116413,1811.088774534265,1834.3143310546875,8510002.0
2020-05-15,1842.4980895914769,1863.209070590043,1834.2685695883388,1858.1341552734373,5491136.0
2020-05-18,1866.7295655118687,1872.5359270923484,1818.3582505032823,1833.5828857421875,7675561.0
2020-05-19,1845.2412732905552,1851.459177531412,1799.6131342484173,1806.4254150390625,5963193.0
2020-05-20,1806.4252891365952,1837.9260162598137,1805.9223294095184,1820.4154052734373,3926496.0
2020-05-21,1827.867829793765,1831.891173003756,1787.8174545079592,1802.1734619140625,4261625.0
2020-05-22,1805.9224718123448,1824.2560585159629,1790.377822687884,1817.7181396484373,5339946.0
2020-05-26,1833.3082937638808,1847.0699237347565,1805.9223264238333,1808.482666015625,4628932.0
2020-05-27,1819.6383759351456,1833.445659880802,1793.1210327682518,1827.044921875,4261645.0
2020-05-28,1828.781981244432,1842.4978461037647,1819.638071338209,1837.880126953125,5500796.0
2020-05-29,1837.01163718926,1890.960709660224,1828.782117659791,1881.2225341796875,8778345.0
2020-06-01,1897.3613219220804,1959.539909821213,1893.886591479719,1928.0391845703125,6592547.0
2020-06-02,1940.337869949988,1943.081043187429,1911.0773554172831,1926.9876708984373,3268728.0
2020-06-03,1933.937401100308,1965.026702110904,1906.505664914488,1938.966552734375,4895117.0
2020-06-04,1933.936938362036,1949.847252246892,1925.0216262348351,1939.0576171875,3264730.0
2020-06-05,1942.1665568525088,1945.824120989708,1906.5053065148213,1908.8828125,2981853.0
2020-06-08,1926.6220841311133,1942.6239286836967,1900.196270137425,1930.919677734375,4298456.0
2020-06-09,1920.221252948463,1961.1860176593648,1915.695061785944,1926.164794921875,3127904.0
2020-06-10,1934.759763297028,1947.6527652644893,1916.5634722978264,1938.1431884765625,2421659.0
2020-06-11,1933.9371747775344,1955.1510036306368,1916.2436177122872,1926.530517578125,2566927.0
2020-06-12,1888.4462805614592,1937.5948037814944,1888.2176827790404,1926.8507080078125,2338438.0
2020-06-15,1933.800048349183,1949.207403971836,1880.7196019596693,1905.8653564453125,2830788.0
2020-06-16,1929.1825313348263,1938.5092766025496,1880.9026330053985,1898.59619140625,2806772.0
2020-06-17,1898.275872034013,1919.3068667627133,1885.7487589523105,1900.333251953125,2293301.0
2020-06-18,1893.0182691141529,1906.36846913547,1878.2051772039408,1888.537841796875,2326907.0
2020-06-19,1913.9931704788107,1933.3264348270816,1893.739274494908,1926.65185546875,4673528.0
2020-06-22,1942.53275439033,1950.726286055548,1921.3582267358383,1934.06298828125,2487234.0
2020-06-23,1947.135873526785,1999.6118757920456,1934.7994997417863,1984.835693359375,4308814.0
2020-06-24,1999.6120996013049,2004.1231051323484,1956.3424086799137,1961.2218017578125,3023015.0
2020-06-25,1946.491495783849,2016.091111993588,1944.3739980870043,2000.6705322265625,8208033.0
2020-06-26,2006.9313679292893,2006.9313679292893,1968.403059644687,1983.22509765625,3176048.0
2020-06-29,1980.6009247026543,2021.6148835443653,1970.151665914917,2009.6927490234373,3295039.0
2020-06-30,2019.6818128444183,2025.343607738204,1997.770734034547,2006.97705078125,2373109.0
2020-07-01,2009.7385967965204,2017.840199079423,1988.6562250131465,1998.1385498046875,1532931.0
2020-07-02,1995.6989763822096,2004.8131385197744,1974.7546093137307,1980.9688720703125,2588838.0
2020-07-03,1993.6278672653093,2014.342079693603,1985.204177449906,2001.177001953125,1946252.0
2020-07-06,2006.977008134481,2006.977008134481,1982.1199534465773,1990.0374755859373,2375516.0
2020-07-07,2002.834041318322,2002.834041318322,1980.876887802025,1983.178466796875,2014667.0
2020-07-08,1982.6724227385484,2019.86585170684,1956.342267491812,2012.546875,3349938.0
2020-07-09,2009.7384307408583,2043.7557174491112,1998.736930000779,2003.156005859375,3039571.0
2020-07-10,1997.7705135263764,2054.849671055701,1995.422858062376,2047.300537109375,3179516.0
2020-07-13,2061.2943556174814,2094.4370964849354,2057.611828854431,2085.4609375,4556662.0
2020-07-14,2085.0466179929067,2089.787781112532,2049.878533711195,2057.381591796875,2403256.0
2020-07-15,2059.6831024988264,2109.167052329785,2057.657757877066,2094.574951171875,2474512.0
2020-07-16,2094.6670418120348,2109.443223901804,2060.3735148117057,2106.26708984375,2495150.0
2020-07-17,2103.643158347501,2154.277895200504,2099.960632030919,2149.260498046875,3088712.0
2020-07-20,2149.2608974093314,2157.3164252236834,2118.005494442368,2145.946533203125,2816219.0
2020-07-21,2161.6431194894576,2163.484382793963,2124.817853399348,2134.024169921875,3037810.0
2020-07-22,2145.071510347176,2145.071510347176,2063.3654603285872,2070.0400390625,6950011.0
2020-07-23,2080.6276313276344,2087.2100580434308,2030.4992804724825,2035.8389892578125,3936886.0
2020-07-24,2025.3897403918736,2043.8023743954363,1995.9756025239024,2033.95166015625,4203314.0
2020-07-27,2041.7306150942536,2058.48606431118,2011.349774017437,2045.1829833984373,2209409.0
2020-07-28,2053.883083221789,2066.725849465216,2035.5626037506456,2064.5625,1567837.0
2020-07-29,2057.611614213398,2082.65274863724,2039.198982318871,2054.205322265625,2404978.0
2020-07-30,2062.988847562715,2069.229682240401,2024.8966869712488,2029.9818115234373,2044966.0
2020-07-31,2031.738691275168,2054.3443394188253,2013.709610738255,2043.2032470703125,1715659.0
2020-08-03,2043.11046074104,2055.360987036021,2023.463390267958,2038.210205078125,1683773.0
2020-08-04,2043.202517042672,2051.523628163533,2011.027734621674,2032.015380859375,1981720.0
2020-08-05,2035.8989735870232,2043.202971349548,2016.5293168715289,2029.010986328125,1715477.0
2020-08-06,2034.0496602350115,2060.8621330290184,2026.6993895622672,2052.95703125,1824483.0
2020-08-07,2055.3151504686166,2066.2251005957937,2038.6729225296,2043.8043212890625,1777905.0
2020-08-10,2050.6920405122423,2058.782011366382,2032.940378182942,2040.2906494140625,1476289.0
2020-08-11,2042.4173107742256,2064.5606727553563,2039.597332780258,2043.896484375,1665204.0
2020-08-12,2034.095853519397,2042.4169654374764,2024.803900065954,2029.519287109375,1170430.0
2020-08-13,2034.049893011847,2049.7675512760297,2025.6825062615744,2032.8016357421875,1453227.0
2020-08-14,2037.7479227437907,2048.8427390200727,2001.7360433919484,2009.9183349609373,1341664.0
2020-08-17,2016.4830320574013,2037.4244092944164,2004.8333836731308,2030.3978271484373,1559579.0
2020-08-18,2037.7481345599736,2049.5826516297507,2023.879612773041,2047.3175048828125,1339001.0
2020-08-19,2039.597244670164,2053.928050333078,2024.804154953608,2028.1326904296875,1585107.0
2020-08-20,2021.1057847043107,2032.015732987164,2011.9986989984784,2020.828369140625,1768939.0
2020-08-21,2033.1250907329893,2042.0933554471435,2022.446284879578,2035.945068359375,1374411.0
2020-08-24,2039.5972728654328,2044.8209924539497,2025.9136195435287,2028.8721923828125,1665474.0
2020-08-25,2028.8721518040616,2032.108140159571,2010.9356209233808,2014.7264404296875,1774886.0
2020-08-26,2017.5000642965024,2021.1057894590265,1997.0670197765312,2018.147216796875,2148146.0
2020-08-27,2017.5000374475287,2022.9548986668824,2001.6898334615173,2007.4683837890625,2172203.0
2020-08-28,2014.6337560967088,2017.7771971380807,1983.1984427845068,1989.6241455078125,1939520.0
2020-08-31,1989.670470418208,2004.001275386369,1942.193810120935,1957.63427734375,3534275.0
2020-09-01,1987.7751277463767,2010.84305653742,1952.4566717147889,1998.592529296875,1738003.0
2020-09-02,2007.237484265631,2020.1814385630605,1975.386156157244,1980.101318359375,1667810.0
2020-09-03,1990.595030756824,1991.9356092972675,1967.527102832829,1977.7896728515625,1590711.0
2020-09-04,1955.461188401214,1979.407407699836,1954.536620463436,1964.3831787109373,1590491.0
2020-09-07,1965.6317864847747,2010.0110554176388,1945.0601461981869,1999.4710693359373,2362992.0
2020-09-08,1991.51968099946,2007.5610277727585,1970.393209692505,1980.656005859375,1804209.0
2020-09-09,1961.9338200001464,1982.459189937212,1950.839001036904,1971.41064453125,2009898.0
2020-09-10,1980.4248829637447,1981.9042822231336,1958.420116896999,1972.935791015625,2137794.0
2020-09-11,1964.70732013702,2005.3883187657389,1964.245036061693,1996.373779296875,1934110.0
2020-09-14,2003.5390238697903,2006.035312534024,1955.461483841535,1963.3203125,2096908.0
2020-09-15,1975.70955861168,1975.8021057150936,1949.914197919108,1964.19873046875,1224058.0
2020-09-16,1964.7074993712824,1996.09654580454,1953.3352649358703,1981.81201171875,2087841.0
2020-09-17,1973.9527572048848,1983.244711113232,1962.164514743825,1967.6656494140625,1741644.0
2020-09-18,1960.0843365294847,1967.064870703089,1932.3472940314264,1940.3909912109373,4475166.0
2020-09-21,1940.3910691812432,1940.668484762297,1869.569173729509,1884.0849609375,3483963.0
2020-09-22,1886.627238447484,1899.756058630488,1849.182235223474,1873.9144287109373,2345687.0
2020-09-23,1881.4959537874768,1904.6101546939567,1873.036133683244,1897.72216796875,2410295.0
2020-09-24,1889.817150521368,1924.026169390884,1881.542311372181,1905.4422607421875,3798089.0
2020-09-25,1924.9506972284075,1951.7631709169875,1914.641853669027,1922.2232666015625,2528873.0
2020-09-28,1925.875323102059,1934.5201249958493,1904.610257124456,1907.661376953125,1523704.0
2020-09-29,1909.233097385959,1913.1625117510391,1872.019231928436,1879.831787109375,2298844.0
2020-09-30,1885.1482660647505,1938.819494645137,1880.5716986686737,1912.2381591796875,2417367.0
2020-10-01,1932.347374235531,1949.8216214447432,1913.856011802655,1936.97021484375,2131531.0
2020-10-05,1941.5930474654328,1963.1355297560483,1925.135689822941,1951.8095703125,1646110.0
2020-10-06,1959.159952789554,1978.5758843651,1949.0359764700927,1956.293701171875,1679499.0
2020-10-07,1962.857832527539,1987.8211681272765,1953.612152675784,1977.974609375,2428544.0
2020-10-08,1985.0474353992824,2001.6896588912189,1984.354009420452,1997.8065185546875,1617365.0
2020-10-09,1987.821322806032,2003.492706229276,1961.10139624514,1978.251953125,2001026.0
2020-10-12,1983.3832991753472,1985.6023978892376,1963.1353495432224,1977.09619140625,1741166.0
2020-10-13,1976.680234938569,1990.8261713743448,1967.4808279041483,1976.911376953125,1679160.0
2020-10-14,1971.7337916073643,2001.6897042823,1970.254392529137,1995.3563232421875,2123033.0
2020-10-15,1997.0671867317617,2015.28113398434,1979.546665585688,1990.17919921875,2344437.0
2020-10-16,2008.0691028262909,2008.0691028262909,1982.320020051981,1988.3297119140625,1640399.0
2020-10-19,1991.1036380746907,2020.1812591077687,1989.763059500758,2013.5244140625,1605969.0
2020-10-20,2017.4998225227143,2041.9083262161696,1971.687435261421,2009.1787109375,5855290.0
2020-10-21,2024.804360751409,2031.0451961098893,1974.8776778835656,1999.9796142578125,3954242.0
2020-10-22,1997.0670370346304,2022.2615170157387,1990.7799289953368,2014.95751953125,2632958.0
2020-10-23,2023.7868629204745,2023.7868629204745,1978.5755767143708,1982.13525390625,2805684.0
2020-10-26,1987.821346189209,2008.1618436850983,1980.7022172105728,2003.307861328125,1646050.0
2020-10-27,1994.293256954004,2023.8794341549903,1990.0864272383149,2012.5072021484373,2334808.0
2020-10-28,2032.281675696913,2032.281675696913,1995.199265893724,2014.04296875,1555483.0
2020-10-29,1993.244722289908,2009.9946779394031,1969.050341907304,1974.726806640625,1934367.0
2020-10-30,1971.097562119137,1972.77260316276,1924.3838411983904,1927.4547119140625,2414313.0
2020-11-02,1928.106201171875,1942.6692676567773,1913.217350197575,1928.106201171875,1486077.0
2020-11-03,1946.531170736998,1946.531170736998,1901.12013050366,1912.9381103515625,2227402.0
2020-11-04,1907.634222232493,1940.2035870023165,1907.5876491313643,1916.986328125,1479878.0
2020-11-05,1942.064671337159,1965.328503049392,1918.149497774156,1956.3487548828125,2083827.0
2020-11-06,1958.8142432100767,1976.4481787272289,1941.1337346015305,1948.7176513671875,2127821.0
2020-11-09,1972.7729270714967,1989.1971013682928,1961.6528609622044,1984.451416015625,2194404.0
2020-11-10,1991.3838828344444,1995.2921609056425,1947.18260506125,1988.2200927734373,2471703.0
2020-11-11,1988.2200120010364,1990.0811183579835,1958.4423102898809,1983.1483154296875,2759942.0
2020-11-12,1981.1477259539704,2050.9392146559658,1975.797045153484,2039.86572265625,3010512.0
2020-11-13,2051.8697516778207,2064.339073353366,2026.977454236832,2033.58447265625,2799165.0
2020-11-14,2044.42543064423,2044.42543064423,2030.467132301188,2035.771240234375,258276.0
2020-11-17,2066.1540777485347,2066.1540777485347,2021.1617355330204,2026.3729248046875,2733542.0
2020-11-18,2019.300344368689,2019.300344368689,1978.262859399123,1984.032470703125,3315051.0
2020-11-19,1978.1698086078663,1998.269619085581,1967.654513230056,1982.7760009765625,2704650.0
2020-11-20,1986.7312762765664,1993.245149313539,1954.627187737203,1973.005615234375,2827038.0
2020-11-23,1991.3836069205047,1991.3836069205047,1949.508717989934,1981.5196533203125,3244576.0
2020-11-24,1983.939558689826,2010.9256033436743,1975.006156481796,2007.5291748046875,1989749.0
2020-11-25,2011.8558458751857,2020.2308239569973,1980.2170397883417,1987.52197265625,1786536.0
2020-11-26,1991.3840887900328,2011.856261665444,1975.145978923755,2004.597900390625,1630887.0
2020-11-27,2016.5087169349129,2016.9739935193463,1978.3560370113632,1989.708740234375,5687861.0
2020-12-01,2009.0643134641712,2009.0643134641712,1981.7061408758616,1984.91650390625,2226742.0
2020-12-02,1996.036407057608,2000.5960263905447,1974.726831861249,1990.7322998046875,1634682.0
2020-12-03,2003.4808409705088,2006.644630662508,1972.8657346000928,1979.984375,3469163.0
2020-12-04,1992.314309209552,2042.936310077864,1985.428306721833,2032.51416015625,3712143.0
2020-12-07,2037.214084360348,2102.6786086410093,2035.1203391554552,2099.468017578125,4147649.0
2020-12-08,2102.5850163552614,2119.986316262568,2084.5787205389115,2103.05029296875,2768211.0
2020-12-09,2103.0499088759634,2136.549818928855,2087.4631451707987,2133.013671875,2123890.0
2020-12-10,2130.966615953997,2194.151081072368,2117.0548924354785,2187.218505859375,3041370.0
2020-12-11,2201.9213530494985,2219.369224309796,2170.980461347905,2209.8310546875,2611218.0
2020-12-14,2215.600483438932,2225.324718447284,2192.5227198152743,2206.10888671875,1575632.0
2020-12-15,2197.036038588119,2199.7811250077225,2147.065378700346,2158.929931640625,2207176.0
2020-12-16,2156.184948468257,2191.359678297438,2143.06405724345,2181.170166015625,1748634.0
2020-12-17,2179.3557363871805,2179.3557363871805,2149.578032047133,2154.510009765625,1912868.0
2020-12-18,2160.7446248937126,2181.1236499905926,2151.439092486763,2171.3994140625,2229891.0
2020-12-21,2180.2861231416564,2186.799995468584,2107.796120549181,2145.80908203125,2003069.0
2020-12-22,2149.577991678724,2171.259927681312,2122.591947627346,2150.508544921875,1764488.0
2020-12-23,2158.88337301835,2212.204115556358,2143.2966072864288,2205.73681640625,1559556.0
2020-12-24,2217.042961331011,2242.633173896217,2196.1520877831285,2235.42138671875,2489444.0
2020-12-28,2237.9807789199194,2249.51954944208,2211.0413052095964,2222.998779296875,1532477.0
2020-12-29,2228.6746460432028,2236.1190707481487,2190.7080346108155,2218.7177734375,1749013.0
2020-12-30,2224.021965554119,2246.960009178079,2210.99422182284,2239.46923828125,1924886.0
2020-12-31,2229.605297751896,2249.14691346675,2221.2303195883874,2229.046875,1709836.0
2021-01-01,2229.047138256676,2237.049986987961,2216.577815726008,2221.742431640625,830096.0
2021-01-04,2237.980411198614,2261.2442408368534,2233.97898706367,2257.9873046875,1614486.0
2021-01-05,2237.980443843672,2286.322637099926,2237.980443843672,2280.3671875,2356303.0
2021-01-06,2275.9472824406207,2279.8555608220004,2234.816872453984,2249.426513671875,1641627.0
2021-01-07,2263.104907547401,2263.7562492135667,2200.757856229278,2204.340576171875,2403881.0
2021-01-08,2224.022053519604,2233.3275851242884,2196.849946671091,2225.138671875,2797948.0
2021-01-11,2256.591623236084,2272.364455330399,2235.282044761102,2260.406982421875,2787672.0
2021-01-12,2261.058073799363,2264.128944610466,2207.2720566610965,2210.901123046875,2036708.0
2021-01-13,2216.484746525445,2231.466745071032,2200.38635667708,2207.59814453125,1702740.0
2021-01-14,2201.6884806199546,2238.910602016742,2187.869677177078,2231.97802734375,2120413.0
2021-01-15,2226.349080663032,2239.8421053943225,2180.100620641924,2187.87060546875,2042957.0
2021-01-18,2209.598485084773,2209.598485084773,2159.488106393294,2170.6083984375,1733797.0
2021-01-19,2179.3555125274524,2216.6707853199537,2161.907640682922,2199.03662109375,1495269.0
2021-01-20,2193.313551926736,2209.0863807811147,2183.356679669533,2192.33642578125,1380562.0
2021-01-21,2210.994575935765,2233.234708278957,2186.800190845559,2203.224365234375,1521133.0
2021-01-22,2195.174639349588,2253.799481350022,2193.313533254336,2242.028076171875,2548089.0
2021-01-25,2251.9387609548385,2263.431183935701,2219.369398709624,2232.95556640625,2124424.0
2021-01-27,2256.591283711248,2256.591283711248,2172.841504109593,2225.231689453125,2460297.0
2021-01-28,2203.456370839732,2244.075145841109,2130.9663825859084,2140.64404296875,3867335.0
2021-01-29,2154.323452897603,2161.023389407904,2094.6749116299115,2106.678955078125,4472694.0
2021-02-01,2118.5439757085346,2126.314186256944,2071.597609462264,2092.442138671875,2717591.0
2021-02-02,2113.332546603162,2117.0081857082205,2051.8694723018134,2075.552001953125,4215607.0
2021-02-03,2076.5295509260363,2100.258658498796,2063.5949517901263,2077.785888671875,2353429.0
2021-02-04,2083.508648531232,2102.119712832537,2071.5975219412267,2089.650390625,2908003.0
2021-02-05,2089.650308530664,2126.3140128895234,2085.369673035196,2111.93701171875,4036942.0
2021-02-08,2129.1057762649434,2129.757118084499,2075.412900683544,2081.32177734375,2780672.0
2021-02-09,2090.953135244818,2098.118349772661,2056.98794190417,2062.338623046875,3131481.0
2021-02-10,2065.827649277986,2085.3692621765613,2059.0811400630014,2080.251220703125,2055520.0
2021-02-11,2086.300180554021,2110.494562665709,2078.90232838396,2105.841796875,1824480.0
2021-02-12,2110.494925767768,2114.449777370287,2076.9950063111364,2085.8818359375,1222094.0
2021-02-15,2094.675176908828,2104.678623444488,2059.314156596729,2061.361328125,2449407.0
2021-02-16,2072.342016253955,2074.24969578781,2037.958120289874,2043.5880126953125,2396356.0
2021-02-17,2043.49462493459,2048.659240120564,2009.9947130504163,2013.623779296875,2447956.0
2021-02-18,2013.7170748205087,2017.95113721259,1994.361523303737,1997.7581787109373,3205806.0
2021-02-19,2003.3878571580003,2041.633683860348,2000.6893438011607,2029.629638671875,3364030.0
2021-02-22,2051.870108824812,2051.870108824812,2011.4841848588,2017.0675048828125,2678023.0
2021-02-23,2033.2586396149409,2040.098296164865,2019.486407511276,2027.907958984375,2062144.0
2021-02-24,2036.515635991426,2036.515635991426,2005.8539541240843,2027.535888671875,924143.0
2021-02-25,2025.814329382972,2033.2587550306807,2009.994924881589,2013.0657958984373,2099460.0
2021-02-26,2008.134018720292,2030.8394283356467,1972.772993367478,1983.9862060546875,3413194.0
2021-03-01,1986.916995132736,2004.411439390953,1980.217058042688,1994.5474853515625,1229276.0
2021-03-02,2011.855843306094,2032.2348657381508,1991.8955243404296,2026.6981201171875,2095135.0
2021-03-03,2051.8698188985213,2051.8698188985213,2022.5573929142568,2041.16845703125,2031893.0
2021-03-04,2033.258904370972,2050.474139945737,2023.022818353544,2044.3323974609373,2290915.0
2021-03-05,2032.886594981723,2056.475982097448,2024.185831758489,2048.24072265625,2129837.0
2021-03-08,2056.522612043597,2062.1990775484624,2018.3699301007064,2023.5345458984373,1440724.0
2021-03-09,2024.8842037184445,2051.8702523893244,2011.903029191527,2045.8216552734373,1711842.0
2021-03-10,2056.9878675971813,2081.5543814297275,2040.889251651336,2073.133056640625,2696085.0
2021-03-12,2080.7169950887287,2084.346061763965,2047.217079246513,2051.63720703125,2038930.0
2021-03-15,2052.893105582717,2063.454746034279,2031.676451317604,2057.313232421875,1632022.0
2021-03-16,2067.0844950642813,2091.4183709982203,2060.5240493977294,2088.2080078125,2633605.0
2021-03-17,2097.4671996973325,2104.911626315602,2065.1304715742262,2071.69091796875,3703365.0
2021-03-18,2082.577985749426,2093.651477551777,2051.869731267866,2061.361328125,2597091.0
2021-03-19,2051.032422070113,2163.7688526441534,2039.307360743861,2151.485595703125,5382214.0
2021-03-22,2149.6708841560426,2192.8484586677446,2142.133312901824,2189.777587890625,2471516.0
2021-03-23,2198.897104228815,2208.156062679536,2171.352639979463,2174.98193359375,1970612.0
2021-03-24,2174.982356625166,2187.637745677163,2154.7428215768887,2157.5810546875,1762743.0
2021-03-25,2157.580498028916,2160.7442876791847,2076.110529083436,2081.69384765625,2495833.0
2021-03-26,2098.3974930583336,2163.536217898282,2092.6281085811065,2156.92919921875,1929236.0
2021-03-30,2163.536250366402,2238.9110616694893,2163.536250366402,2232.16455078125,3327203.0
2021-03-31,2220.2997259680883,2269.246910549843,2216.2517290552187,2262.639892578125,2709756.0
2021-04-01,2276.877575809985,2276.877575809985,2225.92978899132,2232.490234375,1532653.0
2021-04-05,2233.3277884235245,2249.333258803389,2183.5431898065835,2208.388916015625,2545447.0
2021-04-06,2216.8566453388084,2243.563473266536,2212.250453035336,2241.051025390625,3683538.0
2021-04-07,2249.146889778869,2265.8968459294774,2221.556080660668,2238.212890625,1713970.0
2021-04-08,2238.91121624565,2269.6194748225853,2229.233552901809,2242.540283203125,1814515.0
2021-04-09,2255.660558549576,2310.563187656187,2255.660558549576,2304.04931640625,2604858.0
2021-04-12,2271.945389996303,2315.448747351342,2268.316323786465,2291.021728515625,2261945.0
2021-04-13,2298.466427977021,2331.873197331176,2278.7387453683946,2283.94970703125,1811781.0
2021-04-15,2323.591324462323,2323.591324462323,2252.962427941108,2289.765625,3352379.0
2021-04-16,2298.3732923852544,2306.7948444091267,2270.54984216098,2288.13720703125,1225517.0
2021-04-19,2270.5493282012017,2288.881176930258,2246.4015232011384,2267.431884765625,1746316.0
2021-04-20,2285.4387719699325,2285.4387719699325,2218.2528730519607,2230.954833984375,1589508.0
2021-04-22,2224.022003416348,2224.022003416348,2170.0499213250723,2186.241455078125,1721265.0
2021-04-23,2177.494223777218,2186.799754648061,2140.272100293847,2147.48388671875,1949756.0
2021-04-26,2162.6055229676185,2205.2249027214434,2150.5083320043746,2196.710205078125,1946867.0
2021-04-27,2198.896993557359,2220.7184184963785,2189.544889387546,2214.576904296875,1668456.0
2021-04-28,2214.7163771887617,2275.202328666606,2201.9678451605946,2239.422607421875,1951215.0
2021-04-29,2264.035861980849,2278.8781396010577,2218.578248764648,2240.39990234375,3151150.0
2021-04-30,2242.633167236458,2273.2482760310363,2168.421551017741,2190.28955078125,4010778.0
2021-05-03,2180.285780694397,2247.285599819449,2177.494121564187,2240.771728515625,1692239.0
2021-05-04,2241.8884476412354,2250.263425408837,2207.4579834855404,2240.446044921875,1453111.0
2021-05-05,2264.966728402324,2264.966728402324,2204.1549794749417,2228.349365234375,1256857.0
2021-05-06,2233.327749084728,2248.728450458294,2211.9715979212747,2224.022216796875,1377740.0
2021-05-07,2241.5170069231617,2255.661372734153,2230.675923832609,2243.750244140625,1169518.0
2021-05-10,2254.730728102856,2277.0174350132106,2248.2168547653737,2263.943115234375,988495.0
2021-05-11,2256.591560302559,2257.5221135233023,2227.977048764702,2235.281982421875,1019077.0
2021-05-12,2223.091430899224,2223.091430899224,2163.582603583769,2167.211669921875,2053932.0
2021-05-14,2167.165193991136,2216.949788752742,2164.466680663438,2211.785400390625,1388970.0
2021-05-17,2219.369391315426,2228.6749233544847,2202.154157043168,2211.22705078125,811243.0
2021-05-18,2235.2819646630173,2241.0979222464566,2202.5728829022496,2209.365966796875,1153722.0
2021-05-19,2196.1049526896386,2214.716011610737,2181.21610555276,2195.872314453125,1323590.0
2021-05-20,2196.1058061134986,2197.966912728849,2177.494739959994,2181.3564453125,856235.0
2021-05-21,2177.49441078421,2201.8282852269745,2177.49441078421,2198.19921875,771492.0
2021-05-24,2191.4528412229697,2196.059034241874,2163.7688828253545,2174.2841796875,1194864.0
2021-05-25,2191.452695274741,2205.2249275017434,2175.633291529657,2181.26318359375,1098457.0
2021-05-26,2192.150929207101,2205.597378910348,2182.380119589496,2190.5224609375,811095.0
2021-05-27,2189.591673108451,2189.591673108451,2161.581930997156,2164.8388671875,3755182.0
2021-05-28,2171.306658553837,2186.8002803037703,2158.278912203092,2160.465576171875,1215325.0
2021-05-31,2163.5363873907195,2182.147453088704,2159.023113084614,2177.541259765625,1178704.0
2021-06-01,2184.008384925375,2198.89723629257,2168.747403148337,2194.523681640625,1141451.0
2021-06-02,2192.383419179653,2208.8075928844823,2186.80009977597,2194.989013671875,1113091.0
2021-06-03,2204.480563792579,2206.3882433182976,2182.147286658336,2199.1298828125,868532.0
2021-06-04,2205.4110153020365,2205.4110153020365,2171.8645280498326,2179.402099609375,1283795.0
2021-06-07,2190.521857697944,2190.521857697944,2169.119137762917,2176.8427734375,1128300.0
2021-06-08,2176.8431958075093,2197.966708491747,2172.981263627992,2195.175048828125,1106664.0
2021-06-09,2197.966375121034,2207.22533283055,2182.70539548224,2192.383056640625,1072858.0
2021-06-10,2199.8281068582187,2233.281454162817,2191.68576509214,2213.600341796875,1944339.0
2021-06-11,2215.647319188411,2222.6730417611857,2196.10570066554,2202.154296875,1128097.0
2021-06-14,2210.4957711695547,2226.148634400808,2190.063114254096,2216.30712890625,1761632.0
2021-06-15,2211.995643345952,2244.80066348032,2211.995643345952,2241.94189453125,1215463.0
2021-06-16,2235.427836716667,2267.155069662729,2234.1624086734523,2256.8916015625,2153668.0
2021-06-17,2247.612653224071,2273.762850693432,2236.740040100292,2266.0771484375,1555777.0
2021-06-18,2268.232773429349,2340.1225845733484,2254.1734793791675,2327.18798828125,3937751.0
2021-06-21,2318.799269730529,2370.396923499079,2312.2851760665194,2356.665771484375,2506277.0
2021-06-22,2360.1809096228176,2375.036761351156,2326.0166382308034,2334.077392578125,1945883.0
2021-06-23,2338.5291267984026,2356.3375650385506,2304.036948019976,2324.9384765625,1035668.0
2021-06-24,2333.8433852756184,2347.715271243199,2318.940621455743,2333.98388671875,759681.0
2021-06-25,2331.9677476925963,2333.795409767511,2291.6644465869767,2295.08544921875,1112942.0
2021-06-28,2296.445410262813,2310.4108855441696,2284.448099046587,2305.911865234375,694906.0
2021-06-29,2301.0377653721025,2340.872431371416,2291.6649027840285,2336.23291015625,1354397.0
2021-06-30,2336.2330076590324,2347.902176302267,2308.536151789415,2316.315673828125,1447245.0
2021-07-01,2328.21868733921,2328.21868733921,2308.5356791129125,2322.594970703125,735043.0
2021-07-02,2322.595204290232,2336.3732656683987,2298.225763082989,2331.31201171875,860231.0
2021-07-05,2342.2787735066127,2355.7756064799355,2329.2036736581385,2342.32568359375,761700.0
2021-07-06,2333.842940312184,2341.294320801464,2314.159927562563,2317.4404296875,461782.0
2021-07-07,2303.849870701333,2334.5929090461964,2292.461932969973,2326.0166015625,623145.0
2021-07-08,2307.786083220477,2314.862639941587,2285.525535513781,2294.054931640625,1114426.0
2021-07-09,2286.978323873417,2309.9418357319823,2285.525484500111,2297.710205078125,538094.0
2021-07-12,2299.163239151841,2305.630422935978,2277.6056547651747,2290.8681640625,543898.0
2021-07-13,2301.037883227498,2301.553436462178,2277.6057255571563,2283.885498046875,994396.0
2021-07-14,2286.791254236957,2288.244093827439,2257.9227892477634,2263.406005859375,1377829.0
2021-07-15,2272.9193245491897,2272.9193245491897,2250.4244528835484,2261.062744140625,693792.0
2021-07-16,2268.2331788476085,2277.606043223012,2255.111168722044,2265.796142578125,545405.0
2021-07-19,2249.5337145297303,2265.42066932027,2248.080875202593,2257.59423828125,463873.0
2021-07-20,2252.298660831115,2305.72397238641,2252.298660831115,2282.197998046875,1061476.0
2021-07-22,2296.3511849313336,2350.713784411341,2226.5233631854626,2229.007080078125,3546044.0
2021-07-23,2232.616140675352,2241.754682812877,2207.028176924346,2210.215087890625,1517589.0
2021-07-26,2209.4183855710985,2211.995923193464,2191.3756222145416,2201.404541015625,1311535.0
2021-07-27,2201.404461643019,2211.4802901671583,2185.7518249575014,2195.49951171875,1656945.0
2021-07-28,2202.6228886342788,2219.9157757599623,2196.155704450583,2213.307861328125,912373.0
2021-07-29,2213.30768892844,2222.6805515542555,2183.876991815237,2188.3291015625,1012663.0
2021-07-30,2193.249987417859,2208.762121770017,2172.629688390853,2186.97021484375,1708251.0
2021-08-02,2195.1242076915805,2205.80917848581,2178.815519883624,2186.501220703125,1229936.0
2021-08-03,2183.87728662232,2242.926329136142,2180.221961236671,2237.162109375,1733476.0
2021-08-04,2237.1617341203096,2244.566203820388,2219.072064078889,2228.023193359375,1588974.0
2021-08-05,2241.0515230235374,2241.0515230235374,2206.3719302373097,2209.83984375,921757.0
2021-08-06,2209.839574906561,2231.4440670636745,2209.652163436989,2222.774169921875,1432661.0
2021-08-09,2230.22588683692,2244.8007348689125,2225.9145070656614,2234.959228515625,921476.0
2021-08-10,2243.8633134386096,2243.8633134386096,2211.1521143944447,2232.428466796875,1061370.0
2021-08-11,2240.114155621893,2244.800586909805,2214.0575518951728,2240.535888671875,1300594.0
2021-08-12,2244.8004023120648,2262.1401966514272,2228.3509840782563,2242.269775390625,1226064.0
2021-08-13,2250.424332042622,2258.5317667382355,2238.239610544682,2253.704833984375,1033159.0
2021-08-16,2253.236323184083,2284.026270463288,2242.5980318734555,2274.2314453125,1146309.0
2021-08-17,2280.417548872602,2331.4527417158406,2278.589886368784,2328.03173828125,1921902.0
2021-08-18,2329.156428630421,2343.2157229682307,2300.100553665616,2330.140625,1545643.0
2021-08-20,2333.8426956615594,2465.062766903575,2320.720688537358,2455.12744140625,5779927.0
2021-08-23,2460.3765585323035,2505.2257999025583,2431.789326137928,2468.95263671875,2163220.0
2021-08-24,2468.812530598711,2491.307405592777,2446.3176556046456,2467.875244140625,1482854.0
2021-08-25,2466.9375923026937,2499.227060235403,2456.299301047181,2479.122314453125,1746570.0
2021-08-26,2466.0003312709323,2528.611103805737,2466.0003312709323,2499.18017578125,2117291.0
2021-08-27,2501.6171925619046,2521.3002053171685,2484.839858935713,2510.005859375,1176229.0
2021-08-30,2522.8000853913404,2536.0625959969,2504.05435798861,2519.14453125,1168190.0
2021-08-31,2519.3320122914747,2565.774598979488,2507.850253940406,2553.261962890625,2535891.0
2021-09-01,2572.851267174667,2600.969860258543,2544.7326740907906,2561.510009765625,1775792.0
2021-09-02,2575.662420473768,2633.7741635848934,2558.931770642985,2625.385498046875,1946183.0
2021-09-03,2626.4636048119723,2632.602875797834,2583.1610238358094,2593.18994140625,1561823.0
2021-09-06,2615.0289059820684,2647.833928100123,2601.2508424584203,2606.218505859375,1444978.0
2021-09-07,2613.716557537144,2632.5558740752217,2596.28294156015,2603.5,1219915.0
2021-09-08,2613.9974384455163,2633.7742691514286,2591.69020954987,2625.244873046875,946711.0
2021-09-09,2607.530626657014,2646.568511616972,2607.530626657014,2634.3837890625,879454.0
2021-09-13,2622.058071180919,2645.4433154510834,2600.9691322706167,2611.607421875,1341412.0
2021-09-14,2626.2761914399,2628.1507640247964,2578.5215006055955,2589.30029296875,1755061.0
2021-09-15,2600.03209396562,2610.3422428602203,2576.6468474660705,2601.39111328125,1362350.0
2021-09-16,2579.411919759776,2621.871035280476,2579.411919759776,2594.642822265625,1259196.0
2021-09-17,2596.376579702256,2608.4674800831112,2529.7354397212785,2551.52734375,3095032.0
2021-09-20,2549.4189290296954,2632.8374160457406,2540.092975404512,2624.72998046875,2671330.0
2021-09-21,2633.774495119054,2679.982755336719,2621.26163151963,2636.07080078125,2277437.0
2021-09-22,2650.551666438462,2661.7991013179285,2600.0320296367167,2609.87353515625,1580594.0
2021-09-23,2623.464403318235,2640.9916116937984,2598.9544576415374,2607.811767578125,1054473.0
2021-09-24,2596.376762677232,2605.65580512766,2560.1036013191065,2574.397216796875,1635284.0
2021-09-27,2591.5965364198887,2591.5965364198887,2534.8907170877355,2539.5771484375,1465932.0
2021-09-28,2554.1048872042297,2581.707919944051,2539.951774095573,2553.027099609375,1078052.0
2021-09-29,2544.685220757203,2572.3351647202344,2509.1152538656056,2516.894775390625,1503894.0
2021-09-30,2516.8951265104447,2535.640853846269,2513.7551256498223,2532.3603515625,1620199.0
2021-10-01,2536.296412291711,2541.920129392136,2512.0207916733966,2534.46875,956111.0
2021-10-04,2530.6728772775714,2553.1677472978163,2511.645920619517,2517.73828125,1025005.0
2021-10-05,2517.7382431900787,2544.685222494481,2517.5508317086733,2538.7802734375,562784.0
2021-10-06,2525.0959458886414,2562.5404840056785,2508.177884125529,2517.59765625,862471.0
2021-10-07,2528.7984229177214,2534.6564622591727,2498.8052614894905,2501.991943359375,1082816.0
2021-10-08,2503.023234163873,2510.568435157302,2460.75152763077,2474.48291015625,1579941.0
2021-10-11,2476.497796906388,2498.3366132931155,2470.218024510976,2479.216064453125,1086252.0
2021-10-12,2460.3762620295925,2519.4722023939835,2460.3762620295925,2508.318359375,1174337.0
2021-10-13,2519.519578173803,2524.674653199483,2476.873048415904,2480.7626953125,1660007.0
2021-10-14,2480.7625154836783,2508.8811044945446,2455.690106948989,2483.386962890625,2158809.0
2021-10-18,2505.179135553757,2510.8964452956434,2477.2948651552288,2487.55810546875,1758177.0
2021-10-19,2502.460361608396,2560.6659268059366,2362.429893306868,2387.08056640625,5431133.0
2021-10-20,2407.888245317679,2421.947538303185,2315.0969116133388,2323.204345703125,4864654.0
2021-10-21,2346.402382446435,2347.9021320266984,2275.7310884474346,2292.367919921875,3254632.0
2021-10-22,2304.786947147004,2341.5754333916234,2277.605645208304,2300.1943359375,1845622.0
2021-10-25,2300.19422175861,2309.0515308399345,2258.85980760624,2301.83447265625,1560381.0
2021-10-26,2328.287197495456,2328.287197495456,2279.390379111753,2298.062744140625,1595060.0
2021-10-27,2315.1785452699205,2315.3671084728644,2254.96495007353,2260.104736328125,3083879.0
2021-10-28,2263.311158575097,2278.3998996322644,2233.133676460762,2253.550537109375,2015791.0
2021-10-29,2263.311278059876,2265.197370791592,2237.8490261817024,2256.851318359375,2453400.0
2021-11-01,2256.7097910417606,2273.5902276810552,2233.369395167008,2270.0068359375,1941114.0
2021-11-02,2277.4567331401254,2289.7163346021634,2265.197131678088,2281.134521484375,1350154.0
2021-11-03,2295.3750465986764,2295.3750465986764,2250.297380490921,2274.01513671875,1591607.0
2021-11-04,2290.6592612812947,2291.602307498372,2282.1718453275967,2284.859619140625,245719.0
2021-11-08,2309.520471511973,2309.520471511973,2263.405597882808,2293.394287109375,2555533.0
2021-11-09,2300.8445006811016,2306.879905147786,2278.824276602266,2292.68701171875,1696949.0
2021-11-10,2273.731980219998,2282.172199124119,2259.5390864055325,2263.45263671875,1794509.0
2021-11-11,2265.8574275873834,2269.8653745899,2231.4362356834163,2240.86669921875,1282647.0
2021-11-12,2251.994658640144,2276.1367370247926,2240.866665787284,2267.979248046875,1651974.0
2021-11-15,2267.1775544535585,2291.602359940457,2267.1775544535585,2286.6513671875,1007999.0
2021-11-16,2295.9875716695105,2295.9875716695105,2263.4055063426867,2269.582275390625,1245209.0
2021-11-17,2267.083570498716,2272.789047328565,2251.240344757527,2254.96533203125,956809.0
2021-11-18,2253.8803312026057,2269.2992280731764,2235.019407928944,2262.744873046875,1236943.0
2021-11-22,2272.175313642307,2272.646836719782,2241.762075145168,2252.512939453125,1629290.0
2021-11-23,2251.806148114937,2263.3112676784503,2203.4278237211247,2257.841552734375,1932539.0
2021-11-24,2268.969465330232,2268.969465330232,2232.1906585356023,2239.499267578125,999070.0
2021-11-25,2251.0515002064603,2251.0515002064603,2207.671370751288,2215.262939453125,1363272.0
2021-11-26,2210.500441525337,2230.3044130577746,2192.7711257253086,2202.107421875,2450902.0
2021-11-29,2201.44692037428,2208.849925014846,2154.577571065181,2196.731689453125,1724612.0
2021-11-30,2189.7533945348446,2226.532198319021,2170.8924695173177,2185.556884765625,3931035.0
2021-12-01,2206.728379366935,2222.524405159412,2190.932353574458,2211.30224609375,1263139.0
2021-12-02,2222.7598510837483,2251.994282727192,2211.4432968991896,2247.56201171875,1673117.0
2021-12-03,2247.5623347907654,2253.786302345396,2204.747893830032,2210.17041015625,1890178.0
2021-12-06,2210.5004657354216,2229.314192850109,2169.9494759629715,2175.13623046875,1079171.0
2021-12-07,2195.3172277662325,2208.2841134348964,2180.322884796463,2189.376220703125,895313.0
2021-12-08,2186.217013245301,2210.9247794474577,2186.217013245301,2207.294189453125,839769.0
2021-12-09,2207.671239436137,2214.8384829272136,2189.32903618514,2206.492431640625,716666.0
2021-12-10,2213.3294424817445,2213.3294424817445,2187.8671949542595,2199.938232421875,724539.0
2021-12-13,2218.0447027308446,2218.0447027308446,2169.949345656324,2173.108642578125,1804894.0
2021-12-14,2173.7215990257546,2192.535325603548,2172.7785527788888,2186.26416015625,1219031.0
2021-12-15,2184.094907007345,2192.39375926422,2169.477691524351,2188.762939453125,755122.0
2021-12-16,2188.763410985121,2192.8657547600938,2172.731622808061,2177.965576171875,926493.0
2021-12-17,2171.835622013718,2177.446701433744,2099.221057143958,2103.22900390625,2439222.0
2021-12-20,2099.2210673843592,2144.817448161579,2075.7862746949795,2139.866455078125,2175705.0
2021-12-21,2159.5759836572897,2171.552625379736,2124.4475096873184,2143.40283203125,1591415.0
2021-12-22,2169.006375000617,2185.4152876562607,2139.771941250608,2147.92919921875,1661605.0
2021-12-23,2168.016252097809,2173.721728277781,2145.0532127627566,2169.619384765625,1423081.0
2021-12-24,2178.436927068813,2181.266065935136,2153.2576372057188,2166.130126953125,895503.0
2021-12-27,2166.1299065048424,2176.645009696095,2148.494988746659,2170.326416015625,584302.0
2021-12-28,2178.437028511302,2186.35852561152,2166.884710935863,2177.58837890625,783710.0
2021-12-29,2183.057646629198,2189.612002179155,2168.11050188216,2175.46630859375,1410236.0
2021-12-30,2176.550973801495,2197.297993482445,2165.8473056444527,2193.148681640625,963711.0
2021-12-31,2206.7286634129064,2235.350214881038,2197.298199039348,2225.73095703125,1123597.0
2022-01-03,2242.5640120824432,2242.5640120824432,2218.987855521442,2226.815185546875,879278.0
2022-01-04,2234.030029571584,2270.9504393358147,2221.2047349144927,2264.490478515625,1484275.0
2022-01-05,2266.8946266165663,2282.171929851865,2255.766634795728,2278.211181640625,1202512.0
2022-01-06,2261.4251256792377,2274.627774453011,2232.850775500243,2255.200927734375,1198901.0
2022-01-07,2251.994598117526,2283.9637760718124,2251.994598117526,2278.541259765625,1026186.0
2022-01-10,2286.887106427784,2286.887106427784,2265.197043150324,2269.95947265625,919447.0
2022-01-11,2279.484299029362,2280.5689404287946,2255.76677639698,2266.753173828125,1321335.0
2022-01-12,2270.100835050469,2278.3996879079086,2261.896378910232,2275.7119140625,1487554.0
2022-01-13,2280.285770136672,2283.9635583167283,2266.375838329593,2276.7021484375,1586299.0
2022-01-14,2282.171668965674,2283.114715109875,2226.343383276168,2229.078125,1596037.0
2022-01-17,2229.361178642725,2257.8411273480906,2211.4433011494034,2253.4560546875,912205.0
2022-01-18,2271.515710940213,2271.515710940213,2223.137386845345,2234.54833984375,1667579.0
2022-01-19,2229.361425589372,2233.6995306100093,2173.7688929400674,2178.342529296875,2145255.0
2022-01-20,2192.582658136317,2193.101379651016,2115.2528611611865,2132.982177734375,2829711.0
2022-01-21,2135.811726203852,2201.400655311312,2121.854592172592,2192.960205078125,4596050.0
2022-01-24,2205.6908718496384,2211.3963479416543,2137.602975874179,2154.483642578125,2231103.0
2022-01-25,2153.44583345922,2200.786703041409,2113.271976308877,2194.7041015625,1843543.0
2022-01-27,2178.436627888796,2193.148240067592,2145.430012314724,2164.62109375,2620474.0
2022-01-28,2163.914115786872,2186.641393304259,2148.306653592165,2153.493408203125,1967721.0
2022-01-31,2159.576458562397,2180.1821164295266,2141.658575281748,2144.251953125,1639875.0
2022-02-01,2172.1184521322657,2187.867278303912,2148.6364625985857,2174.33447265625,1270508.0
2022-02-02,2191.733991072433,2200.1270110218293,2165.753019541474,2195.3173828125,1246111.0
2022-02-03,2196.354788615418,2199.1367290973967,2159.575983653631,2167.26171875,1448039.0
2022-02-04,2174.6650370868074,2181.030600400049,2152.974969500946,2175.23095703125,1014561.0
2022-02-07,2164.5270865663183,2184.755384275521,2109.5946379038687,2129.021484375,1207402.0
2022-02-08,2138.8289897612644,2138.8289897612644,2118.600692849726,2135.386962890625,1190660.0
2022-02-09,2138.404570235288,2150.4756082824715,2127.1352135949646,2147.92919921875,1049611.0
2022-02-10,2150.145463185519,2154.860694464435,2127.3709882027174,2153.115966796875,1195100.0
2022-02-11,2149.202408796501,2149.202408796501,2120.911021230071,2129.3984375,2100036.0
2022-02-14,2093.562884271836,2108.887387366168,2081.3032817963704,2101.6259765625,1661501.0
2022-02-15,2119.9208707194284,2172.920026399279,2095.96758694428,2159.67041015625,1533070.0
2022-02-16,2159.670693964815,2172.54318547619,2145.4306009585816,2156.275634765625,995668.0
2022-02-17,2152.031345177732,2181.265776247193,2146.3730681965462,2176.126220703125,869374.0
2022-02-18,2163.3484839063344,2195.223498896868,2163.3484839063344,2180.842041015625,890713.0
2022-02-21,2167.1199964764087,2172.8254715830617,2154.624635313088,2164.102294921875,737919.0
2022-02-22,2150.1456304048897,2150.1456304048897,2121.948637258422,2140.66796875,902667.0
2022-02-23,2140.715202236883,2144.4401892508595,2123.976129620273,2131.661865234375,1324411.0
2022-02-24,2074.701806397847,2114.3097499745336,2037.262915302304,2047.7305908203125,2997629.0
2022-02-25,2069.986504332886,2070.929550576318,2039.0073431417904,2047.0704345703125,2193728.0
2022-02-28,2040.7523455864848,2055.746690781773,1999.2583052880527,2048.39111328125,2334036.0
2022-03-02,2007.6982854191149,2032.076123288813,2002.1344045898984,2026.7008056640625,2034688.0
2022-03-03,2034.9997466221944,2044.477409045999,1967.7607220892755,1971.9100341796875,2372998.0
2022-03-04,1956.8210013404464,1959.6029417770987,1862.752136336249,1904.48193359375,6320118.0
2022-03-07,1866.7600819863912,1867.3730850823688,1817.2501530627808,1833.2347412109373,2976453.0
2022-03-08,1814.939756976038,1846.4846088689312,1793.2496926226238,1837.9971923828125,3211938.0
2022-03-09,1852.142890756206,1892.7410790880383,1839.883289137148,1884.1121826171875,2879079.0
2022-03-10,1935.0364524170109,1993.5997149456764,1932.301710465322,1982.2359619140625,4879791.0
2022-03-11,1980.3969954755185,1990.016020549222,1952.105609825868,1975.1158447265625,2481643.0
2022-03-14,1975.681840895907,1975.681840895907,1929.5668574810004,1942.01513671875,1730325.0
2022-03-15,1928.5297043157743,1962.2908082673607,1909.668778112197,1922.116943359375,2391023.0
2022-03-16,1942.67538031695,1961.5363063394443,1916.3172822476963,1954.13330078125,2808685.0
2022-03-17,1978.6053358011773,1996.145857081476,1963.752358064948,1982.330322265625,2995889.0
2022-03-21,1986.5270950335728,1990.6764067930608,1929.4727920430528,1934.3765869140625,1674982.0
2022-03-22,1936.7811814483496,1936.7811814483496,1856.8580140093973,1879.962646484375,5356303.0
2022-03-23,1897.40898560378,1901.699891931524,1862.75203718383,1865.8641357421875,3212162.0
2022-03-24,1857.801281406063,1877.935297650501,1840.2134442209365,1853.934814453125,3054664.0
2022-03-25,1862.422269447364,1864.4026437692007,1834.2251604102664,1841.76953125,2233647.0
2022-03-28,1848.3234222194524,1867.9860283133312,1821.305239681377,1862.610595703125,1794533.0
2022-03-29,1867.231726374768,1881.2359412989863,1861.6206467795628,1873.8802490234373,1249125.0
2022-03-30,1886.092577121109,1904.0104566037592,1881.424544039916,1901.0870361328125,1476829.0
2022-03-31,1904.3876909689675,1937.017069406657,1903.0674031463648,1931.9716796875,2540524.0
2022-04-01,1937.865798945237,1967.053266859543,1922.3056497183848,1959.7916259765625,1714996.0
2022-04-04,1959.650287085615,2010.9991140566267,1952.2944796143363,2007.2269287109373,1693019.0
2022-04-05,2022.362813605973,2035.0939388023733,2005.859503166195,2017.9305419921875,1277652.0
2022-04-06,2013.4037240491243,2041.1291914334745,2000.4840365977225,2020.05224609375,1736115.0
2022-04-07,2018.0716794483408,2051.1254949661225,2013.498043497652,2041.5064697265625,1824732.0
2022-04-08,2053.671651780536,2068.5718277012847,2040.2804418653884,2058.717041015625,1693462.0
2022-04-11,2063.3852821260125,2069.1379565882785,2017.0816172014893,2039.8563232421875,1380107.0
2022-04-12,2018.9676830090984,2041.6951903867505,2003.9733392941544,2010.8104248046875,1370233.0
2022-04-13,2015.9500532187897,2041.695263559354,2009.348729041,2029.5770263671875,1071601.0
2022-04-18,2025.663283351574,2058.575504380573,2013.4508808329228,2053.62451171875,1828131.0
2022-04-19,2061.2160730799947,2081.1616387365325,1981.3873028034343,1992.703857421875,1775996.0
2022-04-20,1993.9770340728696,2045.137296603409,1973.5129751078373,2041.6480712890625,1511804.0
2022-04-21,2060.5561512342324,2078.238269236814,2044.5243642452244,2072.7685546875,2244813.0
2022-04-22,2057.727000051768,2064.328324066599,1999.258130206117,2005.812255859375,3520828.0
2022-04-25,1980.3970854438148,2038.8659517759647,1930.4156351921376,1981.1043701171875,2437310.0
2022-04-26,2020.1935358962687,2035.046513636728,2000.201002381688,2025.993408203125,1447088.0
2022-04-27,2025.4748899012152,2029.8127647411964,1983.697892749305,2022.9287109375,2214481.0
2022-04-28,2102.993266190535,2121.8541923447106,2041.695256189466,2114.16845703125,5865359.0
2022-04-29,2116.5732919303923,2159.57630075598,2095.96786580492,2107.5673828125,2678692.0
2022-05-02,2093.562614271604,2123.7400933962394,2080.2655704379536,2103.464599609375,1543544.0
2022-05-04,2114.262810358712,2122.656061380584,2026.27653602692,2047.8724365234373,1608395.0
2022-05-05,2053.9548594529383,2076.540772489272,2030.9446216250583,2043.2042236328125,1101451.0
2022-05-06,2003.9732490390056,2046.4103296068904,1986.243933776799,2026.794921875,1585602.0
2022-05-09,2000.672865994109,2017.5533038555689,1989.9691976428287,1996.0989990234373,1341414.0
2022-05-10,2012.4607622643048,2072.721327484229,1998.3150680590727,2056.218017578125,2162232.0
2022-05-11,2060.5562580797173,2064.9885298416743,1995.486060456148,2040.28076171875,1858636.0
2022-05-12,2041.554199034318,2041.554199034318,1989.073525959054,2016.98779296875,1531515.0
2022-05-13,2046.410673421287,2091.676900298808,2031.4632959933967,2069.13818359375,2057239.0
2022-05-16,2074.7019331731312,2095.401754141016,2048.579595788999,2090.969482421875,1396818.0
2022-05-17,2110.443195278183,2147.316397223866,2094.788765042954,2117.138916015625,2055096.0
2022-05-18,2108.7457248068577,2170.892378026107,2108.7457248068577,2160.89599609375,2137455.0
2022-05-19,2117.70500109376,2153.7293260493248,2117.5634059980034,2135.57568359375,1734602.0
2022-05-20,2159.5758065079885,2214.272486323475,2152.6915231736893,2193.478271484375,2599505.0
2022-05-23,2177.4939920458864,2251.994652665906,2174.995011347305,2244.26171875,2363306.0
2022-05-24,2244.4498339697807,2244.4498339697807,2170.939432723702,2178.1064453125,3078655.0
2022-05-25,2197.250962372461,2197.250962372461,2156.2756414307296,2167.78076171875,1884260.0
2022-05-26,2159.7174935954904,2165.234406804759,2129.398645716527,2150.334228515625,2299127.0
2022-05-27,2166.1773221799226,2201.918684378384,2150.617058437664,2197.86376953125,1011303.0
2022-05-30,2208.802894803114,2230.3043954875534,2198.2408227828696,2215.16845703125,939562.0
2022-05-31,2225.589439969988,2233.039414221278,2172.6844463576854,2219.223876953125,3123979.0
2022-06-01,2235.019641134584,2276.3251134609613,2170.8924953130013,2176.97509765625,2197599.0
2022-06-02,2164.290899617793,2175.5602549869286,2128.596510987263,2154.671875,1460335.0
2022-06-03,2153.917866615991,2192.535568658965,2136.141350797579,2161.4150390625,1845303.0
2022-06-06,2142.789856797586,2170.8454855316904,2119.591054876654,2150.6171875,2131405.0
2022-06-07,2121.853996052861,2131.143093418828,2081.350206930942,2085.64111328125,2034730.0
2022-06-08,2088.84755693253,2092.572543774685,2061.499214200682,2071.919921875,1506843.0
2022-06-09,2071.872872573299,2082.5765409552027,2047.11790538848,2072.532958984375,1497867.0
2022-06-10,2039.809346239342,2083.048115414194,2039.6207830080973,2074.607666015625,1641981.0
2022-06-13,2044.524374390316,2090.7336429996903,2033.2078188125088,2071.7783203125,1519441.0
2022-06-14,2066.0730767590503,2087.85730812968,2036.980006333487,2047.353515625,1592475.0
2022-06-15,2053.727538700909,2053.917766725815,2027.3745698635928,2042.16845703125,1432377.0
2022-06-16,2040.693992516448,2058.7700698394374,2031.22788268788,2042.311279296875,1353485.0
2022-06-17,2054.96452675795,2055.344982836919,1997.8821787924512,2007.823974609375,3252189.0
2022-06-20,2008.34699022926,2095.778014518428,2005.635486179147,2089.118408203125,2022000.0
2022-06-21,2088.26239913283,2123.463177614796,2066.5234470817777,2097.776123046875,1606187.0
2022-06-22,2082.744583339389,2116.708534365837,2079.747852939783,2095.73095703125,1741378.0
2022-06-23,2100.630222236673,2147.580542257982,2085.5034942503084,2143.0615234375,1585753.0
2022-06-24,2154.858407120908,2206.0422868210408,2150.149160367021,2191.86669921875,1930048.0
2022-06-27,2203.236088067896,2218.458048005961,2186.3016111830643,2207.802490234375,1450391.0
2022-06-28,2207.8023595068903,2210.989550087674,2167.083804898519,2204.9482421875,1404108.0
2022-06-29,2184.541395277333,2188.0614269241155,2116.8037226076226,2124.8427734375,1682914.0
2022-06-30,2116.7085827309384,2139.636752892616,2105.767798978931,2122.131591796875,2387212.0
2022-07-01,2117.755298226262,2181.4972591342403,2096.444645994354,2171.365234375,1235612.0
2022-07-04,2165.3238441377107,2262.649298875844,2165.3238441377107,2259.699951171875,2410245.0
2022-07-05,2268.5476155548126,2294.710358028185,2256.275003811133,2284.720947265625,2463079.0
2022-07-06,2283.2937409353603,2387.0885618161738,2283.2937409353603,2376.90869140625,4770394.0
2022-07-07,2383.1880677087825,2407.9237522438834,2345.608854665071,2352.696533203125,3333262.0
2022-07-08,2356.026431536403,2382.0465628751103,2333.5265643378907,2375.4345703125,1346970.0
2022-07-11,2366.063247574033,2402.215400130452,2359.4036405241663,2369.48828125,1587197.0
2022-07-12,2354.646707477866,2369.488209935492,2325.5822339883985,2330.434326171875,1116476.0
2022-07-13,2344.181707286558,2396.8402650878184,2341.708046019131,2376.29052734375,2528792.0
2022-07-14,2381.047381905112,2400.217443725601,2348.1774175431497,2376.338134765625,1663307.0
2022-07-15,2406.972258933351,2448.737415894336,2380.381445846693,2443.60009765625,2996964.0
2022-07-18,2455.4923326362714,2478.325271800654,2409.8740693845,2429.32958984375,1566888.0
2022-07-19,2425.951957292495,2449.783881898284,2400.074674974328,2443.07666015625,1473121.0
2022-07-20,2449.784362757817,2490.693383184452,2412.3003764836794,2477.849853515625,4012897.0
2022-07-21,2489.7416590551693,2502.014270542742,2465.6718900282253,2480.656005859375,1990695.0
2022-07-22,2489.7418518554814,2514.6677650955226,2484.081231890211,2512.1943359375,1905780.0
2022-07-25,2516.8559610380016,2524.942627327483,2484.9849821323983,2496.02099609375,1253821.0
2022-07-26,2497.352539394045,2497.352539394045,2414.6783710926134,2423.24072265625,1685576.0
2022-07-27,2412.0624200070306,2464.530521762835,2402.215621482787,2456.396240234375,1404133.0
2022-07-28,2497.3527944181524,2497.3527944181524,2459.297894693685,2492.691162109375,1442054.0
2022-07-29,2511.6233195313434,2516.3801818789407,2469.762930872488,2509.149658203125,1463059.0
2022-08-01,2509.245012535628,2509.7206987939285,2454.54109283106,2466.908935546875,1559918.0
2022-08-02,2473.568128320368,2510.766880388335,2472.616755963322,2507.10400390625,1359934.0
2022-08-03,2488.0766364816086,2534.4560403735804,2471.5702326505448,2498.636962890625,1767904.0
2022-08-04,2505.915274157585,2514.905698220472,2487.839195870192,2500.159423828125,1189384.0
2022-08-05,2509.720435071272,2528.414810150599,2499.7786397712143,2516.760498046875,1176666.0
2022-08-08,2516.760735122876,2528.7481216090814,2498.3518164881707,2521.47021484375,1024511.0
2022-08-10,2521.470262527375,2546.538789179893,2503.251339326966,2514.287353515625,1098949.0
2022-08-11,2526.8927657256345,2538.023776599695,2479.847445952076,2486.60205078125,810674.0
2022-08-12,2497.2572277503896,2498.399060403199,2459.3927934418016,2468.763671875,1473527.0
2022-08-16,2481.13158940755,2519.567173500732,2464.5778026532125,2515.904296875,1584117.0
2022-08-17,2522.088459545488,2562.997476429855,2515.904538388549,2554.10205078125,1711381.0
2022-08-18,2554.434920123721,2582.976092415606,2535.074398678264,2551.62841796875,1465489.0
2022-08-19,2558.2404137588355,2567.7065227967,2498.7796380578584,2506.438232421875,1324508.0
2022-08-22,2519.234496484466,2537.120346765208,2492.6912954146314,2498.97021484375,1410895.0
2022-08-23,2475.518708599831,2501.824063707715,2459.535605124114,2466.6708984375,1305045.0
2022-08-24,2450.7355793610545,2483.0822446165967,2436.750449954306,2462.389892578125,1242489.0
2022-08-25,2474.7102524359634,2500.5875395704925,2440.6986834734435,2449.023193359375,1106593.0
2022-08-26,2473.473470467071,2487.553831062871,2437.416542699948,2446.502197265625,1048791.0
2022-08-29,2425.999952419213,2481.084329019611,2425.999952419213,2450.54541015625,1450034.0
2022-08-30,2462.8177687298435,2537.310276623246,2459.8686535512825,2530.508056640625,2227943.0
2022-09-01,2521.136999240035,2525.893861502752,2467.860141897604,2479.276611328125,1702269.0
2022-09-02,2487.8387160356574,2495.4496948992464,2459.2975452971987,2476.9931640625,937600.0
2022-09-05,2470.714370406169,2494.879138880415,2460.3445031143992,2474.139404296875,1274074.0
2022-09-06,2465.1962646139177,2492.5958378346886,2438.3676077749265,2447.9765625,1250776.0
2022-09-07,2446.739727804821,2470.619037079562,2436.2746307930543,2439.889892578125,1344964.0
2022-09-08,2454.5406056040515,2469.762562848108,2438.367276032242,2451.8291015625,1004533.0
2022-09-09,2471.6656815345013,2518.2829326488936,2457.823165617208,2462.81787109375,1785443.0
2022-09-12,2465.0057824923047,2478.324995520052,2448.832452387184,2454.921142578125,1595709.0
2022-09-13,2471.6656213655224,2482.1307182997107,2453.5895448428337,2460.820068359375,1342130.0
2022-09-14,2425.9998524560374,2479.276711960954,2422.860276781477,2446.359130859375,1610054.0
2022-09-15,2454.5410367757568,2472.4268861331293,2426.9512344244017,2435.89404296875,1199906.0
2022-09-16,2430.756354570828,2439.176092776895,2396.173876736307,2405.2119140625,2516820.0
2022-09-19,2407.9236718484963,2462.1519015187314,2386.0897205665824,2453.827392578125,1166725.0
2022-09-20,2472.236659541261,2494.0229967792206,2454.1605821280223,2457.91845703125,1253333.0
2022-09-21,2456.4438069930525,2518.0451766688075,2454.5410619837626,2496.02099609375,1960049.0
2022-09-22,2495.5451087667443,2569.8947711066608,2492.6433764076446,2561.80810546875,2620240.0
2022-09-23,2566.70753130177,2591.30060100074,2543.9698236166964,2551.62841796875,1789791.0
2022-09-26,2538.7376818207804,2596.295721824587,2514.525296570438,2531.17431640625,2678551.0
2022-09-27,2545.872639191821,2581.786948657252,2524.371529226907,2548.964599609375,1898501.0
2022-09-28,2540.11709061196,2577.0303919649086,2523.0876148932525,2570.703857421875,1526197.0
2022-09-29,2579.265784955331,2594.392513081238,2560.238337114618,2569.228759765625,2019666.0
2022-09-30,2575.3649054262337,2582.8806539494653,2538.166154298548,2565.327880859375,1340054.0
2022-10-03,2590.5867938773536,2601.051889262095,2490.264630483717,2494.973876953125,1683197.0
2022-10-04,2521.137264601882,2546.348637247901,2506.05791673443,2538.21435546875,1327939.0
2022-10-06,2550.915110509361,2561.380207926514,2478.3729579586425,2486.8876953125,1752351.0
2022-10-07,2484.8896566420176,2485.936259264445,2449.7841054749124,2473.282958984375,1025923.0
2022-10-10,2445.0272868552915,2483.748100547476,2418.388857270876,2478.896240234375,1043728.0
2022-10-11,2483.081964787237,2483.605266061133,2421.242758767632,2426.617919921875,1129783.0
2022-10-12,2438.7959219074246,2477.9450417824232,2429.995725801653,2465.33935546875,882873.0
2022-10-13,2457.3954170739007,2480.370972374835,2438.272734974324,2441.6025390625,753331.0
2022-10-14,2464.054853633632,2497.257662035739,2445.2176310787577,2450.54541015625,1001536.0
2022-10-17,2448.452164717065,2483.034412988089,2443.1243862321485,2464.577880859375,778918.0
2022-10-18,2492.5958455423192,2513.5260396651934,2470.714278959314,2475.708984375,1123374.0
2022-10-19,2488.124643078226,2490.2176162064006,2453.0188570931305,2457.395263671875,1241979.0
2022-10-20,2443.267112201829,2483.082142918157,2443.267112201829,2474.424560546875,1428125.0
2022-10-21,2479.276522040548,2537.072396451125,2479.276522040548,2524.84716796875,2458302.0
2022-10-24,2483.177343415986,2511.623286978465,2425.999765831472,2447.9765625,719908.0
2022-10-25,2460.249573041355,2460.249573041355,2378.431528462253,2383.56884765625,2923789.0
2022-10-27,2372.723011751315,2406.9724217044213,2367.0147767591307,2396.50732421875,1846329.0
2022-10-28,2403.2618407792734,2426.8556897797725,2389.8473974324056,2401.501708984375,1164951.0
2022-10-31,2421.242994727914,2446.930052039369,2418.436492327249,2426.665771484375,1324443.0
2022-11-01,2460.474327395844,2467.035047295944,2439.978449495659,2444.0009765625,1280132.0
2022-11-02,2455.6858976726708,2455.6858976726708,2395.7302904155003,2411.91650390625,1338284.0
2022-11-03,2409.425898344056,2441.3192090010884,2402.338599898968,2438.78125,730444.0
2022-11-04,2437.4405347936363,2438.446225131871,2408.995234785129,2413.8798828125,889055.0
2022-11-07,2424.175572994651,2444.192573818367,2410.671123942331,2425.8037109375,1283685.0
2022-11-09,2403.966887065987,2437.392468578422,2387.34973158671,2402.817626953125,1436444.0
2022-11-10,2398.22000356265,2430.7836937068714,2395.3946713302525,2407.41455078125,1459152.0
2022-11-11,2437.4886015528127,2439.2126088222794,2389.600809773779,2397.310791015625,1162847.0
2022-11-14,2400.901951485409,2407.558306601998,2351.433731015725,2353.971923828125,2137131.0
2022-11-15,2353.972187950725,2364.6990058534143,2340.898681340213,2353.684814453125,1558333.0
2022-11-16,2359.479095587035,2378.1073971399333,2325.5267028725425,2373.175048828125,1330395.0
2022-11-17,2375.186527777857,2392.474067303417,2350.5722496715016,2356.079345703125,960476.0
2022-11-18,2365.656625449033,2383.423040798288,2345.400185527134,2378.77783203125,1075675.0
2022-11-21,2378.7779939976926,2405.8825294507938,2365.704721076698,2395.730224609375,1354881.0
2022-11-22,2400.0399725405687,2417.375444656297,2391.516040137391,2409.426025390625,921265.0
2022-11-23,2414.5019819659115,2418.3330045473726,2396.304624703971,2401.4287109375,734152.0
2022-11-24,2410.671137877421,2451.8546336774725,2405.06817340635,2441.462890625,999929.0
2022-11-25,2447.0657388658856,2447.4487476033737,2411.8202834154367,2430.257080078125,783480.0
2022-11-28,2420.2489095512724,2435.0941244693745,2415.268626150619,2418.52490234375,830905.0
2022-11-29,2420.440065886645,2528.4270169397946,2420.440065886645,2522.919921875,2542932.0
2022-11-30,2522.728566130106,2584.0249322016048,2512.1932532115675,2570.95166015625,3698270.0
2022-12-01,2566.7852800312166,2569.6585471357293,2535.035772057184,2550.35986328125,1675569.0
2022-12-02,2547.6303376293595,2547.6303376293595,2497.012851864045,2504.627197265625,2101890.0
2022-12-05,2490.1647260725235,2514.108617669375,2475.941960933168,2509.17626953125,1640511.0
2022-12-06,2496.6778061807504,2547.582432196071,2493.8524734040966,2542.41064453125,1484562.0
2022-12-07,2547.6778493483675,2604.90374687072,2544.038331276096,2592.979736328125,2368561.0
2022-12-08,2581.1998335320945,2596.5239264388188,2572.2926577646413,2591.160400390625,1314703.0
2022-12-09,2609.5969430113946,2625.783154848445,2596.7151754440406,2607.25048828125,1883397.0
2022-12-12,2588.047157115754,2608.926276135109,2575.0695218622263,2602.46142578125,1163204.0
2022-12-13,2602.2225813364435,2605.095848816756,2583.833716227864,2595.8056640625,1265839.0
2022-12-14,2605.095527360684,2605.095527360684,2558.5008056686847,2571.23876953125,886858.0
2022-12-15,2555.627567622087,2569.898034311601,2536.568088508062,2550.742919921875,990722.0
2022-12-16,2555.292484082604,2574.160226648678,2541.213520534675,2558.453125,1793864.0
2022-12-19,2558.453105021623,2605.095765528721,2558.453105021623,2603.276123046875,1546941.0
2022-12-20,2591.6870452344087,2591.7349797870625,2541.165429699998,2561.565673828125,827567.0
2022-12-21,2574.399301013197,2581.2950950573245,2538.148389275947,2553.568115234375,779092.0
2022-12-22,2563.433364475217,2574.926433921771,2530.3907898163734,2533.599365234375,852567.0
2022-12-23,2520.8132238129824,2537.621884589769,2497.875019548645,2510.373779296875,1189702.0
2022-12-26,2510.229586130543,2526.4157966669363,2496.6295028716804,2506.87744140625,605144.0
2022-12-27,2514.108941558012,2523.5906303210486,2466.4605911418166,2483.7001953125,870960.0
2022-12-28,2483.460573879752,2493.13400015111,2469.190107229014,2474.457763671875,822651.0
2022-12-29,2471.249025334135,2474.1702268431845,2432.124613351648,2459.564453125,1345863.0
2022-12-30,2470.9615953308544,2477.187006937136,2447.2571434453985,2452.860107421875,696432.0
2023-01-02,2465.167234423218,2471.0575721113228,2430.8318338254257,2450.322021484375,681703.0
2023-01-03,2442.325132047284,2453.770266658356,2427.9108610378344,2434.6630859375,821843.0
2023-01-04,2442.755698668042,2450.321874503806,2420.296376237701,2428.964111328125,1672649.0
2023-01-05,2430.352893001794,2482.454706757628,2430.304958453949,2474.55322265625,2008493.0
2023-01-06,2471.0096986309,2501.562011838956,2466.125051044637,2467.609619140625,991782.0
2023-01-09,2479.9651383959435,2518.371006672909,2461.432469655825,2513.19921875,1267078.0
2023-01-10,2513.1992296190183,2541.261522171528,2504.627361715687,2532.162841796875,1413088.0
2023-01-11,2532.306301515955,2535.9937548277453,2478.767846538949,2483.7001953125,1471687.0
2023-01-12,2476.8524093390183,2492.655380303341,2464.066275664316,2480.635498046875,1703829.0
2023-01-13,2480.778690484193,2527.756652878552,2458.2234976828645,2513.15087890625,1348015.0
2023-01-16,2516.93407456714,2516.93407456714,2474.8407578239025,2487.387451171875,930068.0
2023-01-17,2495.3841272241966,2561.9960718579096,2491.888413030794,2554.86083984375,1892865.0
2023-01-18,2555.292281195255,2579.7150522486577,2547.630235374579,2572.723388671875,2038075.0
2023-01-19,2557.30365495725,2566.114960862192,2501.56208469832,2537.813232421875,1649842.0
2023-01-20,2442.277028606241,2494.953591968336,2428.916383391633,2441.079833984375,4569549.0
2023-01-23,2451.85482377097,2493.996078554534,2444.1927774466863,2486.717041015625,1388360.0
2023-01-24,2493.9959439140307,2499.7424783470124,2471.776057538585,2490.643798828125,1462462.0
2023-01-25,2490.6437448108422,2530.3906071102656,2484.4183326434627,2511.57080078125,1591810.0
2023-01-27,2524.165203293354,2534.7484507783265,2469.28575370164,2501.801513671875,1581382.0
2023-01-30,2499.742324991905,2499.742324991905,2423.313374956624,2459.66015625,2744039.0
2023-01-31,2459.5163670624333,2480.778494498264,2433.8484703603904,2467.896728515625,2366794.0
2023-02-01,2490.356399950708,2493.0381627575084,2439.260272101313,2465.502685546875,2014615.0
2023-02-02,2460.953057379739,2528.235389460271,2454.7276458705087,2523.54248046875,1980667.0
2023-02-03,2528.474862848041,2545.187651823804,2519.998631992898,2536.855224609375,1638238.0
2023-02-06,2519.8554760862344,2533.2640571068373,2489.925607736673,2526.1767578125,1697446.0
2023-02-07,2533.263957580425,2533.790770008099,2485.6635435928188,2491.314208984375,1495745.0
2023-02-08,2483.17333898612,2497.3481711525187,2469.429683978046,2473.691650390625,1061956.0
2023-02-09,2477.7141313036195,2490.0690869779705,2457.60126050448,2477.4267578125,1102484.0
2023-02-10,2475.7981570342813,2477.378360199443,2447.400797816137,2468.614990234375,1523011.0
2023-02-13,2451.854659046881,2481.305647627229,2442.277101784979,2471.967529296875,1146525.0
2023-02-14,2475.798740909794,2492.080589496048,2461.623908316341,2470.626953125,1944364.0
2023-02-15,2442.277048577418,2463.156169718907,2429.8262244082,2440.79248046875,2009134.0
2023-02-16,2451.854550892754,2453.6741931614165,2416.2740207651195,2420.344482421875,1982857.0
2023-02-17,2418.3332988789816,2438.6856088200425,2400.997826057172,2409.234619140625,1395341.0
2023-02-20,2411.628815253265,2435.572707382468,2402.242762773204,2405.35546875,632091.0
2023-02-21,2421.2064322758742,2436.4825890685283,2406.1697144104623,2409.85693359375,862797.0
2023-02-22,2409.857181013879,2416.94471428418,2377.8682305808093,2388.69091796875,885515.0
2023-02-23,2386.727145725292,2409.617412861733,2375.329946706308,2385.43408203125,757215.0
2023-02-24,2386.918637167013,2405.16392947007,2367.5240848238504,2379.256591796875,732783.0
2023-02-27,2381.9383090747338,2381.9383090747338,2352.24788383094,2363.884521484375,853991.0
2023-02-28,2365.4173312615303,2369.82310136846,2332.757765720968,2356.70166015625,1780454.0
2023-03-01,2354.163700384883,2365.6567697114165,2344.5861426127726,2362.065185546875,967339.0
2023-03-02,2362.065422048512,2365.657006572661,2340.755353871896,2351.6259765625,827174.0
2023-03-03,2361.82547946808,2384.715746423581,2351.912614764303,2366.6142578125,1176008.0
2023-03-06,2377.1020065024977,2393.2882201282905,2371.0203973524576,2379.879638671875,1214503.0
2023-03-08,2381.938294542572,2395.729882331173,2362.974685962948,2380.11865234375,1448340.0
2023-03-09,2379.879481391886,2386.679406956274,2353.110020977411,2357.419921875,1038910.0
2023-03-10,2346.50179140768,2366.135785988846,2341.8088813557074,2361.299072265625,772024.0
2023-03-13,2361.825674591218,2383.37517892143,2341.71280388302,2351.38623046875,1314549.0
2023-03-14,2357.9949257692338,2367.572484362935,2336.6848578982485,2339.270751953125,1250763.0
2023-03-15,2348.321078141189,2355.600114901639,2291.909361642456,2304.4560546875,1738040.0
2023-03-16,2322.509607031112,2364.9861652914715,2306.0362559758287,2355.45654296875,1628035.0
2023-03-17,2367.2368064297657,2378.298931642593,2336.7324273710287,2344.01123046875,2127178.0
2023-03-20,2344.010870981196,2410.3354437083585,2322.5572399042376,2405.11572265625,1561128.0
2023-03-21,2408.75539293394,2416.6568768272623,2354.8816391158352,2358.569091796875,1595161.0
2023-03-22,2368.1469413578857,2376.575004826379,2350.7155997906552,2371.738525390625,1063244.0
2023-03-23,2370.445226776383,2394.4370525037143,2361.8254259517416,2380.11865234375,1578627.0
2023-03-24,2367.76369538044,2392.3779711508814,2365.6566795163285,2376.00048828125,1449326.0
2023-03-27,2380.023060005252,2399.178175176321,2359.91018907563,2393.431640625,1387736.0
2023-03-28,2403.7754207962616,2407.319070295054,2367.476337685535,2377.916015625,1412387.0
2023-03-29,2380.0228440797264,2432.50790165221,2375.282000270414,2423.93603515625,2613254.0
2023-03-31,2450.7056172736043,2459.9478673238964,2410.240434237036,2452.190185546875,2146167.0
2023-04-03,2461.4319331805013,2461.4319331805013,2408.8033088454185,2428.964111328125,918048.0
2023-04-05,2406.361453704642,2479.198829247868,2396.305017778712,2473.643798828125,1489612.0
2023-04-06,2466.221175655242,2475.798733618952,2445.1505481350805,2456.883056640625,797414.0
2023-04-10,2456.8827141749184,2460.426363362121,2418.3330487444377,2425.180908203125,853322.0
2023-04-11,2432.699707079163,2447.0660439319927,2425.9954165478425,2440.122314453125,913184.0
2023-04-12,2448.023549176002,2448.023549176002,2412.251280542777,2422.1162109375,1109809.0
2023-04-13,2418.3329980194017,2454.1052648080577,2418.3329980194017,2429.059814453125,1261711.0
2023-04-17,2464.3055125828782,2470.052047007868,2434.040337747101,2444.049072265625,1566977.0
2023-04-18,2451.8545012024724,2451.8545012024724,2423.121831266506,2433.705078125,1474786.0
2023-04-19,2440.361641725093,2440.361641725093,2404.206362300006,2424.654541015625,1320243.0
2023-04-20,2411.437645948158,2425.4207405983043,2375.2344292529942,2387.30224609375,1401364.0
2023-04-21,2386.7271816547222,2403.487906244994,2380.645339486852,2392.42578125,1206288.0
2023-04-24,2396.3046083905265,2399.082006212353,2370.5410752364164,2394.149658203125,1735797.0
2023-04-25,2385.6259183638385,2394.149850704101,2373.3665984355016,2385.24267578125,1701098.0
2023-04-26,2384.81178817641,2411.628948846668,2377.3412466528503,2404.733154296875,1245903.0
2023-04-27,2407.749636636419,2415.4596159587154,2353.2055021453466,2364.650634765625,2743893.0
2023-04-28,2333.1408551288887,2363.54959906499,2316.811073430857,2353.4931640625,3761927.0
2023-05-02,2367.3806220657766,2373.3186607307607,2346.501500722504,2348.129638671875,1760370.0
2023-05-03,2353.1578625413504,2384.8117357593146,2349.039466192093,2380.980712890625,1258140.0
2023-05-04,2381.890395047551,2403.3442621563963,2375.377609785454,2400.85400390625,1150227.0
2023-05-05,2394.389349210862,2413.5444640045484,2389.313197025118,2395.107666015625,1354871.0
2023-05-08,2399.896362947055,2420.1051018966955,2391.6595703355715,2410.000732421875,972810.0
2023-05-09,2418.3332788275507,2418.3332788275507,2394.43731953089,2409.52197265625,1651327.0
2023-05-10,2414.5022330927027,2427.9108135224124,2399.9923270871013,2416.13037109375,2025658.0
2023-05-11,2429.778236264061,2489.207023234044,2416.992338176244,2482.8857421875,1749356.0
2023-05-12,2484.418248251399,2528.475009785541,2477.1392115105814,2512.576171875,2170011.0
2023-05-15,2526.5116455736534,2557.926079840244,2512.241178928647,2549.78515625,1561055.0
2023-05-16,2557.2077333067164,2565.252787700896,2538.627366153596,2562.8583984375,1477905.0
2023-05-17,2559.123393033249,2561.0389045549805,2535.227433565067,2549.306396484375,839404.0
2023-05-18,2552.897559615868,2556.441208581307,2511.091621078697,2516.55078125,1434067.0
2023-05-19,2517.60444969665,2537.094871896067,2490.787289857809,2529.86376953125,1174757.0
2023-05-22,2523.686381245825,2543.272439412657,2512.241246889463,2526.655517578125,768232.0
2023-05-23,2520.813180825408,2537.8612802575026,2514.108890450872,2517.26953125,703864.0
2023-05-24,2509.319867218569,2526.559469359765,2497.826799124438,2504.483154296875,628872.0
2023-05-25,2499.74239110327,2515.210052214707,2471.536532344551,2487.531005859375,1072231.0
2023-05-26,2493.7564454696626,2544.4695638651183,2493.1339977851108,2540.303466796875,947073.0
2023-05-29,2557.208075183852,2566.354690158264,2533.3121139058885,2538.34033203125,698267.0
2023-05-30,2543.320237493393,2552.418916558047,2538.866767060997,2544.325927734375,948051.0
2023-05-31,2544.325528894054,2566.784849562317,2526.559116845296,2554.86083984375,3388305.0
2023-06-01,2554.3343981022563,2615.870200531229,2542.3624521044017,2583.928955078125,1541080.0
2023-06-02,2595.518141687837,2622.5268076883217,2577.943229743726,2601.93505859375,1509260.0
2023-06-05,2601.695531235555,2607.0111223540453,2570.759974090992,2581.91796875,1000190.0
2023-06-06,2585.9403426487465,2593.506519009372,2557.351241996412,2577.464111328125,655372.0
2023-06-07,2576.362659660574,2611.7996181763515,2566.162655672668,2601.455810546875,1428490.0
2023-06-08,2592.644973202744,2606.580366979653,2561.9009182238765,2566.689697265625,923536.0
2023-06-09,2575.3573098116863,2575.3573098116863,2509.4159658853505,2524.835693359375,1413808.0
2023-06-12,2533.2638649979763,2544.756933572636,2521.770796423316,2531.779296875,775484.0
2023-06-13,2518.5144963410708,2583.067137351391,2516.503115828988,2562.8583984375,1787924.0
2023-06-14,2558.165202079232,2587.951494705771,2539.967845718504,2584.742919921875,1536248.0
2023-06-15,2599.3012613389296,2602.7013411350863,2565.0135575311424,2576.07568359375,1830192.0
2023-06-16,2576.0754853202907,2608.9265529246622,2569.850073207952,2600.92919921875,1748145.0
2023-06-19,2608.991794800498,2618.068133840753,2582.921188412781,2590.88720703125,1068263.0
2023-06-20,2578.0935218850746,2588.1354398104154,2556.9474558317647,2583.983642578125,1129279.0
2023-06-21,2593.494321938956,2613.6750446703195,2576.596706026891,2584.46630859375,1201840.0
2023-06-22,2576.789509730878,2585.817757885281,2557.526276717742,2562.98193359375,830052.0
2023-06-23,2560.037202777952,2568.968799990483,2537.0080713460443,2550.671142578125,991214.0
2023-06-26,2551.201637164964,2582.1484570138286,2551.201637164964,2560.809326171875,758700.0
2023-06-27,2560.809632754003,2569.9826242005406,2545.2637319025075,2560.08544921875,687747.0
2023-06-28,2561.630186457027,2595.087606624462,2551.057154180366,2569.64453125,1397573.0
2023-06-30,2574.182884968746,2593.446120889596,2560.08558617045,2585.962890625,1160181.0
2023-07-03,2594.508045057347,2612.7092843648484,2567.906324429772,2608.074462890625,980665.0
2023-07-04,2608.074695137276,2613.53011694226,2582.921339246962,2607.060791015625,721907.0
2023-07-05,2607.012328478989,2664.4158946322364,2603.2949945433297,2660.98828125,1717547.0
2023-07-06,2664.8984980381774,2669.8230398929186,2641.483232679261,2662.195068359375,1265020.0
2023-07-07,2658.3331128901764,2674.313241564066,2598.3706196797552,2605.226318359375,1178930.0
2023-07-10,2616.6196443855306,2618.019921030288,2559.7471962955656,2565.106201171875,1518183.0
2023-07-11,2565.637736031809,2623.234377023516,2554.919724525342,2592.094482421875,2476367.0
2023-07-12,2611.840316089044,2611.840316089044,2551.5400136239905,2581.61767578125,2395826.0
2023-07-13,2592.5288051258945,2594.94275031321,2559.940545097133,2563.320068359375,1495067.0
2023-07-14,2563.6097937887644,2594.025503206597,2559.795807532943,2584.755859375,1419016.0
2023-07-17,2578.093165819438,2610.150307100992,2578.093165819438,2589.390380859375,912701.0
2023-07-18,2593.108220539078,2608.123006602585,2585.1422014999685,2590.452880859375,1215904.0
2023-07-19,2590.4045287599947,2604.0673639525253,2569.306553949596,2579.638427734375,1166542.0
2023-07-20,2577.1762510431054,2622.7998158448413,2566.699634460564,2610.198974609375,1430764.0
2023-07-21,2558.7818245367703,2584.2249003698203,2502.77829781106,2514.365234375,5198952.0
2023-07-24,2514.365340915972,2516.248171040028,2486.3635763666007,2491.432861328125,1777469.0
2023-07-25,2491.384530663256,2497.564371856536,2474.100777216417,2479.749267578125,1653775.0
2023-07-26,2490.708442012752,2509.3441444928712,2483.7563275852003,2494.377685546875,1300033.0
2023-07-27,2472.8454090240016,2494.0881263213573,2465.120784552236,2481.390869140625,2276136.0
2023-07-28,2481.535765948439,2504.468246275784,2476.9009438296484,2495.63330078125,966450.0
2023-07-31,2486.4115856089,2493.991231191115,2466.0861223008365,2472.652099609375,2003252.0
2023-08-01,2481.535462737908,2485.20470628932,2457.3960127112746,2463.2861328125,1758897.0
2023-08-02,2450.636893284709,2484.8665852496183,2448.7057373404346,2480.521484375,2082908.0
2023-08-03,2469.900492358139,2472.8938788096693,2449.864746469932,2463.4794921875,1475310.0
2023-08-04,2463.4791827802337,2470.8657601382306,2447.7885403806595,2458.361572265625,1359318.0
2023-08-07,2452.568109125502,2485.397760979938,2451.3611366308537,2480.762939453125,803823.0
2023-08-08,2480.763109518433,2496.2123585090344,2467.583063268059,2477.528564453125,1002061.0
2023-08-09,2477.528425780728,2480.521576163025,2453.5337179905014,2464.34814453125,1212549.0
2023-08-10,2461.306819362244,2463.5757863780814,2440.595216968013,2449.3818359375,1313334.0
2023-08-11,2447.740248159211,2449.333357576304,2412.979439901329,2415.68310546875,1472199.0
2023-08-14,2415.6831227312014,2452.56815572106,2402.4547510858965,2445.90576171875,1060479.0
2023-08-16,2446.7745307949444,2467.099993835452,2437.504888159405,2464.734375,1155882.0
2023-08-17,2464.73454760788,2472.507262077723,2445.8091241252887,2455.706298828125,1532873.0
2023-08-18,2444.940298127666,2479.363061645281,2444.940298127666,2466.810546875,1970819.0
2023-08-21,2466.8102884446107,2486.266590005513,2451.650761649872,2474.534912109375,977004.0
2023-08-22,2485.0115357149134,2486.3632505661294,2465.120535415662,2477.47998046875,960025.0
2023-08-23,2486.3635410856305,2494.570954716399,2474.2938151580306,2485.4462890625,1136112.0
2023-08-24,2496.019110831568,2502.5367622815147,2478.59038091805,2492.398193359375,1143934.0
2023-08-25,2478.639058727936,2491.8674319563247,2463.6725977188653,2475.307861328125,802955.0
2023-08-28,2476.707706244477,2479.604440403827,2451.602676863441,2467.727783203125,619841.0
2023-08-29,2470.817504416409,2470.817504416409,2435.284421821932,2439.19482421875,958564.0
2023-08-30,2439.194522895919,2448.705559525544,2433.2563130932062,2444.794921875,1227377.0
2023-08-31,2444.892142621502,2452.3753731027027,2405.351765484333,2418.821533203125,3235414.0
2023-09-01,2418.8212284856163,2427.9458934851746,2413.945012413178,2418.579833984375,813413.0
2023-09-04,2427.4632529011587,2427.4632529011587,2406.2205354931134,2415.296875,1143301.0
2023-09-05,2423.600605012603,2436.5875810275616,2415.97263365808,2420.752197265625,844088.0
2023-09-06,2426.9321238340804,2439.1468277154218,2421.138655483451,2436.63623046875,1094146.0
2023-09-07,2423.6009430880536,2435.0431374527443,2413.9451624383005,2421.138671875,1894798.0
2023-09-08,2417.807307999544,2434.270460019667,2415.441689050821,2427.27001953125,1018234.0
2023-09-11,2427.2698441340217,2451.505708700521,2422.683348973036,2448.947021484375,1121083.0
2023-09-12,2461.258608989096,2461.258608989096,2402.358344121173,2412.8349609375,3946716.0
2023-09-13,2408.151480461981,2422.635150152009,2406.2203245033106,2420.26953125,1231305.0
2023-09-14,2424.566622966459,2427.4633572830257,2407.282869172347,2414.7177734375,2081195.0
2023-09-15,2389.6125304768107,2404.289269229967,2381.115396755461,2384.68798828125,3750697.0
2023-09-18,2386.281284890508,2407.1376282510028,2377.253036294662,2402.985595703125,1499641.0
2023-09-20,2365.3281484401355,2394.6335362123027,2360.838304854468,2381.936279296875,1795159.0
2023-09-21,2381.1155532778025,2397.5303806929373,2358.8106052601493,2388.212646484375,2223720.0
2023-09-22,2383.046711411112,2404.289429259996,2373.3909305707107,2396.999267578125,1176741.0
2023-09-25,2396.9993832043424,2413.655605957496,2375.3222013193463,2390.626708984375,1122778.0
2023-09-26,2388.840064768004,2403.3237353304617,2376.528944789915,2393.61962890625,1263548.0
2023-09-27,2390.771132082542,2418.5798256773924,2384.0120860710003,2415.634765625,1086791.0
2023-09-28,2413.944985281209,2414.910563275321,2368.7558880093816,2375.659912109375,1612346.0
2023-09-29,2380.681166134431,2387.681607460973,2366.1491683712743,2380.7294921875,1249567.0
2023-10-03,2404.2893182712205,2412.979520626417,2377.0600647056344,2383.91552734375,1585626.0
2023-10-04,2382.1295126275395,2424.614949275004,2380.294772784748,2421.525146484375,1587335.0
2023-10-05,2431.3253284834987,2437.891305826924,2409.455081757511,2432.822021484375,1909928.0
2023-10-06,2433.208152902025,2433.2564789477788,2408.151451784032,2413.365478515625,1083342.0
2023-10-09,2399.4614513403044,2429.877159878421,2395.599139144988,2424.856201171875,1468771.0
2023-10-10,2425.724846454694,2434.0772370527566,2417.179623153372,2429.587158203125,1092373.0
2023-10-11,2431.66350925626,2475.6937256763563,2429.6357011126142,2468.403564453125,1697398.0
2023-10-12,2467.0515102346194,2479.169559907787,2451.795332417317,2468.982666015625,1625010.0
2023-10-13,2465.169251891894,2488.005080000637,2455.175424114026,2481.004638671875,1531977.0
2023-10-16,2471.879716727025,2493.122433042648,2464.734533715589,2470.23828125,954899.0
2023-10-17,2470.238243516223,2481.5354589641443,2458.7960499262726,2468.162109375,1253538.0
2023-10-18,2481.5838275872184,2482.74247405925,2452.1336980942456,2460.5341796875,1084689.0
2023-10-19,2438.08445812779,2466.4723571277004,2438.08445812779,2460.389404296875,1272343.0
2023-10-20,2433.256671585715,2455.996081675876,2399.509766085493,2409.261962890625,3608160.0
2023-10-23,2408.151508353571,2423.552430154981,2394.9714630777166,2398.012939453125,922707.0
2023-10-25,2389.853816741413,2404.289160335826,2380.1497109348647,2392.0263671875,1435836.0
2023-10-26,2376.287662518064,2404.289426928069,2371.1217254787243,2391.157470703125,2650560.0
2023-10-27,2382.371003615378,2409.1174710767555,2379.039806163464,2396.61328125,1784812.0
2023-10-30,2385.9433169049635,2406.2204555755443,2377.639251535615,2393.5712890625,875135.0
2023-10-31,2385.1708255197354,2406.220473923737,2382.8535325201574,2398.495849609375,920414.0
2023-11-01,2399.461265654231,2408.10314137512,2381.8877936728577,2387.150146484375,1267131.0
2023-11-02,2407.3331132258577,2427.758969944138,2395.953040547401,2418.810546875,1595123.0
2023-11-03,2428.731645353598,2443.8078730279994,2417.837902527187,2440.646728515625,1125583.0
2023-11-06,2446.239267890922,2448.914082199749,2422.992794884147,2429.120361328125,1338677.0
2023-11-07,2427.7586396855145,2436.707061537359,2417.3025477878305,2428.1962890625,1473411.0
2023-11-08,2429.7040781420524,2455.9658916367825,2429.4122327211808,2450.470458984375,745022.0
2023-11-09,2451.151471211457,2453.048110401601,2405.4364588447343,2408.986572265625,1823094.0
2023-11-10,2409.2784338082943,2420.561382986039,2397.947041610971,2418.5673828125,771062.0
2023-11-13,2409.472993268767,2419.1995920123563,2403.4425495409,2410.39697265625,760809.0
2023-11-15,2433.497368922337,2434.616070130559,2408.305576017346,2418.421142578125,1457029.0
2023-11-16,2412.390829906833,2437.2910162008766,2407.673572275264,2423.090087890625,1420578.0
2023-11-17,2397.6063676600565,2464.233562866837,2397.6063676600565,2459.662109375,1756043.0
2023-11-20,2465.1573230953686,2465.206003573398,2431.6492440061133,2437.9228515625,944231.0
2023-11-21,2436.512938551697,2448.184856820209,2429.7043195617325,2436.756103515625,1088806.0
2023-11-22,2439.1876422475693,2455.2365291370456,2435.540167954506,2452.95068359375,816610.0
2023-11-23,2437.6799791308563,2458.6408456223944,2437.6799791308563,2451.00537109375,1023670.0
2023-11-24,2446.336714391818,2450.9081678772363,2438.8957245748948,2446.433837890625,735137.0
2023-11-28,2462.5314732856355,2462.5314732856355,2431.649524326687,2441.9111328125,1880641.0
2023-11-29,2443.321390694124,2459.5160811994792,2439.5281125022043,2456.0146484375,1265214.0
2023-11-30,2447.357762115928,2484.6593589283843,2447.357762115928,2475.9541015625,3095684.0
2023-12-01,2477.8509646014413,2511.359048896516,2472.5013354335088,2493.559326171875,1345599.0
2023-12-04,2506.5442480130214,2537.0856700572185,2504.598928456938,2531.152587890625,2188039.0
2023-12-05,2564.903824357048,2564.903824357048,2486.4102280786374,2493.170166015625,3108717.0
2023-12-06,2499.7357967894936,2513.061189146927,2492.9271778877323,2497.449951171875,1573754.0
2023-12-07,2481.352605400523,2489.8146984900973,2430.2879639530115,2449.400634765625,3925967.0
2023-12-08,2450.1300189394583,2464.6712353538646,2439.7226066459302,2453.33984375,1605805.0
2023-12-11,2453.339955479056,2460.7807082491927,2430.676933773446,2435.19970703125,2012243.0
2023-12-12,2431.649404405154,2449.157280116872,2428.731425119868,2434.32421875,1677929.0
2023-12-13,2439.2850387724416,2447.8929357500824,2429.7529249878,2443.22412109375,1513205.0
2023-12-14,2452.4160336763466,2455.7716627011187,2432.8167950124484,2447.552734375,2166569.0
2023-12-15,2451.102721380852,2462.7746391017126,2438.4581438499185,2453.92333984375,2543337.0
2023-12-18,2451.2482893044275,2474.932648385119,2446.2391867512574,2466.1787109375,1969036.0
2023-12-19,2465.741070436382,2496.768820515026,2465.6923899572366,2490.689697265625,1656220.0
2023-12-20,2502.604938717555,2502.604938717555,2477.3644648666605,2487.577392578125,1468642.0
2023-12-21,2472.744441932788,2509.4623503536604,2466.665318022048,2483.39501953125,1945695.0
2023-12-22,2489.2308543616746,2509.219060276646,2477.169968110485,2505.1826171875,1174984.0
2023-12-26,2505.18277698832,2520.793777435842,2496.866487869477,2514.08251953125,893776.0
2023-12-27,2515.2981650281267,2540.587319046197,2510.3375052152,2536.988525390625,1073278.0
2023-12-28,2542.386987819999,2567.8219473500526,2535.578369020207,2561.79150390625,1635216.0
2023-12-29,2561.7915876966063,2594.1812085395904,2549.5846589559915,2591.1171875,1305681.0
2024-01-01,2591.0197556936,2596.417827303637,2565.8764063088565,2582.16845703125,526353.0
2024-01-02,2575.60329848568,2581.3905771352684,2535.7242443928126,2542.33837890625,1310629.0
2024-01-03,2527.94274817919,2556.733572425251,2524.587119457946,2535.286376953125,1008270.0
2024-01-04,2535.286426531461,2551.286632605352,2517.2922203922312,2521.669189453125,1376844.0
2024-01-05,2524.0523038001816,2557.9980374854003,2524.0523038001816,2548.41748046875,1150738.0
2024-01-08,2553.1834213291886,2554.204761663071,2496.3315006886032,2507.76025390625,1189828.0
2024-01-09,2511.942488938203,2518.2160968427474,2501.243231670814,2509.218994140625,1017205.0
2024-01-10,2509.462360152429,2523.3714432076704,2494.8724627096826,2506.933349609375,881278.0
2024-01-11,2509.4621638337453,2518.216101614561,2462.628691692687,2466.859619140625,2399600.0
2024-01-12,2464.233605294857,2485.145791011786,2443.175615594119,2474.446533203125,2979841.0
2024-01-15,2476.391845520804,2508.246453902896,2461.801948551907,2502.84814453125,1391204.0
2024-01-16,2502.847869675987,2513.936332634109,2486.4586963601982,2498.860107421875,1599406.0
2024-01-17,2479.309714242385,2501.048754741956,2470.3126115131804,2492.82958984375,3047652.0
2024-01-18,2499.7356736978145,2499.7356736978145,2468.172910836301,2478.337158203125,1273095.0
2024-01-19,2494.8722615546167,2503.5775188337507,2462.774489768534,2495.26123046875,1323064.0
2024-01-23,2383.9891856871554,2412.6826499783715,2300.7780917494733,2310.60205078125,4369332.0
2024-01-24,2322.7114317991063,2379.028335096376,2302.431381472348,2374.89453125,1551469.0
2024-01-25,2387.685397598124,2400.5244598578547,2354.031272501974,2361.909912109375,2364765.0
2024-01-29,2344.109936395991,2382.0436656571715,2344.109936395991,2377.5693359375,1587091.0
2024-01-30,2386.907158539237,2426.348561076714,2380.3903853468933,2391.429931640625,1793711.0
2024-01-31,2383.016635759864,2417.9350294363176,2374.992191986387,2413.7041015625,1445004.0
2024-02-01,2407.430425282823,2442.8838283732025,2400.8649714710573,2405.971435546875,1727534.0
2024-02-02,2409.2782131925123,2418.907449780938,2375.2351217667,2385.54541015625,1956115.0
2024-02-05,2396.633702082042,2397.363196918309,2346.7848882704734,2353.350341796875,1315445.0
2024-02-06,2358.651317404168,2374.6030804878965,2351.9400598191687,2360.01318359375,1557511.0
2024-02-07,2373.1923365182843,2373.1923365182843,2345.6175761602594,2359.137451171875,1149076.0
2024-02-08,2375.040613855351,2375.040613855351,2333.4107292582994,2350.96728515625,1758661.0
2024-02-09,2350.967305103393,2362.0555313089367,2340.3167282938484,2357.873046875,886474.0
2024-02-12,2357.824492849827,2363.417286170117,2316.875424161925,2320.425537109375,1292460.0
2024-02-13,2324.6569681446454,2335.307545672906,2315.0277309198127,2328.547607421875,957865.0
2024-02-14,2319.793542979005,2328.54748087704,2305.2036464822822,2322.662841796875,1397975.0
2024-02-15,2303.5989391284606,2319.501784426025,2282.589392400023,2286.577392578125,2553695.0
2024-02-16,2305.1549144537,2316.8755118704607,2293.142709086135,2310.31005859375,2363302.0
2024-02-19,2324.1706111600542,2329.4715596203723,2308.899899667977,2321.884765625,576683.0
2024-02-20,2305.30090726846,2342.602265211362,2303.452711313064,2338.371337890625,1032995.0
2024-02-21,2338.37157131742,2356.5602624821377,2328.644973104654,2341.28955078125,1127778.0
2024-02-22,2354.128434265619,2354.128434265619,2301.0697975486364,2322.808837890625,2258516.0
2024-02-23,2323.246466347729,2339.73300142542,2318.77213656344,2328.644775390625,1210775.0
2024-02-26,2325.726952546895,2340.754499026937,2314.9303337351826,2338.517333984375,831596.0
2024-02-27,2338.322749515633,2343.0886873655463,2323.8299765750226,2339.53857421875,1120424.0
2024-02-28,2345.180234589721,2358.7001113758306,2335.356275222008,2355.344482421875,629152.0
2024-02-29,2358.6998993298203,2362.396053881716,2331.7085912034686,2346.34716796875,2848084.0
2024-03-01,2350.8701431861773,2372.122855589624,2338.2742458028165,2343.818359375,2326244.0
2024-03-04,2350.140508216068,2361.5205801260263,2338.663075341999,2355.781982421875,1501261.0
2024-03-05,2339.246651453043,2353.8365474080515,2325.726776187704,2334.237548828125,1587199.0
2024-03-06,2338.2743293276767,2342.99182468722,2310.359038529776,2335.161865234375,1354111.0
2024-03-07,2339.198241231998,2359.6727784141976,2337.30160203187,2353.399169921875,1820704.0
2024-03-11,2343.137325456597,2347.0279644361844,2318.3831824421227,2324.510986328125,2040761.0
2024-03-12,2314.9303750309778,2319.793674138185,2296.2553539524547,2313.130859375,1012157.0
2024-03-13,2310.066920667497,2310.066920667497,2240.862274009383,2249.373046875,2322669.0
2024-03-14,2241.835098644342,2277.6774708121616,2238.917119161524,2270.771728515625,2292515.0
2024-03-15,2266.3461483857386,2273.0574064159514,2252.5828689231,2264.060302734375,2751403.0
2024-03-18,2257.3488993650367,2261.434023010224,2234.199548754617,2237.06884765625,2487402.0
2024-03-19,2220.825594396467,2240.910925239252,2185.420870972167,2204.97119140625,4220638.0
2024-03-20,2188.484499718884,2203.512045790467,2178.757901942355,2180.654541015625,2995013.0
2024-03-21,2172.921897214336,2197.38419511744,2172.921897214336,2181.043701171875,3504486.0
2024-03-22,2177.8336803938537,2204.046810992608,2171.025062707645,2194.855224609375,3507809.0
2024-03-26,2171.0741388378933,2197.384397718896,2170.9767778669084,2178.758056640625,3027027.0
2024-03-27,2188.4845076926044,2201.1290848481617,2174.8672707558508,2178.466064453125,2168861.0
2024-03-28,2183.6210780462884,2225.3480851749923,2178.855140390084,2202.442138671875,3186360.0
2024-04-01,2207.9378794037752,2232.25437587298,2200.15660053363,2223.403076171875,1427873.0
2024-04-02,2235.172255750736,2235.172255750736,2214.795080111612,2224.18115234375,1221495.0
2024-04-03,2219.4639719377974,2219.4639719377974,2199.232599580784,2203.26904296875,1175309.0
2024-04-04,2207.93761395502,2219.6095308569847,2187.754924312039,2203.025634765625,1890255.0
2024-04-05,2203.02587171336,2218.1507798187417,2196.363294244678,2204.97119140625,1153449.0
2024-04-08,2214.7462181309565,2226.369454479116,2205.2141052281945,2206.916259765625,1127294.0
2024-04-09,2208.9103731114587,2212.412043325948,2194.077311380966,2202.24755859375,1189343.0
2024-04-10,2214.6489824322657,2214.6489824322657,2195.9739619442007,2199.08642578125,2308993.0
2024-04-12,2199.086482944834,2202.928679190544,2167.669760861558,2171.2685546875,3388551.0
2024-04-15,2166.794115153093,2166.842795634589,2130.124889435417,2134.064208984375,4909564.0
2024-04-16,2123.316178592469,2170.247010299792,2112.6656021023,2160.082763671875,2821129.0
2024-04-18,2154.489991105354,2176.5206390922654,2148.654032701854,2154.246826171875,3392171.0
2024-04-19,2159.304698120502,2182.405367751296,2135.9608635462264,2170.587646484375,2337694.0
2024-04-22,2188.484404625809,2191.937394179592,2168.107230662555,2180.216796875,1804108.0
2024-04-23,2191.4025531752363,2211.3420792915663,2187.2200684967047,2200.885986328125,1991778.0
2024-04-24,2204.0955753532107,2206.3327401712554,2184.25317486165,2198.4541015625,1404398.0
2024-04-25,2176.8612571845347,2178.612092272891,2154.538762838847,2169.858154296875,4951866.0
2024-04-26,2183.621366888789,2193.347965404998,2157.943241792313,2161.88232421875,2307512.0
2024-04-29,2172.921954405882,2172.921954405882,2159.3047174489966,2165.238037109375,1395292.0
2024-04-30,2171.025344800279,2179.001107633022,2164.1680457464454,2169.468994140625,2119102.0
2024-05-02,2144.763595893872,2181.8704732535334,2144.763595893872,2165.4326171875,2140383.0
2024-05-03,2170.976763997328,2174.5268774288425,2143.742288463311,2156.435546875,2595307.0
2024-05-06,2164.1679557036573,2199.6700367747508,2151.5233788838154,2194.514892578125,1619256.0
2024-05-07,2204.0469186299806,2324.2677546324617,2197.238300611265,2314.346435546875,8277810.0
2024-05-08,2301.7019483154536,2307.392102866208,2261.433929461032,2277.045166015625,1813439.0
2024-05-09,2276.6076160484445,2297.5198016858176,2256.035718860589,2262.066162109375,1558987.0
2024-05-10,2257.5432164187164,2306.1762025544062,2257.5432164187164,2297.957275390625,2610266.0
2024-05-13,2309.0942334347064,2316.5349854938017,2283.707719117044,2296.109130859375,1170617.0
2024-05-14,2296.060830118056,2307.4409023406693,2282.589396835732,2285.361572265625,689430.0
2024-05-15,2285.312836839405,2291.3919604730427,2254.2848473338563,2259.780517578125,812282.0
2024-05-16,2273.105883881519,2283.902502321434,2238.430658046097,2279.087646484375,1880021.0
2024-05-17,2287.5983577744582,2287.5983577744582,2251.804669154609,2256.9111328125,1264582.0
2024-05-21,2243.9261086570027,2261.2395002048133,2238.819644820657,2247.52490234375,1663959.0
2024-05-22,2247.816648206641,2309.094211528587,2247.5248027929088,2302.188232421875,1914851.0
2024-05-23,2302.1882295685573,2321.544300755874,2290.6136737195043,2317.36181640625,1614718.0
2024-05-24,2313.471372926562,2318.091507053701,2300.0486199692964,2304.27978515625,974100.0
2024-05-27,2304.2798261120274,2334.3349199817226,2297.908856709265,2319.307373046875,1116934.0
2024-05-28,2324.656813749521,2343.1373490889523,2313.519907051279,2330.444091796875,1631747.0
2024-05-29,2316.0975363436523,2329.52028947134,2304.620102873143,2308.5107421875,1592495.0
2024-05-30,2303.2583075200173,2307.5865959510475,2270.236556220811,2287.112060546875,1837380.0
2024-05-31,2288.6684450777684,2312.449929026244,2254.236384111778,2265.373291015625,5529186.0
2024-06-03,2315.902868421887,2322.176476326182,2280.2063030334416,2291.489013671875,1207445.0
2024-06-04,2309.0944365415808,2441.424853913204,2278.066682949259,2428.05078125,7826048.0
2024-06-05,2464.2823203652224,2649.476654048108,2455.966031458613,2531.59033203125,11061076.0
2024-06-06,2528.915265319067,2528.915265319067,2449.157168489773,2479.893310546875,4102547.0
2024-06-07,2485.4374219955616,2525.510954837205,2455.965785081434,2507.322265625,3974253.0
2024-06-10,2508.4896017900824,2522.738972746475,2476.391828676832,2495.212890625,1449122.0
2024-06-11,2495.845056495152,2506.252468902425,2481.547004872765,2486.458984375,1402423.0
2024-06-12,2497.790273476704,2497.790273476704,2448.184625522143,2459.564697265625,1754677.0
2024-06-13,2419.928809190779,2437.290880941813,2379.563429037487,2419.393798828125,3123098.0
2024-06-14,2428.822485865984,2465.554278741718,2426.268836188285,2435.451904296875,1729552.0
2024-06-18,2435.599033685831,2453.375791658811,2428.9696155138145,2441.835693359375,1820933.0
2024-06-19,2450.4293223323984,2450.4293223323984,2407.7064062917334,2413.108154296875,986976.0
2024-06-20,2413.108131126199,2445.518618845843,2402.9429277024115,2437.85791015625,2163310.0
2024-06-21,2430.7866567195674,2433.733064788318,2383.2022143651,2397.688720703125,3646215.0
2024-06-24,2391.5011784668804,2423.764442227732,2383.693245162448,2398.572509765625,1945519.0
2024-06-25,2395.773637233693,2402.992193236451,2384.5279877891053,2388.751220703125,833789.0
2024-06-26,2393.4653998361614,2422.9294794402176,2388.947478385156,2401.911865234375,1738656.0
2024-06-27,2406.184004583337,2438.8400260315007,2392.483255570718,2418.166015625,3402726.0
2024-06-28,2419.0010668719524,2446.0098079758823,2418.853842377654,2428.87158203125,2129791.0
2024-07-01,2417.085980024133,2477.9292605222354,2406.331638204839,2460.34912109375,3312865.0
2024-07-02,2470.0719817737668,2470.0719817737668,2435.058930110837,2440.755126953125,1305210.0
2024-07-03,2442.228554488172,2474.835663727936,2430.0993179313177,2465.50537109375,1406405.0
2024-07-04,2470.1211982255686,2491.531811011503,2448.366741927433,2451.3623046875,1977010.0
2024-07-05,2451.362395595605,2508.3754405458626,2451.362395595605,2501.50048828125,1754286.0
2024-07-08,2514.268208466461,2548.6429691290887,2490.942478016821,2540.93310546875,2818809.0
2024-07-09,2540.9332304701293,2567.303679787476,2522.1254206940466,2543.879638671875,1479529.0
2024-07-10,2534.893278433295,2579.0894030088466,2527.036189619864,2563.817138671875,1764036.0
2024-07-11,2570.2499179756405,2570.2990727316146,2543.7814006699627,2562.24560546875,1432671.0
2024-07-12,2554.535858995138,2592.348096815712,2554.535858995138,2575.40625,1912642.0
2024-07-15,2581.053610775766,2582.2812808722165,2566.9598621567984,2573.4912109375,920101.0
2024-07-16,2579.0400815959115,2676.3207041370097,2577.6651870541323,2640.423583984375,3298003.0
2024-07-18,2651.767514353426,2702.052835558633,2607.5713891142022,2689.4814453125,5569762.0
2024-07-19,2690.070789500825,2693.9993339177668,2667.432504342334,2678.28515625,1668862.0
2024-07-22,2657.3654447805693,2700.8249647028024,2657.316290022536,2686.436767578125,1911629.0
2024-07-23,2696.9455645897924,2761.079095927924,2683.1956600361664,2716.93212890625,3906259.0
2024-07-24,2698.9100038035635,2708.1911419961507,2627.312377998669,2668.512939453125,3611927.0
2024-07-25,2668.513003921543,2676.17371364533,2622.3034513271223,2658.8388671875,2166670.0
2024-07-26,2675.3387317043125,2678.285139999141,2639.245230092663,2662.6201171875,2135309.0
2024-07-29,2662.7671579702123,2671.4100029945853,2644.6959509205003,2663.16015625,957011.0
2024-07-30,2667.0886844007723,2705.14645535524,2637.4279846334616,2643.32080078125,1560399.0
2024-07-31,2656.677869623587,2661.244706094031,2627.2629444943345,2657.316162109375,1751085.0
2024-08-01,2665.517191975145,2676.271533574232,2647.0529866098764,2667.03955078125,1886392.0
2024-08-02,2663.5529374535586,2710.204399300552,2633.253944742263,2644.450439453125,1738872.0
2024-08-05,2628.1470120907406,2693.01714854455,2618.571185249636,2667.38330078125,3118731.0
2024-08-06,2671.508412583874,2722.2356445483724,2660.2627627897987,2700.92333984375,2296031.0
2024-08-07,2732.007844519948,2732.1553087973107,2686.633206265082,2695.030517578125,1713875.0
2024-08-08,2704.802745858555,2709.9589602433616,2671.802877884067,2684.374267578125,1464161.0
2024-08-09,2706.7668683605493,2708.731140398547,2670.035077161717,2698.1240234375,1284031.0
2024-08-12,2689.0886039431816,2714.034764620262,2673.767185087147,2699.597412109375,1297178.0
2024-08-13,2693.017111930474,2708.3874455598543,2681.3297885745224,2692.427734375,1051237.0
2024-08-14,2692.0347690397707,2693.5571277916943,2658.2493866388413,2673.42333984375,946995.0
2024-08-16,2688.9903131038814,2704.410041587385,2662.276259330236,2699.155517578125,1727926.0
2024-08-19,2700.923393698525,2710.450065785462,2688.1556245689985,2693.557373046875,1130327.0
2024-08-20,2693.557117491009,2707.012332648906,2686.191097538223,2701.9052734375,1097889.0
2024-08-21,2700.3831088394704,2745.1686092840487,2693.950069662332,2741.338134765625,1417729.0
2024-08-22,2752.878253181033,2759.8023604397786,2732.4008599613726,2742.90966796875,1552947.0
2024-08-23,2749.195314378257,2770.605929245698,2721.842967948263,2765.302490234375,2111401.0
2024-08-26,2765.302266614152,2784.306454684024,2753.516634404879,2770.7529296875,1152244.0
2024-08-27,2758.8201919983567,2773.6505424131697,2710.2536117967543,2717.47216796875,1357212.0
2024-08-28,2710.6956296414182,2732.05708976631,2696.700190249248,2714.968017578125,1723549.0
2024-08-29,2720.46789831067,2759.802497882259,2695.9636500664774,2735.49462890625,2129934.0
2024-08-30,2745.7575383581343,2765.9896356570066,2710.793640993541,2728.373779296875,4029712.0
2024-09-02,2744.088087928264,2758.7218189707755,2729.3560473703096,2739.2265625,957950.0
2024-09-03,2730.338219028989,2777.431594671127,2725.4275387789367,2744.3828125,2022116.0
2024-09-04,2730.3383056533216,2793.047790347769,2722.137373463823,2790.494140625,1640986.0
2024-09-05,2789.315410004685,2803.998295329095,2773.208235649051,2787.743896484375,1945173.0
2024-09-06,2777.579075084932,2815.2438489540923,2777.579075084932,2788.235107421875,1672730.0
2024-09-09,2802.132524383947,2885.7121602867783,2792.4092333985304,2869.605224609375,3342754.0
2024-09-10,2881.587099477068,2885.122885081398,2835.9177742808565,2846.819580078125,1536584.0
2024-09-11,2859.587613706427,2897.301544681397,2846.3287761290712,2852.2705078125,1913665.0
2024-09-12,2858.99803343085,2910.461866392976,2842.498099881845,2903.5869140625,2454564.0
2024-09-13,2903.586950846124,2903.586950846124,2866.364090097002,2880.555908203125,1902001.0
2024-09-16,2858.015864243818,2858.015864243818,2757.248611056695,2815.88232421875,1489057.0
2024-09-17,2815.8823938769674,2861.846169667056,2809.007441456139,2822.16796875,1098661.0
2024-09-18,2822.659026602358,2841.859834464301,2810.5787051505986,2824.47607421875,464796.0
2024-09-19,2824.8687896636807,2881.881834834658,2822.020691054752,2859.734619140625,1713010.0
2024-09-20,2872.551375191689,2935.948300941952,2843.676433382123,2924.408203125,3641632.0
2024-09-23,2926.765488042224,2980.78297188193,2916.894972584743,2974.4482421875,1300470.0
2024-09-24,2966.0508530379457,2966.0508530379457,2893.471095294204,2897.841552734375,1929308.0
2024-09-25,2897.8415331028104,2907.46651422518,2853.2034981588977,2896.27001953125,1055354.0
2024-09-26,2898.381829613432,2939.3860102179674,2888.6585387282416,2932.756591796875,1902889.0
2024-09-27,2932.7564823506304,2975.8721579685525,2900.0021499807403,2913.260986328125,2977081.0
2024-09-30,2911.247631783933,2944.3455687168207,2890.033636969115,2905.453125,1627702.0
2024-10-01,2909.774414696781,2909.774414696781,2839.748066681132,2871.520263671875,1184642.0
2024-10-03,2856.788374211744,2870.8821231256,2809.989685067627,2841.66357421875,1233447.0
2024-10-04,2839.3553560532305,2861.9444854856847,2766.7264422034423,2797.860107421875,2456486.0
2024-10-07,2794.177053744544,2815.2438239970547,2774.5834875625483,2782.7841796875,1280975.0
2024-10-08,2793.1948481721283,2834.444561119818,2748.704038394117,2768.445068359375,1761488.0
2024-10-09,2772.9628562205944,2775.3692813913285,2711.3829732071654,2719.485595703125,1476282.0
2024-10-10,2720.516964481247,2737.606036505251,2684.374308477402,2705.490234375,2065078.0
2024-10-11,2715.409749949381,2740.159530006482,2688.155475054155,2733.48095703125,679307.0
2024-10-14,2741.731219144135,2754.597058123063,2715.606303101306,2739.27587890625,874010.0
2024-10-15,2743.2042356246407,2749.2934310421715,2715.8516513340555,2731.76220703125,1082666.0
2024-10-16,2739.324696934132,2747.5747837090225,2706.3742239313874,2731.56591796875,1170797.0
2024-10-17,2729.798005573843,2732.3025004657898,2674.798386585316,2689.726806640625,1368242.0
2024-10-18,2689.7268522038785,2691.052831810109,2645.3343497955743,2668.56201171875,1137277.0
2024-10-21,2666.4993875977416,2689.088516848109,2632.56653896361,2645.4326171875,792345.0
2024-10-22,2637.1335958807244,2661.588687540871,2625.9862558348354,2633.794189453125,1272253.0
2024-10-23,2574.1785750975464,2644.9415251273413,2574.1785750975464,2611.79443359375,1431962.0
2024-10-24,2599.714131035417,2599.714131035417,2408.786978336153,2460.34912109375,9216267.0
2024-10-25,2457.598914491708,2494.625393038827,2455.438263288241,2482.888916015625,2761166.0
2024-10-28,2498.55391675656,2543.339413062969,2475.080962900005,2529.785888671875,852829.0
2024-10-29,2539.508994442476,2539.508994442476,2490.696883444397,2502.138671875,1695654.0
2024-10-30,2511.3217763847847,2517.509281200724,2488.143270648004,2509.308349609375,1200637.0
2024-10-31,2509.30843359519,2517.705744713642,2479.0096805544786,2483.08544921875,1901355.0
2024-11-01,2498.505140188762,2500.46941243322,2466.4876464716904,2492.17041015625,118532.0
2024-11-04,2501.500639022215,2501.500639022215,2458.777718803344,2479.697265625,1097260.0
2024-11-05,2474.982858304809,2485.049752867358,2462.215089591332,2476.308837890625,702046.0
2024-11-06,2489.0248833129285,2495.853221668339,2469.0351480693835,2474.67578125,1219166.0
2024-11-07,2474.6757381471616,2483.779947529222,2440.4359574016,2449.738037109375,1322446.0
2024-11-08,2458.1001868735925,2489.0745049500374,2441.623555352377,2481.60302734375,1700877.0
2024-11-11,2482.889616450141,2488.728120343073,2449.2929718731634,2465.12646484375,1175577.0
2024-11-12,2469.0351629944903,2470.9648215153247,2430.441026178144,2435.8837890625,1624222.0
2024-11-13,2436.477655738797,2447.0662552732297,2424.899221347026,2439.2978515625,1262017.0
2024-11-14,2434.795173825076,2439.05047318676,2358.8934186803103,2364.336181640625,2443393.0
2024-11-18,2376.1618922683506,2399.7637894769937,2351.0263187010178,2397.685546875,1374215.0
2024-11-19,2406.5916538817232,2414.8053259236217,2380.0707488788325,2385.26611328125,1133370.0
2024-11-21,2399.516319706179,2399.516319706179,2351.372702992728,2358.0029296875,1291829.0
2024-11-22,2366.0680148563506,2426.581789153276,2353.10448779154,2419.802978515625,1696471.0
2024-11-25,2444.295362696197,2479.62379390992,2432.024502859471,2445.730224609375,4368045.0
2024-11-26,2460.376339280044,2468.9857526601027,2434.795255864652,2453.399658203125,982442.0
2024-11-27,2449.3915667510755,2467.006374422353,2432.420139634032,2461.019287109375,948232.0
2024-11-28,2460.12878333942,2512.725567163852,2427.670076896536,2436.576416015625,2540530.0
2024-11-29,2429.550486048264,2481.405075736755,2429.550486048264,2470.173095703125,1795164.0
2024-12-02,2459.1393150176896,2464.582078089157,2434.943807501786,2453.35009765625,1006993.0
2024-12-03,2454.191281323029,2465.522075813993,2440.336975702657,2457.01171875,1641588.0
2024-12-04,2455.2798834802848,2467.05594639189,2430.985321127442,2438.8525390625,1321495.0
2024-12-05,2439.9412002072213,2488.8270098441144,2424.552976935717,2468.639404296875,2071795.0
2024-12-06,2469.0353010155163,2469.827023981118,2449.2434348751112,2457.951904296875,1308086.0
2024-12-09,2439.347482760921,2451.1730743675053,2358.4977585285465,2375.76611328125,3385021.0
2024-12-10,2383.6333504033364,2387.888649943694,2363.445743579217,2372.401611328125,2063838.0
2024-12-11,2379.9717820277288,2384.276609333733,2360.1799168965213,2376.35986328125,1718225.0
2024-12-12,2360.2294166121537,2374.9742593183464,2313.669006128633,2320.546630859375,3231056.0
2024-12-13,2320.546768178735,2369.630692660808,2309.166445191151,2365.22705078125,2260902.0
2024-12-16,2365.424946537542,2368.096800165089,2338.409000748059,2341.526123046875,1247552.0
2024-12-17,2328.8593734568494,2355.2319369512325,2328.8593734568494,2338.65625,2131569.0
2024-12-18,2325.5937555517817,2358.2008060821568,2325.5937555517817,2334.6484375,988403.0
2024-12-19,2322.575378033356,2362.1095803961302,2311.689852188291,2335.291748046875,1655915.0
2024-12-20,2327.6223625608864,2348.7995613125745,2300.457834771569,2309.611572265625,2069691.0
2024-12-23,2312.679439765665,2327.275940294781,2291.1557864430706,2314.5595703125,1066199.0
2024-12-24,2306.840987138842,2332.4218284168865,2306.840987138842,2311.24462890625,683646.0
2024-12-26,2307.978836192028,2317.4790279450567,2300.507358902917,2308.4736328125,1033769.0
2024-12-27,2318.6170421366123,2321.2393676740503,2304.020541337844,2316.88525390625,556816.0
2024-12-30,2317.1326298763533,2334.598854362723,2300.804341004707,2319.11181640625,924180.0
2024-12-31,2315.6483090887227,2328.1665676239545,2299.072621406144,2302.63525390625,1878762.0
2025-01-01,2300.804294082358,2312.8277553663065,2296.1037261697165,2297.9345703125,559893.0
2025-01-02,2305.7522085970463,2354.8854154578744,2291.403106869726,2345.3359375,1650744.0
2025-01-03,2357.062761752587,2389.471940450842,2340.1901486446577,2381.208740234375,1274239.0
2025-01-06,2392.836481773446,2393.776547042249,2337.0728054196943,2351.471435546875,900419.0
2025-01-07,2352.4115844134094,2377.250472545056,2350.5314538089888,2365.919677734375,922768.0
2025-01-08,2366.11749509075,2383.930173849275,2343.356850010412,2376.013427734375,953351.0
2025-01-09,2380.02140830482,2447.907363548585,2361.565348347788,2410.055419921875,2425267.0
2025-01-10,2410.055290434463,2430.441007906215,2388.680221318363,2416.63623046875,1651911.0
2025-01-13,2391.8965200446955,2434.894300357316,2383.9797736911664,2425.4931640625,2595013.0
2025-01-14,2439.3474497642724,2442.316229621998,2339.4975838560817,2343.307373046875,2052741.0
2025-01-15,2349.195468982312,2360.0809954248093,2325.643341413943,2348.304931640625,1215150.0
2025-01-16,2352.21364769839,2355.231955457089,2301.84344747585,2320.59619140625,2762596.0
2025-01-17,2325.5440685236567,2354.539198208636,2318.616915979118,2329.50244140625,1333005.0
2025-01-20,2331.927114224977,2343.356965310731,2311.343524993478,2320.794189453125,1382273.0
2025-01-21,2329.007779016069,2352.5601473447987,2308.176792200955,2316.14306640625,1842885.0
2025-01-22,2318.1716421650885,2337.4191819436696,2307.9292557143226,2318.5673828125,2658047.0
2025-01-23,2290.908347838724,2316.934698339336,2230.3948179256267,2297.53857421875,3408925.0
2025-01-24,2308.572649398605,2356.023596172511,2298.825059501607,2343.455810546875,1688664.0
2025-01-27,2340.387974264966,2384.622743048428,2336.577943713409,2367.9482421875,2477358.0
2025-01-28,2376.0134518785903,2381.951011525101,2354.6876684948897,2363.989990234375,1892156.0
2025-01-29,2360.3283327655017,2371.065516573595,2339.398531377286,2359.140869140625,699576.0
2025-01-30,2359.190427153607,2399.7637524528086,2359.190427153607,2383.682861328125,1419960.0
2025-01-31,2376.508234850856,2453.201713177294,2376.508234850856,2443.10791015625,2116148.0
2025-02-01,2449.243296082011,2574.9216389516737,2409.807908391997,2479.97021484375,2970999.0
2025-02-03,2478.9310100640587,2493.7749083279155,2391.3520103073047,2416.537109375,2528480.0
2025-02-04,2424.503570057758,2424.503570057758,2377.84434289029,2412.677978515625,1992474.0
2025-02-05,2427.4722457945336,2427.4722457945336,2362.159091199165,2366.1669921875,1357416.0
2025-02-06,2375.023756044994,2383.8805671485966,2335.736953067065,2348.0078125,1132113.0
2025-02-07,2355.232079468475,2357.161738104356,2311.789029768672,2339.250244140625,855602.0
2025-02-10,2346.226608165067,2373.0446826616367,2327.57291981886,2336.875,1326354.0
2025-02-11,2346.325585157178,2353.203209893645,2272.650416347278,2291.15576171875,1389260.0
2025-02-12,2301.4970357565,2315.5492119684354,2281.1115592124,2308.226318359375,1341909.0
2025-02-13,2305.8514192374955,2321.1901152163214,2289.2757316474745,2297.3408203125,1334967.0
2025-02-14,2297.8355515744483,2341.3776550495886,2289.324952891613,2294.2236328125,1135380.0
2025-02-17,2294.223635003292,2311.6898594331,2276.0645020103293,2305.158447265625,1409168.0
2025-02-18,2305.158520524562,2314.213444117236,2264.1894548263285,2272.106201171875,1035705.0
2025-02-19,2274.8276465999206,2281.7052718607365,2224.6057855602485,2226.980712890625,1521343.0
2025-02-20,2226.980672739916,2230.988573937607,2203.3294894349083,2224.6552734375,2206196.0
2025-02-21,2224.655074737465,2230.097837418587,2203.230236678196,2218.321533203125,1781509.0
2025-02-24,2206.792984713286,2227.574443313725,2195.709588446369,2218.123779296875,1627949.0
2025-02-25,2219.6576675855754,2245.9809447684647,2214.660173335451,2235.7880859375,1988040.0
2025-02-27,2246.0303082238115,2246.0303082238115,2209.8608668474067,2221.58740234375,1699658.0
2025-02-28,2221.6862995661827,2226.188997022339,2163.102429455049,2167.45654296875,3683249.0
2025-03-03,2176.1156841937386,2176.1156841937386,2136.0371552215483,2154.1962890625,1306470.0
2025-03-04,2157.263833201739,2157.313361185971,2113.771256648273,2134.899169921875,1800330.0
2025-03-05,2129.6046023003178,2169.08927500598,2127.625415866953,2147.862548828125,1145673.0
2025-03-06,2152.3653348141274,2206.5950936388526,2141.232410668537,2195.85791015625,1856868.0
2025-03-07,2203.527304632234,2203.527304632234,2166.417556693262,2181.60791015625,1738356.0
2025-03-10,2185.021823907241,2243.556166073489,2171.810657815665,2224.358154296875,1242387.0
2025-03-11,2216.6888343723404,2238.905154057564,2188.238029020463,2193.878662109375,1325891.0
2025-03-12,2194.274851591979,2206.7435825029443,2162.261410950068,2170.0791015625,1526212.0
2025-03-13,2162.261283449078,2186.951587084268,2141.925093538761,2152.16748046875,1845629.0
2025-03-17,2138.510966285262,2172.6024046790826,2134.05779675806,2148.654296875,1111886.0
2025-03-18,2148.654296875,2148.654296875,2148.654296875,2148.654296875,0.0
2025-03-19,2184.0324102623285,2189.8216276997773,2170.623372744765,2177.15478515625,1341405.0
2025-03-20,2180.964622011462,2225.4963214258246,2165.6754535325167,2219.06396484375,1426689.0
2025-03-21,2221.636999228841,2231.7308027539034,2202.6368558405,2222.824462890625,2152415.0
2025-03-24,2226.8321833987184,2242.418276894344,2217.6784459489068,2232.72021484375,1454404.0
2025-03-25,2227.3271392669976,2268.1478632455664,2220.0042454235413,2247.663330078125,2229340.0
2025-03-26,2248.355856695608,2256.173546705244,2214.5118159755425,2222.576904296875,1416907.0
2025-03-27,2220.8452586740973,2237.3714186362613,2177.105282678452,2221.29052734375,3752627.0
2025-03-28,2223.615996973709,2272.106065443541,2216.9857706253674,2235.3427734375,2280152.0
2025-04-01,2235.4912014951065,2260.8741722824734,2196.8970638862934,2210.60302734375,2495962.0
2025-04-02,2220.3502847646905,2220.3502847646905,2167.2587045450064,2214.610595703125,1351493.0
2025-04-03,2202.290322056308,2229.4546093389336,2197.4909395964924,2221.191650390625,1310088.0
2025-04-04,2206.7930198113336,2243.457499245224,2198.876273551921,2221.191650390625,1120226.0
2025-04-07,2127.6254940825147,2238.064197764159,2127.6254940825147,2225.990966796875,3435185.0
2025-04-08,2244.6943399778315,2282.199826221012,2228.910376503984,2265.42626953125,2774874.0
2025-04-09,2270.0774382315035,2329.650904892404,2265.6737964906083,2325.544189453125,2989089.0
2025-04-11,2369.6802461073025,2369.927644435778,2319.9531820837774,2341.526123046875,3836083.0
2025-04-15,2375.0239023131485,2375.0239023131485,2320.794141557013,2336.924560546875,3042779.0
2025-04-16,2326.533684513711,2351.2735152720447,2326.533684513711,2341.971435546875,1131979.0
2025-04-17,2332.570313262086,2355.132845763407,2318.71600795781,2350.283935546875,1962402.0
2025-04-21,2343.4558323350475,2347.710889958159,2324.3566346130488,2326.53369140625,1478430.0
2025-04-22,2345.336026442546,2380.9613838062305,2330.5911835069883,2373.7373046875,2352346.0
2025-04-23,2384.9197366810754,2412.6283477296524,2368.4923920623105,2398.576171875,2226066.0
2025-04-24,2398.576257119483,2461.514245206665,2292.9867017267416,2301.101318359375,7065430.0
2025-04-25,2307.6325170497216,2317.5284500386565,2270.5227683412163,2307.929443359375,2859858.0
2025-04-28,2320.596111755877,2324.554484654395,2290.908315016996,2294.470947265625,1555660.0
2025-04-29,2303.773059943218,2308.2262295178502,2288.533420705551,2297.53857421875,1896387.0
2025-04-30,2295.856453949561,2328.0182361708376,2291.898080753097,2317.7265625,2083807.0
2025-05-02,2309.8096422473805,2320.596111755877,2285.960348893849,2294.470947265625,1424284.0
2025-05-05,2299.913899545334,2330.3931800959,2294.965933014408,2324.158935546875,2074103.0
2025-05-06,2315.846008934059,2365.2268556532445,2315.846008934059,2357.01318359375,1888125.0
2025-05-07,2344.346369407166,2362.0599916411525,2330.7889904325607,2346.127685546875,1610400.0
2025-05-08,2337.122348880004,2347.2161517906766,2316.6378167613034,2330.39306640625,2323073.0
2025-05-09,2305.7523464354463,2318.3201327934576,2278.340660851456,2308.6220703125,1805685.0
2025-05-12,2335.440205272823,2362.1592245704355,2321.68495494106,2357.7060546875,1274873.0
2025-05-13,2350.87793765063,2373.044730907376,2328.3151621143443,2335.440185546875,1929665.0
2025-05-14,2345.336131940013,2345.336131940013,2314.1639428446074,2326.0390625,1568111.0
2025-05-15,2327.1275507161395,2345.2369136573343,2315.6481725371023,2330.68994140625,3236681.0
2025-05-16,2335.4402312682496,2362.159250863268,2324.5547047665755,2356.617431640625,1473000.0
2025-05-19,2350.283988823652,2379.971786577214,2350.283988823652,2357.90380859375,936655.0
2025-05-20,2369.680054417226,2369.680054417226,2314.163777358276,2316.73681640625,1617408.0
2025-05-21,2321.5856944060306,2350.97656472367,2320.5961011859085,2339.29931640625,1570754.0
2025-05-22,2330.492233998324,2338.5080364112832,2289.028371145926,2306.445068359375,2423653.0
2025-05-23,2312.5804588503333,2339.8933302481155,2305.356621125489,2334.6484375,844118.0
2025-05-26,2343.3568222010613,2372.351952822772,2339.4975051558145,2369.185302734375,892618.0
2025-05-27,2369.185423513216,2384.4250637404803,2335.737121549558,2355.429931640625,1865258.0
2025-05-28,2363.1486132150985,2363.1486132150985,2327.5232572369814,2337.419189453125,897517.0
2025-05-29,2344.346425310576,2351.2735781080323,2330.986916344053,2342.0703125,1111275.0
2025-05-30,2335.4400088079005,2350.1848512065976,2319.111720610727,2323.86181640625,3288892.0
2025-06-02,2323.465880436182,2359.190293176684,2319.210822767849,2346.91943359375,1178205.0
2025-06-03,2340.487154758472,2354.737201299302,2318.2213060384743,2327.8203125,1643913.0
2025-06-04,2334.9453441469027,2342.9611463548267,2317.726517714968,2339.893310546875,3287896.0
2025-06-05,2339.893369903061,2355.2320661320723,2324.4556177035684,2351.66943359375,1787978.0
2025-06-06,2348.6016434680623,2371.5601579119266,2345.4349934757893,2364.929931640625,997488.0
2025-06-09,2369.0864007078976,2374.0343672925005,2353.5498339522305,2368.294677734375,1293622.0
2025-06-10,2368.4923654875056,2375.221647843782,2353.648466878033,2370.273681640625,1778782.0
2025-06-11,2370.2738360495687,2377.893656178834,2346.6226526977093,2351.66943359375,1977707.0
2025-06-12,2362.0599768481766,2363.148626037823,2299.913715473508,2308.424072265625,3339584.0
2025-06-13,2281.0123940057,2300.705202632857,2278.0436143171896,2294.86669921875,1740682.0
2025-06-16,2295.856305917426,2312.283650263524,2289.028209233757,2303.17919921875,1105297.0
2025-06-17,2295.8563447517945,2308.820112993592,2289.028247952628,2304.366943359375,1119284.0
2025-06-18,2303.476115710462,2307.1375623455488,2261.715329678043,2273.392578125,2056563.0
2025-06-19,2276.163451963547,2283.7832714040937,2266.4653901301654,2270.32470703125,1214549.0
2025-06-20,2271.116554866801,2288.929233728501,2268.5435157245875,2282.199951171875,2685864.0
2025-06-23,2283.39990234375,2286.0,2258.699951171875,2275.10009765625,842856.0
2025-06-24,2295.0,2301.0,2260.300048828125,2263.10009765625,2440747.0
2025-06-25,2279.0,2290.5,2271.39990234375,2278.699951171875,1047270.0
2025-06-26,2288.89990234375,2291.0,2271.60009765625,2280.800048828125,1874722.0
2025-06-27,2280.800048828125,2310.5,2279.300048828125,2306.89990234375,1050745.0
2025-06-30,2309.89990234375,2317.0,2288.0,2294.60009765625,1403754.0
2025-07-01,2300.0,2302.60009765625,2286.60009765625,2295.5,759914.0
2025-07-02,2295.0,2309.0,2287.60009765625,2307.10009765625,1128034.0
2025-07-03,2310.0,2326.89990234375,2304.0,2313.39990234375,1060039.0
2025-07-04,2318.0,2341.39990234375,2310.300048828125,2339.300048828125,1242346.0
2025-07-07,2341.0,2415.699951171875,2341.0,2410.39990234375,2701583.0
2025-07-08,2405.39990234375,2418.5,2386.0,2392.699951171875,1471046.0
2025-07-09,2399.0,2439.699951171875,2397.10009765625,2423.39990234375,1741690.0
2025-07-10,2423.39990234375,2434.0,2397.60009765625,2408.39990234375,1053695.0
2025-07-11,2500.0,2530.0,2461.0,2519.60009765625,7242235.0
2025-07-14,2500.0,2532.5,2490.0,2516.60009765625,2427712.0
2025-07-15,2520.699951171875,2529.89990234375,2510.0,2526.89990234375,1700294.0
2025-07-16,2526.300048828125,2532.89990234375,2507.5,2517.60009765625,1284379.0
2025-07-17,2513.0,2525.39990234375,2506.199951171875,2509.800048828125,807474.0
2025-07-18,2514.89990234375,2514.89990234375,2481.5,2489.60009765625,771112.0
2025-07-21,2490.89990234375,2493.60009765625,2455.39990234375,2464.89990234375,1169960.0
2025-07-22,2470.0,2485.0,2452.60009765625,2479.699951171875,861632.0
2025-07-23,2481.0,2487.0,2442.0,2450.39990234375,1320795.0
2025-07-24,2455.89990234375,2466.0,2421.0,2437.800048828125,693984.0
2025-07-25,2426.10009765625,2428.60009765625,2405.39990234375,2415.39990234375,769388.0
2025-07-28,2415.39990234375,2448.300048828125,2412.300048828125,2441.60009765625,987995.0
2025-07-29,2444.800048828125,2457.5,2429.699951171875,2453.60009765625,732282.0
2025-07-30,2442.0,2452.89990234375,2398.5,2437.39990234375,1224146.0
2025-07-31,2420.10009765625,2549.0,2420.10009765625,2521.199951171875,5505507.0
2025-08-01,2550.0,2727.5,2536.89990234375,2553.699951171875,4259653.0
2025-08-04,2547.0,2583.199951171875,2535.10009765625,2543.699951171875,1293028.0
2025-08-05,2537.5,2553.0,2517.300048828125,2534.699951171875,756361.0
2025-08-06,2538.699951171875,2563.10009765625,2526.60009765625,2535.60009765625,885487.0
2025-08-07,2535.699951171875,2544.0,2495.0,2517.5,847151.0
2025-08-08,2516.0,2529.89990234375,2486.60009765625,2498.60009765625,839794.0
2025-08-11,2490.10009765625,2524.5,2478.5,2518.39990234375,992436.0
2025-08-12,2518.0,2536.60009765625,2480.10009765625,2483.800048828125,1406211.0
2025-08-13,2485.0,2501.5,2473.39990234375,2495.10009765625,969803.0
2025-08-14,2498.89990234375,2509.0,2473.199951171875,2480.60009765625,1104362.0
2025-08-18,2539.0,2597.0,2521.300048828125,2568.10009765625,3089136.0
2025-08-19,2572.199951171875,2615.0,2558.39990234375,2604.800048828125,1400717.0
2025-08-20,2599.0,2680.0,2588.5,2669.800048828125,3156954.0
2025-08-21,2667.10009765625,2667.10009765625,2627.300048828125,2648.0,2235686.0
2025-08-22,2647.0,2658.5,2619.0,2629.89990234375,1223445.0
2025-08-25,2643.0,2643.0,2615.199951171875,2631.60009765625,667550.0
2025-08-26,2624.60009765625,2705.0,2624.60009765625,2692.699951171875,4348548.0
2025-08-28,2748.0,2748.0,2646.800048828125,2654.39990234375,3197454.0
2025-08-29,2664.800048828125,2723.0,2641.39990234375,2659.800048828125,1972375.0
2025-09-01,2659.800048828125,2673.300048828125,2639.300048828125,2649.5,1096508.0
2025-09-02,2649.0,2692.39990234375,2645.10009765625,2677.0,1525047.0
2025-09-03,2681.0,2686.89990234375,2658.300048828125,2664.699951171875,1010490.0
2025-09-04,2750.0,2750.0,2655.5,2666.60009765625,2494429.0
2025-09-05,2667.60009765625,2672.89990234375,2623.800048828125,2633.39990234375,944853.0
2025-09-08,2630.0,2644.60009765625,2618.800048828125,2623.89990234375,903266.0
2025-09-09,2637.0,2646.199951171875,2611.300048828125,2642.0,1610954.0
2025-09-10,2642.0,2652.89990234375,2619.0,2643.5,1031365.0
2025-09-11,2643.800048828125,2657.699951171875,2614.0,2622.0,1212663.0
2025-09-12,2625.0,2628.89990234375,2569.0,2580.5,1367810.0
2025-09-15,2580.5,2593.39990234375,2568.39990234375,2581.0,752708.0
2025-09-16,2588.199951171875,2590.0,2572.60009765625,2580.89990234375,1040784.0
2025-09-17,2587.0,2591.10009765625,2566.5,2569.699951171875,970121.0
2025-09-18,2570.89990234375,2609.89990234375,2570.89990234375,2586.800048828125,1549874.0
2025-09-19,2600.0,2604.699951171875,2554.800048828125,2559.60009765625,2213898.0
2025-09-22,2569.0,2587.199951171875,2560.199951171875,2572.199951171875,1173849.0
2025-09-23,2568.89990234375,2575.300048828125,2518.199951171875,2522.199951171875,1430294.0
2025-09-24,2522.199951171875,2576.0,2510.0,2549.5,1882602.0
2025-09-25,2546.0,2567.5,2531.800048828125,2538.300048828125,1624205.0
2025-09-26,2535.0,2545.39990234375,2499.39990234375,2511.800048828125,885313.0
2025-09-29,2495.0,2517.39990234375,2443.0,2497.89990234375,2403266.0
2025-09-30,2497.89990234375,2526.300048828125,2491.60009765625,2514.39990234375,1677795.0
2025-10-01,2515.39990234375,2550.0,2497.89990234375,2535.0,1483818.0
2025-10-03,2536.199951171875,2548.60009765625,2508.300048828125,2544.89990234375,1242221.0
2025-10-06,2535.199951171875,2549.60009765625,2520.199951171875,2541.800048828125,818819.0
2025-10-07,2540.0,2559.39990234375,2508.300048828125,2517.199951171875,1291722.0
2025-10-08,2511.0,2525.0,2486.10009765625,2500.10009765625,1225094.0
2025-10-09,2501.0,2523.0,2498.300048828125,2517.60009765625,1259146.0
2025-10-10,2510.0,2534.89990234375,2506.5,2528.89990234375,1018716.0
2025-10-13,2519.199951171875,2531.60009765625,2485.39990234375,2492.800048828125,1114439.0
2025-10-14,2493.0,2509.199951171875,2482.300048828125,2502.300048828125,1460965.0
2025-10-15,2502.60009765625,2531.800048828125,2502.60009765625,2519.0,880961.0
2025-10-16,2517.800048828125,2568.5,2507.10009765625,2561.5,1446377.0
2025-10-17,2565.5,2615.0,2560.0,2603.699951171875,2050406.0
2025-10-20,2609.0,2624.699951171875,2585.60009765625,2594.39990234375,1011452.0
2025-10-21,2594.0,2606.699951171875,2585.10009765625,2591.699951171875,82020.0
2025-10-23,2601.0,2667.199951171875,2596.10009765625,2601.60009765625,3386529.0
2025-10-24,2584.0,2584.0,2474.5,2516.39990234375,3110608.0
2025-10-27,2516.39990234375,2525.0,2506.0,2511.800048828125,2127695.0
2025-10-28,2519.0,2526.0,2481.89990234375,2497.10009765625,2294929.0
2025-10-29,2512.60009765625,2513.60009765625,2484.0,2488.10009765625,1870051.0
2025-10-30,2491.0,2497.0,2454.89990234375,2469.60009765625,1195399.0
2025-10-31,2469.0,2479.5,2452.89990234375,2465.5,1401775.0
2025-11-03,2456.10009765625,2474.89990234375,2440.300048828125,2460.0,1049075.0
2025-11-04,2460.0,2463.300048828125,2441.300048828125,2443.89990234375,1250857.0
2025-11-06,2463.89990234375,2463.89990234375,2432.60009765625,2436.0,1328553.0
2025-11-07,2417.0,2425.0,2400.60009765625,2414.0,817758.0
2025-11-10,2405.0,2429.300048828125,2404.0,2408.800048828125,780497.0
2025-11-11,2422.199951171875,2433.699951171875,2403.10009765625,2427.5,1422253.0
2025-11-12,2430.60009765625,2434.800048828125,2416.199951171875,2424.5,1680752.0
2025-11-13,2429.0,2431.0,2405.0,2407.60009765625,1255853.0
2025-11-14,2405.10009765625,2430.199951171875,2392.0,2426.0,975973.0
2025-11-17,2431.39990234375,2438.39990234375,2416.0,2425.0,919488.0
2025-11-18,2415.800048828125,2422.89990234375,2401.89990234375,2404.0,1228895.0
2025-11-19,2412.0,2450.699951171875,2411.0,2441.60009765625,1465098.0
2025-11-20,2445.10009765625,2459.0,2425.0,2428.39990234375,1396780.0
2025-11-21,2436.199951171875,2443.199951171875,2413.0,2433.699951171875,1840665.0
2025-11-24,2441.89990234375,2444.89990234375,2413.0,2424.199951171875,4091981.0
2025-11-25,2422.0,2424.199951171875,2406.0,2414.10009765625,1240198.0
2025-11-26,2412.0,2427.699951171875,2409.0,2425.199951171875,1242630.0
2025-11-27,2426.10009765625,2459.699951171875,2425.0,2451.699951171875,1872071.0
2025-11-28,2450.0,2470.0,2447.199951171875,2466.60009765625,972887.0
2025-12-01,2466.60009765625,2488.0,2458.800048828125,2464.5,1924588.0
2025-12-02,2471.0,2484.39990234375,2460.0,2477.800048828125,2179081.0
2025-12-03,2478.199951171875,2484.89990234375,2403.10009765625,2448.0,3535649.0
2025-12-04,2440.0,2483.0,2423.199951171875,2462.199951171875,2569137.0
2025-12-05,2422.0,2422.0,2286.699951171875,2338.60009765625,4007410.0
2025-12-08,2350.10009765625,2355.10009765625,2302.0,2314.0,1897997.0
2025-12-09,2318.0,2330.39990234375,2298.10009765625,2306.5,1471299.0
2025-12-10,2306.5,2316.89990234375,2295.0,2301.699951171875,2857259.0
2025-12-11,2296.300048828125,2313.0,2292.0,2305.60009765625,1107009.0
2025-12-12,2306.89990234375,2309.0,2244.699951171875,2260.60009765625,3202218.0
2025-12-15,2260.60009765625,2299.0,2252.0,2293.5,1273593.0
2025-12-16,2293.39990234375,2302.699951171875,2276.0,2281.10009765625,1255161.0
2025-12-17,2281.199951171875,2286.199951171875,2268.300048828125,2275.60009765625,807713.0
2025-12-18,2270.0,2278.300048828125,2255.300048828125,2265.5,1057225.0
2025-12-19,2263.699951171875,2284.800048828125,2263.699951171875,2280.0,1236286.0
2025-12-22,2280.0,2295.0,2280.0,2289.5,790676.0
2025-12-23,2289.300048828125,2310.0,2280.699951171875,2302.60009765625,1128716.0
2025-12-24,2302.60009765625,2305.0,2278.10009765625,2282.199951171875,519210.0
2025-12-26,2282.300048828125,2290.0,2275.0,2285.39990234375,533470.0
2025-12-29,2288.89990234375,2298.699951171875,2280.0,2293.300048828125,1086679.0
2025-12-30,2293.300048828125,2298.0,2283.0,2290.199951171875,1554653.0
2025-12-31,2290.0,2325.5,2286.800048828125,2315.89990234375,1324170.0
2026-01-01,2322.0,2326.0,2300.0,2323.0,758749.0
2026-01-02,2326.0,2357.699951171875,2322.0,2348.0,973354.0
2026-01-05,2341.5,2394.0,2336.39990234375,2384.10009765625,1343835.0
2026-01-06,2398.800048828125,2428.10009765625,2367.800048828125,2424.699951171875,1584666.0
2026-01-07,2416.0,2421.89990234375,2382.0,2399.39990234375,892632.0
2026-01-08,2389.0,2418.10009765625,2368.10009765625,2386.699951171875,1163632.0
2026-01-09,2382.0,2386.0,2361.0,2372.60009765625,1189236.0
2026-01-12,2362.0,2413.89990234375,2361.0,2406.199951171875,1057543.0
2026-01-13,2415.10009765625,2422.199951171875,2365.0,2389.5,1519674.0
2026-01-14,2398.89990234375,2398.89990234375,2341.0,2350.0,1027441.0
2026-01-16,2370.0,2372.89990234375,2348.89990234375,2360.39990234375,1367601.0
2026-01-19,2353.0,2425.39990234375,2353.0,2413.89990234375,1504958.0
2026-01-20,2423.0,2439.0,2368.5,2379.10009765625,1460669.0
2026-01-21,2379.10009765625,2400.5,2360.0,2368.0,1020200.0
2026-01-22,2368.89990234375,2402.0,2365.699951171875,2390.60009765625,1745949.0
2026-01-23,2400.0,2434.300048828125,2376.800048828125,2406.0,1378097.0
2026-01-27,2412.0,2421.60009765625,2380.5,2400.89990234375,2060071.0
2026-01-28,2403.10009765625,2420.199951171875,2340.60009765625,2378.39990234375,1797321.0
2026-01-29,2370.5,2374.699951171875,2312.0,2352.60009765625,1478480.0
2026-01-30,2341.0,2385.0,2340.0,2373.0,2090341.0
2026-02-01,2341.0,2384.89990234375,2330.300048828125,2350.699951171875,780254.0
2026-02-02,2356.10009765625,2360.0,2303.0,2357.300048828125,1373933.0
2026-02-03,2390.0,2399.89990234375,2343.300048828125,2368.60009765625,1553149.0
2026-02-04,2360.60009765625,2393.5,2356.800048828125,2371.0,1232649.0
2026-02-05,2362.5,2423.0,2351.60009765625,2354.39990234375,1961954.0
2026-02-06,2354.39990234375,2429.0,2337.5,2424.199951171875,1421863.0
2026-02-09,2425.0,2439.0,2402.0,2435.0,955873.0
2026-02-10,2435.0,2458.10009765625,2430.10009765625,2453.60009765625,792423.0
2026-02-11,2460.0,2470.60009765625,2447.0,2462.89990234375,1137845.0
2026-02-12,2475.0,2479.60009765625,2350.10009765625,2409.699951171875,4655392.0
2026-02-13,2400.0,2400.0,2300.300048828125,2305.199951171875,2790960.0
2026-02-16,2308.10009765625,2327.0,2288.10009765625,2319.0,2036823.0
2026-02-17,2309.300048828125,2326.0,2303.39990234375,2312.300048828125,1232983.0
2026-02-18,2312.60009765625,2328.89990234375,2306.0,2323.5,830578.0
2026-02-19,2336.0,2337.39990234375,2275.60009765625,2279.300048828125,939852.0
2026-02-20,2285.0,2331.199951171875,2278.300048828125,2314.5,1715991.0
2026-02-23,2325.0,2350.0,2320.800048828125,2345.39990234375,1299962.0
2026-02-24,2331.10009765625,2372.0,2330.300048828125,2358.60009765625,1544646.0
2026-02-25,2368.89990234375,2380.0,2349.0,2374.89990234375,1158603.0
2026-02-26,2378.0,2387.300048828125,2355.199951171875,2383.300048828125,1470663.0
2026-02-27,2369.300048828125,2378.89990234375,2330.60009765625,2338.10009765625,3053155.0
2026-03-02,2303.0,2354.0,2290.199951171875,2320.60009765625,2273111.0
2026-03-04,2292.89990234375,2311.60009765625,2252.10009765625,2261.300048828125,2648414.0
2026-03-05,2275.5,2277.800048828125,2228.39990234375,2255.0,1751243.0
2026-03-06,2245.10009765625,2250.0,2219.5,2225.699951171875,1674115.0
2026-03-09,2199.0,2200.0,2170.39990234375,2194.60009765625,1512732.0
2026-03-10,2224.0,2224.0,2175.0,2190.199951171875,1083715.0
2026-03-11,2190.199951171875,2195.0,2156.0,2161.39990234375,1312908.0
2026-03-12,2165.10009765625,2165.10009765625,2109.300048828125,2136.89990234375,1791716.0
2026-03-13,2136.0,2191.89990234375,2120.300048828125,2160.0,2298617.0
2026-03-16,2169.60009765625,2186.699951171875,2154.0,2175.699951171875,1981368.0
2026-03-17,2172.800048828125,2184.800048828125,2145.5,2158.199951171875,1705894.0
2026-03-18,2165.0,2175.0,2129.699951171875,2135.300048828125,2440711.0
2026-03-19,2112.0,2133.60009765625,2070.10009765625,2077.300048828125,2098695.0
2026-03-20,2099.699951171875,2099.800048828125,2069.0,2082.699951171875,2429260.0
2026-03-23,2062.300048828125,2097.0,2033.300048828125,2052.199951171875,2598597.0
2026-03-24,2070.0,2115.0,2066.0,2085.0,1702416.0
2026-03-25,2098.0,2154.699951171875,2086.0,2134.800048828125,2069050.0
2026-03-27,2123.300048828125,2127.0,2069.5,2074.39990234375,2788899.0
2026-03-30,2064.0,2082.39990234375,2046.199951171875,2055.199951171875,2479938.0
2026-04-01,2119.89990234375,2119.89990234375,2052.0,2064.699951171875,2028267.0
2026-04-02,2055.0,2069.89990234375,2022.5,2065.300048828125,1431804.0
2026-04-06,2065.300048828125,2092.800048828125,2041.9000244140625,2084.800048828125,1661059.0
2026-04-07,2064.699951171875,2119.5,2050.800048828125,2110.60009765625,2709574.0
2026-04-08,2130.0,2192.800048828125,2130.0,2145.60009765625,3794334.0
2026-04-09,2145.5,2162.89990234375,2115.0,2133.199951171875,2505712.0
2026-04-10,2133.199951171875,2170.0,2121.39990234375,2155.300048828125,2144318.0
2026-04-13,2131.0,2140.699951171875,2113.5,2127.199951171875,1994001.0
2026-04-15,2140.89990234375,2168.0,2140.89990234375,2157.60009765625,1552971.0
2026-04-16,2158.0,2163.699951171875,2129.10009765625,2139.10009765625,1845600.0
2026-04-17,2142.0,2245.0,2133.0,2240.800048828125,4882390.0
2026-04-20,2240.800048828125,2253.39990234375,2223.199951171875,2231.5,1460822.0
2026-04-21,2238.699951171875,2335.699951171875,2227.199951171875,2310.699951171875,3217281.0
2026-04-22,2310.39990234375,2408.0,2310.39990234375,2368.800048828125,5558325.0
2026-04-23,2336.0,2400.0,2336.0,2366.39990234375,2063531.0
2026-04-24,2388.60009765625,2388.60009765625,2299.0,2327.300048828125,1676706.0
2026-04-27,2334.89990234375,2362.800048828125,2325.0,2328.300048828125,1099681.0
2026-04-28,2321.0,2334.39990234375,2281.10009765625,2289.5,1629120.0
2026-04-29,2305.0,2349.699951171875,2291.0,2314.39990234375,1778765.0
2026-04-30,2312.0,2368.800048828125,2211.60009765625,2250.89990234375,4434979.0
2026-05-01,2250.89990234375,2250.89990234375,2250.89990234375,2250.89990234375,0.0
2026-05-04,2268.800048828125,2365.800048828125,2268.800048828125,2309.300048828125,2554255.0
2026-05-05,2301.5,2335.39990234375,2288.10009765625,2327.39990234375,1741424.0
2026-05-06,2330.0,2339.39990234375,2288.300048828125,2317.10009765625,1196175.0
2026-05-07,2310.0,2327.89990234375,2278.0,2285.300048828125,554241.0
