Date,Open,High,Low,Close,Volume
2020-01-01,1216.612149610867,1226.3755456155673,1211.5909518213866,1218.0533447265625,3123998.0
2020-01-02,1219.959505287233,1253.4340039079193,1219.0296581033251,1250.9234619140625,4335359.0
2020-01-03,1250.5979748099269,1250.5979748099269,1236.8363040395543,1241.392578125,2059871.0
2020-01-06,1237.6267892212122,1238.5566365459465,1221.9123467318536,1224.37646484375,2646905.0
2020-01-07,1234.8373810819764,1245.5306264753822,1221.587055268409,1227.863525390625,2077893.0
2020-01-08,1210.6611949024882,1216.8911264628036,1193.319519908564,1200.9443359375,4147568.0
2020-01-09,1219.0298669965528,1227.3055310528005,1213.5437449700455,1223.818603515625,2067779.0
2020-01-10,1226.468658773843,1242.2295260066342,1226.468658773843,1231.67578125,2360798.0
2020-01-13,1235.766932946474,1245.4373665602698,1235.4879333828426,1241.0670166015625,1825244.0
2020-01-14,1236.510937552503,1237.62670886704,1222.8421146623205,1233.0704345703125,2046500.0
2020-01-15,1232.6054219335024,1242.4153552668688,1227.398300330418,1230.7457275390625,2127677.0
2020-01-16,1234.558307766785,1239.3935821949206,1224.980947959681,1226.7476806640625,1773135.0
2020-01-17,1227.956181722349,1232.930841509012,1210.661046614912,1212.7066650390625,2941837.0
2020-01-20,1221.7725955320816,1227.3052540798672,1214.845279790922,1217.727783203125,2542477.0
2020-01-21,1213.2181061250176,1221.7262305094794,1209.2197178548486,1210.9864501953125,1361576.0
2020-01-22,1219.0298051723028,1219.9596524683916,1201.3627065466171,1203.4083251953125,2449753.0
2020-01-23,1215.3103898022046,1245.8558501192194,1214.3805425261507,1238.8355712890625,10056067.0
2020-01-24,1238.5565878364723,1271.8915904158566,1238.5565878364723,1263.848388671875,5837319.0
2020-01-27,1245.995522519511,1269.1487456020095,1245.995522519511,1253.9921875,2510013.0
2020-01-28,1256.1308063108888,1259.9431577399685,1244.1357528089134,1252.178955078125,2352852.0
2020-01-29,1258.1762814274114,1278.4934209795645,1257.2464341846885,1269.892333984375,3678474.0
2020-01-30,1270.124809332556,1280.2137428290291,1258.083332813645,1274.07666015625,2743506.0
2020-01-31,1279.4232614902412,1280.3996464926604,1265.0106293038675,1273.2398681640625,3939306.0
2020-02-03,1199.503027303845,1212.4279275862216,1182.7657757600707,1196.3880615234375,5767353.0
2020-02-04,1205.0819775740274,1215.589296392299,1197.224814095164,1201.130126953125,3604309.0
2020-02-05,1206.8488171306835,1232.0476559202305,1204.1522372956215,1218.146484375,4220104.0
2020-02-06,1230.0951065732747,1232.0477633459052,1217.2167432200297,1225.1668701171875,2354458.0
2020-02-07,1220.935857952123,1222.1911289158627,1205.0819184829677,1207.8714599609375,3053804.0
2020-02-10,1208.8016462443695,1211.0797270211242,1183.7887279399602,1195.1329345703125,3039992.0
2020-02-11,1201.36280436357,1207.8251981948656,1193.9240253891828,1196.62060546875,2200796.0
2020-02-12,1198.666199231558,1208.662058269475,1190.2046110263936,1206.291015625,2568696.0
2020-02-13,1207.8715616271584,1208.6619090777597,1194.8537003009226,1201.5950927734375,1545536.0
2020-02-14,1204.1521261949606,1213.40406044913,1200.060775806155,1204.2916259765625,1780119.0
2020-02-17,1206.0119834300176,1206.8023309568207,1187.4150368852218,1190.3905029296875,2155085.0
2020-02-18,1191.5993938570923,1199.31717236086,1177.6051456627006,1196.109130859375,2347917.0
2020-02-19,1206.941542763333,1207.871389868698,1187.042792007184,1191.506103515625,1820353.0
2020-02-20,1190.1114814492362,1198.4801064423848,1185.834206931864,1190.7623291015625,3034681.0
2020-02-24,1182.6729418419047,1182.6729418419047,1164.7733792242025,1171.3287353515625,3414064.0
2020-02-25,1173.6532021755995,1176.8612434250658,1153.150137567637,1154.9168701171875,3133077.0
2020-02-26,1148.3614055234862,1151.150947399252,1121.3958340577526,1126.1845703125,5721483.0
2020-02-27,1127.3003684561738,1131.5776433993358,1115.8167768293224,1125.440673828125,4003149.0
2020-02-28,1106.192891052911,1112.5157847483715,1080.482589857952,1104.240234375,6286647.0
2020-03-02,1120.4659586399418,1127.300313362662,1069.8358202684124,1079.459716796875,3177486.0
2020-03-03,1084.2020011966258,1103.5428713205029,1080.5291495969896,1098.4287109375,3134527.0
2020-03-04,1101.8688148509868,1104.5188563878908,1076.762943120205,1094.1046142578125,3135151.0
2020-03-05,1097.312684463063,1103.9611148046329,1084.387785370235,1099.497802734375,2625152.0
2020-03-06,1067.4647390182276,1082.3422963564608,1051.517834544958,1077.60009765625,3956575.0
2020-03-09,1056.1205621225488,1056.1205621225488,992.426024884206,1024.6451416015625,8038295.0
2020-03-11,1013.533437070426,1042.3121621973914,1009.6281242752348,1038.5927734375,5628125.0
2020-03-12,994.9364884325604,994.9830261945276,933.6595362099928,945.2361450195312,9200130.0
2020-03-13,883.3549612595516,986.0565531948685,827.5641216010536,977.6879272460938,8117911.0
2020-03-16,943.097636763767,968.9008996873011,894.4201526526124,900.7431030273438,6671806.0
2020-03-17,903.8115800868012,934.4965411391308,874.1959661361301,889.6314086914062,4720207.0
2020-03-18,900.0921424058749,906.3686113740978,836.8625290963713,841.0933227539062,5586097.0
2020-03-19,812.5935654263224,821.9850003076733,778.9330823435911,783.9542236328125,7251950.0
2020-03-20,789.440327036061,816.2199168851962,772.9820191146699,804.0389404296875,6130185.0
2020-03-23,752.2464592148503,753.1298254929098,656.4721881405245,673.2559204101562,7308612.0
2020-03-24,711.8664013849004,712.5735534392563,633.6082407028518,667.457275390625,7110384.0
2020-03-25,657.3685710751666,730.7238004350055,623.236686564566,722.0022583007812,16122446.0
2020-03-26,742.7454418464606,794.1789610924238,711.0650499548611,790.1246337890625,9028497.0
2020-03-27,818.3165029273306,839.1538968984544,765.610072226455,789.2289428710938,6573448.0
2020-03-30,755.2384252540412,768.4385974807036,745.8097308064253,753.022705078125,4474168.0
2020-03-31,773.1529969054384,775.9816054307022,745.9983665725434,762.3099975585938,8045468.0
2020-04-01,760.7542201439759,765.9871918187101,722.7565914485206,730.1109619140625,4104403.0
2020-04-03,745.9039543155026,745.9039543155026,719.2207619841905,730.393798828125,4268480.0
2020-04-07,759.0099692909384,766.5529255074944,745.8097959119656,755.8513793945312,5768998.0
2020-04-08,758.0670568500414,784.4674021134756,752.1269906754058,760.9899291992188,6151091.0
2020-04-09,786.6831450830971,786.6831450830971,758.4442495687423,766.3643188476562,6410296.0
2020-04-13,766.3643645244669,822.5594246582442,761.7914701916695,816.0064697265625,9462711.0
2020-04-15,840.0496175775231,873.6628817256625,819.3536199259132,829.8666381835938,10435477.0
2020-04-16,825.9065047522856,867.2513070411804,820.4378734617542,859.5669555664062,6980512.0
2020-04-17,876.8685609351196,886.297255138723,863.6683890500748,879.6029052734375,5827648.0
2020-04-20,887.0515190956024,889.1258432830996,858.9540225142139,863.2911987304688,4958362.0
2020-04-21,845.7538347975647,854.8053578363267,813.696275842027,820.6263427734375,5122305.0
2020-04-22,823.1250635156509,834.9109321226906,801.4390652786979,803.8905029296875,6090168.0
2020-04-23,810.8677404575386,819.8250003811975,787.296003816331,792.5760498046875,6321888.0
2020-04-24,790.1246072278044,819.353560478475,786.494582827237,802.5704956054688,7960368.0
2020-04-27,812.7062744481614,824.9164444415306,803.5604299429876,806.3890380859375,4224177.0
2020-04-28,814.4505890722963,818.12780280964,803.4190054084477,808.1805419921875,3772704.0
2020-04-29,812.7534749982115,832.6008656332524,805.2105193137734,825.3407592773438,4837925.0
2020-04-30,839.3423935189301,864.4226977985187,833.5908553613332,846.2724609375,6332497.0
2020-05-04,829.7251369550945,829.7251369550945,796.7247053716533,802.0519409179688,4678576.0
2020-05-05,811.8105940370937,820.1078336627953,787.2959884099573,789.0874633789062,4296433.0
2020-05-06,790.1246197512626,799.5533144976977,770.8900594492607,789.464599609375,5081524.0
2020-05-07,785.4102356297566,788.2859758832301,773.2471969566732,775.840087890625,3529134.0
2020-05-08,785.410325746483,787.154611373823,763.7243263561238,769.3344116210938,4394509.0
2020-05-11,774.2843857811482,780.2244516678957,769.7114345264508,774.6614990234375,2882920.0
2020-05-12,770.3243242554898,772.4457804728397,758.0670216663572,768.25,3024381.0
2020-05-13,814.3563959042166,822.1350692528971,801.9105070366905,813.6021118164062,8625444.0
2020-05-14,809.8305874556333,829.3479388834184,793.424636131327,821.8521728515625,6778584.0
2020-05-15,831.5638289393974,834.439569618841,805.2106129429268,815.0164794921875,5653901.0
2020-05-18,820.2021237363261,820.2963876581636,763.7242229920832,766.8828125,6211249.0
2020-05-19,779.8473005850188,786.164537421882,746.4697565193316,750.8540649414062,5533176.0
2020-05-20,754.2954715568862,792.9531144741766,754.2954715568862,787.2958984375,5949898.0
2020-05-21,788.1916720876646,796.7246284926541,771.3614190752136,773.6243286132812,4701930.0
2020-05-22,768.4386126784765,779.281611507682,763.8185292884975,769.0986328125,4607479.0
2020-05-26,774.9444252883872,794.5560983720069,774.0958197626745,778.3858642578125,4335209.0
2020-05-27,784.420339452471,808.2277957666204,779.7531236357027,802.2405395507812,5159287.0
2020-05-28,806.1533443760569,859.8969006677941,806.1533443760569,853.7682495117188,11481079.0
2020-05-29,842.1710104841022,883.9401159186758,840.0966861691095,878.9900512695312,10166556.0
2020-06-01,890.6816749929625,918.4963245808774,871.2113972621477,875.1243286132812,7617144.0
2020-06-02,881.5829764045816,898.5546272872366,860.8869795130398,891.4359741210938,7325471.0
2020-06-03,901.3360426650588,917.2705014951392,900.4403051973725,906.38037109375,4651554.0
2020-06-04,906.144753851931,912.697708620778,875.5486259737557,877.5286865234375,5355931.0
2020-06-05,886.2973266058459,905.0604526032658,883.0915472988479,900.6760864257812,6071040.0
2020-06-08,923.5405931574848,938.15506910842,894.7830759637092,906.427490234375,9858804.0
2020-06-09,909.3976130598974,914.819112567512,895.4431562716741,898.8374633789062,5117749.0
2020-06-10,902.3260809471072,904.6832546172932,882.2429727867617,892.4730834960938,5175923.0
2020-06-11,890.068715568304,897.6116707849845,875.1713905249961,877.2928466796875,3602957.0
2020-06-12,839.1538323080209,876.7743473599807,839.1538323080209,873.4743041992188,5411314.0
2020-06-15,869.1370886538058,876.3500633071121,843.0195921425114,848.48828125,4982324.0
2020-06-16,867.4398873087993,871.8713851992527,840.2381269054001,843.915283203125,4661460.0
2020-06-17,841.6995459579055,848.3467638846532,830.7622261152287,834.2508544921875,4681085.0
2020-06-18,825.9536126018108,848.5824787004906,824.0678737602542,845.4238891601562,5869802.0
2020-06-19,850.4682684804794,863.5741772335439,843.9624460681725,846.8853759765625,5409996.0
2020-06-22,853.2969526948456,863.6685178657222,844.8111266459465,855.6069946289062,6839642.0
2020-06-23,858.0112359947462,914.5834054009932,857.0683665046422,912.3204956054688,14580218.0
2020-06-24,923.0692242348824,933.3465246230642,897.6117481834608,900.9589233398438,11985132.0
2020-06-25,895.6317120965626,909.680432349473,882.7615211060236,889.2201538085938,7508087.0
2020-06-26,900.4402717212555,920.3347929253532,886.7686655014039,907.2289428710938,6554103.0
2020-06-29,895.7259651746397,901.4774457212244,876.868576434121,883.0914916992188,4575801.0
2020-06-30,894.5002486907019,897.7531597663497,878.1886188983123,889.73876953125,3656480.0
2020-07-01,887.240256908948,887.240256908948,864.6113874447453,871.4943237304688,6426017.0
2020-07-02,882.5258136308047,896.3860061878485,873.097119040732,887.5230102539062,6542705.0
2020-07-03,893.8402036586577,900.8174603351816,887.8058163952759,890.304443359375,3928063.0
2020-07-06,898.6488392801671,904.6832267089636,892.5673774372415,896.857421875,3900219.0
2020-07-07,900.4403240969468,906.946146316502,886.2972823572042,889.6915893554688,4051767.0
2020-07-08,890.9645196716505,909.3033424239472,884.4115653272327,887.4758911132812,5227021.0
2020-07-09,891.0116705392131,897.6117569876517,886.2973230760426,890.9645385742188,3777760.0
2020-07-10,886.2973154222672,897.6117492361684,877.3871872841826,878.8958129882812,4537688.0
2020-07-13,886.2973089030507,890.8230708856844,872.1542667397041,875.1243286132812,3821300.0
2020-07-14,874.982912162463,881.535866818145,854.0983293324134,860.74560546875,3646237.0
2020-07-15,865.6013348568405,872.1542894057972,857.3512267138127,860.0855712890625,3229770.0
2020-07-16,860.8397613006308,871.2113246897951,847.1210230545998,868.524169921875,3134451.0
2020-07-17,869.4198794801051,876.8214390438486,865.5541378315035,872.6727905273438,2040517.0
2020-07-20,875.9258018629927,878.6601465457805,862.7256283150035,867.0628051757812,3035845.0
2020-07-21,874.0399229332323,888.4658130642418,868.0055358289842,884.4586181640625,4756570.0
2020-07-22,885.5429506323552,887.2401040401177,858.0111526849172,868.2884521484375,4977432.0
2020-07-23,859.8969063556008,884.3643791809475,859.2840182166666,864.1869506835938,9075059.0
2020-07-24,862.1598344878626,862.2540984121007,846.7438846948324,852.7311401367188,6059379.0
2020-07-27,856.125468509661,862.7255547206386,845.0938843331044,852.1654052734375,3615970.0
2020-07-28,856.8797204621752,864.6112612435644,847.6396116226438,861.3112182617188,3793721.0
2020-07-29,867.0627865548132,887.0987638312914,864.8470662046898,869.278564453125,7245021.0
2020-07-30,875.9257477839853,879.4143763730636,852.5425961665582,856.3612060546875,3364408.0
2020-07-31,861.6884629427948,870.1742884809408,855.229772309849,861.26416015625,2943858.0
2020-08-03,860.8398132733435,867.2041821009394,851.9296854050723,863.5741577148438,3583167.0
2020-08-04,865.5541485019526,876.8685818157037,864.2341082627415,871.4470825195312,3860346.0
2020-08-05,878.77063312966,888.8047468044807,875.7746388527539,880.4826049804688,3007723.0
2020-08-06,880.7679174260029,888.0438703013873,875.2515379250602,877.0586547851562,2188023.0
2020-08-07,877.4390330245552,881.5287595228515,869.4022104804233,870.87646484375,2461109.0
2020-08-10,879.7692962612382,922.56888364692,879.7692962612382,913.1054077148438,11861641.0
2020-08-11,922.1883672955904,931.7945311938554,910.2995936967372,914.8649291992188,5427516.0
2020-08-12,905.4490002508884,909.2534078149678,898.7912870137495,903.3090209960938,3672458.0
2020-08-13,910.2044486107956,945.0623537971844,905.0209320425377,942.256591796875,8816193.0
2020-08-14,951.0543404516332,967.2706159626064,925.8025970432708,934.742919921875,13443785.0
2020-08-17,953.004004669848,957.7595136751868,939.4032605247093,951.8626708984376,4735094.0
2020-08-18,956.7609481770096,958.7106954216554,946.7268349491457,955.4293823242188,4362050.0
2020-08-19,967.5084006205976,974.8318387559208,956.2378664092008,959.7568969726562,4914223.0
2020-08-20,937.7863886605968,955.8573231276872,933.0308795903096,947.0596313476562,4791040.0
2020-08-21,960.612843542614,960.612843542614,943.493010687399,945.5379028320312,2806380.0
2020-08-24,947.297463816344,952.4334371416328,941.5908525885347,942.8748168945312,2026255.0
2020-08-25,944.4441878831896,951.0068142216724,929.9874273749476,932.4603271484376,2914757.0
2020-08-26,938.73750580856,939.6886076381534,917.813265557508,921.5701293945312,4482066.0
2020-08-27,927.5620960628067,932.079829932377,918.0986208732612,927.8949584960938,4466609.0
2020-08-28,939.6886552372996,955.572068206198,930.3678684452784,933.83935546875,7821191.0
2020-08-31,939.7836599469888,946.7267494875172,894.416150788804,898.74365234375,8489726.0
2020-09-01,917.7657356514828,918.7643809771976,897.1743575159472,908.4924926757812,5099949.0
2020-09-02,909.6813933194863,912.8675613572389,901.6445709242196,908.8253784179688,2107714.0
2020-09-03,913.0578209265456,923.519941791329,906.6854266078652,914.151611328125,3278899.0
2020-09-04,901.6445734727288,909.3960769396168,894.0357585067142,896.4135131835938,3130721.0
2020-09-07,900.8362313378626,904.2601751230624,871.4471579873845,886.5697021484375,3470806.0
2020-09-08,890.2313147832713,890.2313147832713,868.3084291650309,871.8750610351562,3738931.0
2020-09-09,863.1725612710127,882.6226077171523,856.9428551219335,865.0272216796875,5656245.0
2020-09-10,872.8262162202249,877.8670446280016,867.4049238361187,875.9172973632812,2948599.0
2020-09-11,875.013674030227,876.4878702404744,867.4048594734425,872.5408325195312,2632298.0
2020-09-14,877.2964289727355,878.1999293507996,856.942824786404,857.989013671875,5006356.0
2020-09-15,865.5027436809884,870.4484852550105,855.9917245196589,865.4552001953125,4488829.0
2020-09-16,870.2582873699138,878.8182049506014,866.7867420197057,876.7257690429688,3596197.0
2020-09-17,870.2581791184874,873.0639411421687,860.794704249091,861.9835815429688,4512652.0
2020-09-18,866.6440403938949,869.4022010019071,853.1383821543425,856.657470703125,7496145.0
2020-09-21,856.9428116108339,859.6058853198048,831.5483792792725,838.7291870117188,4597697.0
2020-09-22,844.5309406713877,844.5309406713877,810.3388158794877,814.6187744140625,5089087.0
2020-09-23,823.8444548362986,830.9777188910161,812.764094784377,818.5182495117188,3709291.0
2020-09-24,814.1431841553397,817.8525045931299,801.7788600969058,809.1023559570312,11609426.0
2020-09-25,818.0426913818885,851.6166336780724,810.3387894907928,845.767333984375,4961967.0
2020-09-28,854.089510524872,872.6359976687862,849.3340010007914,858.7023315429688,3853608.0
2020-09-29,865.4550997179838,868.2132601241609,848.7632746378634,851.6641235351562,3362381.0
2020-09-30,853.8992522175892,860.271646393598,840.8691449130506,857.513427734375,3582787.0
2020-10-01,865.4551869729663,868.9266740834221,856.6574943831469,858.65478515625,2506154.0
2020-10-05,863.5530642831408,864.1237022574406,851.2838253797651,853.0909423828125,2788003.0
2020-10-06,856.9903134831151,860.3191699703536,844.8162213684867,848.9534912109375,3497325.0
2020-10-07,851.2361371696874,851.2361371696874,833.212745895462,844.4833374023438,5073845.0
2020-10-08,846.766015385275,850.285104047953,836.0661189417184,837.9683227539062,3918217.0
2020-10-09,844.0077610899039,870.2106040868385,842.2957314082713,864.0284423828125,9668150.0
2020-10-12,872.1128627029475,880.4825474662475,857.941421759493,861.4605102539062,6188905.0
2020-10-13,863.5530288928608,870.9240690205562,845.3869467800174,852.6153564453125,4548652.0
2020-10-14,853.138419823034,872.1604581691441,843.817632643571,870.448486328125,5286914.0
2020-10-15,868.3559703171912,874.0625812940841,842.1055830437438,845.3392944335938,4927777.0
2020-10-16,850.285101018272,859.3205690939695,846.0051424560995,850.3801879882812,2373435.0
2020-10-19,855.0404967473379,861.6982091802984,840.77397010528,858.7498168945312,5800391.0
2020-10-20,874.0626245463533,889.7558055093727,868.3560132870736,872.4457397460938,13188572.0
2020-10-21,879.7217057306779,885.4758605613597,864.2187565168018,879.2461547851562,6390783.0
2020-10-22,876.9159776716798,893.0847104487065,875.15646232503,890.5167236328125,6151367.0
2020-10-23,894.0358539799137,902.1202207446256,882.622630312085,895.2247314453125,5102184.0
2020-10-26,903.4040649135436,912.3444454833408,896.88904049079,905.211181640625,6975809.0
2020-10-27,913.0578112536532,937.7864603084396,908.4449903233098,933.9345092773438,9638520.0
2020-10-28,941.5432630598272,946.0134532464645,926.5634093194031,934.7904052734376,7369181.0
2020-10-29,904.592955143838,911.9164510704476,880.7203216960942,888.8046875,11852038.0
2020-10-30,894.9868659172859,900.5032451916617,879.0083659998812,884.0491943359375,4797473.0
2020-11-02,884.5247917478208,892.0860636745057,875.6320119542739,883.8590087890625,3682174.0
2020-11-03,898.6961822010807,906.3049971781644,886.90249576634,901.4067993164062,4049112.0
2020-11-04,888.5669798432341,904.1650747460532,884.5247966328153,893.8931274414062,3369408.0
2020-11-05,905.4490338913624,912.867617306812,898.1255374482865,911.250732421875,2889134.0
2020-11-06,912.1066898978256,920.1910557624047,903.6418600664176,913.7711181640624,3419233.0
2020-11-09,923.5199018786456,926.943845338883,915.3404491399392,918.6217041015624,3040456.0
2020-11-10,927.3243563763644,986.1975874527252,924.0905866825856,983.1539916992188,12149416.0
2020-11-11,989.1459513718954,1010.8311205924928,971.3127911909118,1007.6448364257812,10254627.0
2020-11-12,1003.3173787087726,1023.2429163022688,1000.9871094831544,1020.7224731445312,6743163.0
2020-11-13,1012.9712186103994,1015.9196115525008,987.3389503767928,1000.083740234375,5025096.0
2020-11-14,1008.2156340030424,1015.586673863058,1002.4614209621196,1007.4071044921876,911852.0
2020-11-17,1011.0212740463209,1043.2160486872722,1009.1666718655896,1028.0460205078125,7611327.0
2020-11-18,1028.0462013611573,1097.8095116283891,1026.3817728185109,1092.0078125,13436421.0
2020-11-19,1070.0372622860195,1119.4469606241046,1053.5355510814145,1078.787353515625,10841151.0
2020-11-20,1084.256300425559,1104.2294428018192,1063.80760704034,1076.932861328125,7009257.0
2020-11-23,1083.1146885354676,1091.7220894673903,1067.9445463936513,1070.7978515625,4998877.0
2020-11-24,1079.500645343977,1088.0605623555152,1073.1283091203538,1079.9761962890625,4623887.0
2020-11-25,1085.6827851982528,1091.674773423048,1058.053229419134,1061.4296875,4651911.0
2020-11-26,1074.745190695795,1079.4530988516813,1047.6863869811905,1064.140380859375,7360928.0
2020-11-27,1073.794095316422,1084.0660427573164,1038.603323370711,1067.516845703125,18995549.0
2020-12-01,1084.2562510788284,1084.2562510788284,1056.8644677689424,1061.3822021484375,3551604.0
2020-12-02,1065.2817836367055,1076.695007016335,1050.111637900494,1059.289794921875,4434968.0
2020-12-03,1079.5005315588885,1081.8306845036743,1065.519381687585,1070.1322021484375,4087608.0
2020-12-04,1074.7452590630437,1105.1805230365103,1073.55638156408,1093.291748046875,6542918.0
2020-12-07,1098.3324595380795,1114.596277904214,1088.0605131482578,1112.5037841796875,5484461.0
2020-12-08,1117.4970694373844,1124.6779348275431,1091.912522617062,1114.1207275390625,4982626.0
2020-12-09,1120.398158836526,1127.0558728533815,1109.3177972882102,1123.25146484375,4304573.0
2020-12-10,1124.202365888528,1135.3778124191458,1112.836745431951,1132.14404296875,4921373.0
2020-12-11,1129.9088913751089,1157.300668515627,1124.2022808126085,1135.90087890625,6689415.0
2020-12-14,1139.5150874655153,1202.0976347683363,1139.5150874655153,1188.54443359375,9723233.0
2020-12-15,1188.877300847856,1190.7795045292123,1156.6349252286025,1185.3106689453125,6953407.0
2020-12-16,1194.821762545161,1215.5082288817637,1186.0716715007757,1206.2349853515625,5729223.0
2020-12-17,1207.8994218174423,1221.2148485146429,1192.7293928422266,1216.2691650390625,5345257.0
2020-12-18,1221.1671951534352,1237.383528419126,1207.8993705551804,1218.8846435546875,10315248.0
2020-12-21,1213.8439070764998,1273.050005580329,1097.571689532835,1174.46826171875,21153346.0
2020-12-22,1174.848479215757,1205.9970626558022,1154.2096169341671,1200.9561767578125,7998730.0
2020-12-23,1205.9970926265405,1209.135775033673,1187.3079188778022,1202.95361328125,4057070.0
2020-12-24,1212.6548630543575,1218.3614741746137,1192.2061732067743,1200.480712890625,3277840.0
2020-12-28,1212.6549393080315,1227.8725699189558,1204.570573045978,1226.350830078125,3405825.0
2020-12-29,1231.629298860331,1231.7245019267298,1205.7117733501195,1222.023193359375,3778319.0
2020-12-30,1225.2095024515593,1232.9610066712555,1208.8505951264087,1228.871337890625,2866392.0
2020-12-31,1229.7747674705554,1240.2368884621842,1219.3126464789264,1224.6387939453125,3889877.0
2021-01-01,1220.2637963923655,1236.384927932239,1220.2637963923655,1233.5792236328125,2058419.0
2021-01-04,1241.1879268131545,1257.8798108901274,1238.3346212342733,1250.3184814453125,4014636.0
2021-01-05,1243.090041219638,1248.7966519673944,1231.7244212542066,1242.42431640625,2833637.0
2021-01-06,1244.041313275899,1264.9655555481236,1236.432497904181,1249.7479248046875,4615963.0
2021-01-07,1264.965468035437,1280.9440256511416,1260.209958757108,1273.477783203125,4270598.0
2021-01-08,1283.7974259729751,1315.3263619343493,1281.1342941400296,1306.243408203125,4984995.0
2021-01-11,1314.4228092447916,1317.2285133739313,1279.232039388021,1283.987548828125,3252470.0
2021-01-12,1287.7919447342913,1300.013580664574,1278.3285274745865,1283.79736328125,2836161.0
2021-01-13,1287.791887130314,1305.862822030961,1278.5662457531348,1286.365234375,4389762.0
2021-01-14,1291.5963929401396,1321.7462770270115,1289.931964598722,1309.286865234375,5168591.0
2021-01-15,1309.381971087877,1316.8006125285615,1279.279688102887,1287.9346923828125,2587576.0
2021-01-18,1279.422338881178,1287.649394240181,1261.303915797113,1270.7198486328125,3185998.0
2021-01-19,1274.524175772233,1314.422854920654,1271.623268472442,1302.866943359375,3885798.0
2021-01-20,1302.0584519597069,1324.9324982319522,1295.9238913767504,1315.041015625,3957992.0
2021-01-21,1326.787162544097,1327.7382644527308,1294.4972991865038,1304.24609375,2985423.0
2021-01-22,1295.400762641483,1307.7650871013502,1282.5608872408516,1295.495849609375,3282665.0
2021-01-25,1303.0095249453675,1328.118636821509,1276.3786733406446,1294.7349853515625,4847989.0
2021-01-27,1301.8683891020462,1324.59963271253,1265.0606741599904,1293.35595703125,8896211.0
2021-01-28,1278.9468239509856,1298.349328137998,1274.4766909530958,1279.5650634765625,2962948.0
2021-01-29,1295.4009220163928,1302.058636006198,1260.30523504987,1269.435791015625,5130876.0
2021-02-01,1279.9453277320652,1390.5109189257137,1271.8133603908504,1378.00390625,11317043.0
2021-02-02,1401.9242494345756,1515.1053794771228,1401.9242494345756,1445.8651123046875,14349665.0
2021-02-03,1455.1859361076874,1481.8167898403772,1431.4083881320717,1453.806884765625,6197782.0
2021-02-04,1450.4302703085718,1474.2078157234666,1436.1637430596352,1454.99560546875,3957579.0
2021-02-05,1459.370817014566,1471.3546780499144,1437.210095720414,1442.3460693359375,3270494.0
2021-02-08,1446.7686264662702,1493.2299293930482,1445.674836100276,1475.919921875,5223019.0
2021-02-09,1480.86564916596,1497.5099323132972,1469.4524264363572,1489.853515625,3825206.0
2021-02-10,1483.718858352291,1487.5232656813994,1453.949324561498,1476.91845703125,2578777.0
2021-02-11,1473.6373486609114,1483.623918892696,1451.9046928529567,1455.6614990234375,2720190.0
2021-02-12,1459.9413033837473,1468.501219820525,1441.965455646255,1446.958740234375,1867284.0
2021-02-15,1452.3325340062647,1468.5012655570877,1446.958785299996,1462.4617919921875,1917477.0
2021-02-16,1464.6969478048456,1497.0344128862514,1463.7458458906867,1473.684814453125,3838556.0
2021-02-17,1468.5014016385733,1490.3767463521012,1458.0392802538424,1472.638671875,2340184.0
2021-02-18,1466.7892968994918,1475.3492139595749,1441.0620602852475,1450.0499267578125,2446843.0
2021-02-19,1449.336596840758,1471.3546288902428,1425.5590495089828,1435.0225830078125,3044240.0
2021-02-22,1437.0198118676367,1438.0183991517763,1376.339467250068,1381.1900634765625,6168108.0
2021-02-23,1390.510980085859,1424.7506485421454,1388.608776282732,1413.622802734375,3733776.0
2021-02-24,1414.0031591166592,1457.088121957088,1414.0031591166592,1451.9521484375,2380414.0
2021-02-25,1458.9902562532625,1465.2675053219666,1428.5549966704043,1432.787353515625,3168105.0
2021-02-26,1409.5330022273072,1420.470673971986,1364.9739018616374,1371.9644775390625,5579058.0
2021-03-01,1384.8044001506105,1413.3374578460212,1367.8747394774762,1400.8304443359375,2494481.0
2021-03-02,1406.964921397842,1416.808801683166,1386.8490953618275,1413.00439453125,2089473.0
2021-03-03,1420.470576276411,1436.1637563959698,1408.914665877204,1423.704345703125,2184001.0
2021-03-04,1400.9731483700157,1421.2791514346825,1386.706619364211,1391.0816650390625,3530366.0
2021-03-05,1382.521574704308,1404.9675543122132,1368.7305983903934,1391.985107421875,3306902.0
2021-03-08,1405.7284351168714,1450.4302189128748,1398.119620853722,1441.109375,4150049.0
2021-03-09,1450.430351859996,1457.3734419520435,1418.8538162141224,1434.5469970703125,3779948.0
2021-03-10,1448.5281577825713,1459.7036048304672,1433.7860786981132,1449.66943359375,2210547.0
2021-03-12,1451.666861408374,1488.4744581174662,1429.6488294306566,1439.96826171875,4885349.0
2021-03-15,1445.6748301916596,1453.3787320533418,1391.7474010585834,1411.1973876953125,3181450.0
2021-03-16,1415.525001075428,1423.799541146579,1385.7554652308388,1390.32080078125,3233903.0
2021-03-17,1403.8264196102496,1419.9475505493972,1361.7401600792512,1367.3516845703125,5178384.0
2021-03-18,1384.3763706290515,1397.8343691823595,1350.56465277573,1358.2685546875,3381940.0
2021-03-19,1345.8091858288583,1352.3242106106663,1311.1890535173109,1342.2425537109375,9920812.0
2021-03-22,1340.102648046378,1348.0919276495997,1324.1716903779773,1331.59033203125,2964175.0
2021-03-23,1333.3497784233634,1347.2358429596934,1329.7355447585226,1335.679931640625,2564844.0
2021-03-24,1331.5426418702368,1338.200355079588,1293.5461679231043,1302.201171875,4237815.0
2021-03-25,1294.4496802053338,1321.0805332881769,1294.4496802053338,1304.0557861328125,3894604.0
2021-03-26,1318.5125588959174,1339.1514228790295,1314.4227744451837,1329.92578125,3093766.0
2021-03-30,1339.1514810591436,1358.36369308268,1327.310308792858,1353.941162109375,2801282.0
2021-03-31,1353.9884423785668,1361.59725645892,1341.4339455865,1349.518310546875,2400871.0
2021-04-01,1361.9778101755064,1377.052750845807,1351.0401392139013,1373.961669921875,1380763.0
2021-04-05,1368.635725087022,1368.635725087022,1313.852275225275,1335.156982421875,2548649.0
2021-04-06,1337.154074490836,1347.04555665783,1325.170214756398,1332.49365234375,1824079.0
2021-04-07,1333.4448538038184,1347.901556134921,1321.3183046697252,1335.48974609375,1841308.0
2021-04-08,1341.0536203612055,1364.6409928903488,1341.0536203612055,1349.7562255859375,1644834.0
2021-04-09,1344.8580705900436,1347.7113762560762,1328.7844254511322,1335.442138671875,2015002.0
2021-04-12,1325.7883328498085,1325.7883328498085,1266.8676216612616,1279.3746337890625,3755497.0
2021-04-13,1281.3719669698355,1314.422756245918,1281.3719669698355,1306.528564453125,2063654.0
2021-04-15,1311.522041940811,1323.0779543331498,1291.6915886805996,1307.432373046875,2625838.0
2021-04-16,1293.9741499064546,1325.1703390275595,1289.0284664098122,1292.690185546875,3752588.0
2021-04-19,1274.4764432093805,1280.3732280732634,1242.1389812175007,1246.371337890625,4157065.0
2021-04-20,1255.454539787129,1273.953425769984,1253.266958921219,1266.3922119140625,2989204.0
2021-04-22,1245.9435273241893,1274.0010342372148,1243.3279970187375,1271.43310546875,2398100.0
2021-04-23,1264.9655690488971,1278.8992355673292,1250.1758875717487,1258.2127685546875,2062964.0
2021-04-26,1265.012982046441,1275.6176741223678,1258.3076679873968,1270.576904296875,1431562.0
2021-04-27,1273.5253786266217,1320.557318723134,1270.5769861084632,1313.1387939453125,4303909.0
2021-04-28,1317.1334090953942,1331.495024195505,1305.387324152967,1308.62109375,3220346.0
2021-04-29,1316.2774076453095,1321.603671083729,1287.3164016800986,1292.214599609375,2221346.0
2021-04-30,1283.9876109260333,1298.2541399363224,1270.7672708229031,1274.904541015625,1968093.0
2021-05-03,1260.685636938795,1285.22411373241,1254.646162765952,1276.8543701171875,1653245.0
2021-05-04,1283.987534153177,1284.843549062873,1265.9165984873175,1272.19384765625,2029558.0
2021-05-05,1276.5688467634382,1280.8964065880125,1259.2588396677395,1273.1925048828125,1813150.0
2021-05-06,1278.280964329031,1290.2173397147394,1270.434373588172,1274.3814697265625,2333882.0
2021-05-07,1281.1340956114143,1293.4033317740536,1273.5252813835812,1277.0443115234375,2362325.0
2021-05-10,1281.1343374600974,1330.448950763447,1281.1343374600974,1326.7872314453125,3929224.0
2021-05-11,1312.5206364207672,1331.4475876589802,1308.8113157497514,1315.944580078125,1975828.0
2021-05-12,1312.520636869868,1355.320222854755,1309.6673311375423,1317.5615234375,4283174.0
2021-05-14,1325.8359782044772,1354.2739467248189,1306.861542747451,1346.28466796875,4558155.0
2021-05-17,1362.9290143637609,1370.5378295172222,1301.297565180202,1318.9405517578125,9620003.0
2021-05-18,1336.2981048569566,1352.4668363747987,1328.6892900250307,1347.9967041015625,3312380.0
2021-05-19,1344.858146542134,1364.8312873323637,1331.5427193486476,1334.823974609375,3215258.0
2021-05-20,1341.8144992537946,1357.1747008247946,1333.1118943470867,1340.8157958984375,1996254.0
2021-05-21,1345.8090539919112,1355.034695059324,1338.2953265126162,1348.7099609375,2185322.0
2021-05-24,1350.5647366376884,1386.7066098716548,1341.053717365592,1372.6778564453125,5035538.0
2021-05-25,1388.6087391224532,1390.463341340349,1371.583992319801,1380.001220703125,2892219.0
2021-05-26,1387.5626247773482,1404.39708244784,1381.7609262418366,1400.8780517578125,3230579.0
2021-05-27,1403.7786828246717,1412.3862007241485,1390.2730834400836,1410.34130859375,3747221.0
2021-05-28,1414.3835249700958,1426.3198995188725,1401.8290271055164,1405.8236083984375,2315923.0
2021-05-31,1400.3074127191749,1403.8264434064315,1386.2786593043747,1395.9322509765625,2405318.0
2021-06-01,1394.267824039537,1419.519626652676,1391.4621197942142,1402.54248046875,2077742.0
2021-06-02,1396.5029999851806,1402.4948724393112,1383.9008995053966,1399.1185302734375,2469417.0
2021-06-03,1407.7259064584794,1440.9193861653214,1401.1632800933066,1436.9722900390625,3025466.0
2021-06-04,1444.6759912940597,1471.5922179036982,1442.726302320675,1462.3665771484375,5677538.0
2021-06-07,1469.8803855628364,1492.7544327084486,1465.4102530713872,1481.6265869140625,3131245.0
2021-06-08,1484.670070462184,1505.5943123264813,1470.4511434540136,1473.3995361328125,3945382.0
2021-06-09,1474.2079370045535,1478.963446478762,1439.3025439043877,1445.0091552734375,3025732.0
2021-06-10,1450.4304129313407,1458.9903301224108,1440.9193938301514,1445.3895263671875,1584311.0
2021-06-11,1446.6259665473178,1452.4752663581546,1425.3688626457297,1429.93408203125,1909384.0
2021-06-14,1429.933969657059,1445.1992001465085,1405.728475035564,1441.632568359375,2005404.0
2021-06-15,1445.6747729603765,1449.193803269827,1432.216658926045,1436.9246826171875,1831871.0
2021-06-16,1432.2167292657073,1441.8704364768914,1415.2395840881363,1417.997802734375,1504791.0
2021-06-17,1408.5818817644167,1426.510128950138,1407.868555355691,1414.8116455078125,1675778.0
2021-06-18,1414.8116894920424,1418.0453430977536,1388.703872460236,1403.826416015625,4649835.0
2021-06-21,1388.6087720877738,1397.5491531557234,1376.482222879473,1395.3140869140625,1970012.0
2021-06-22,1398.2148051151005,1431.218108939024,1397.6917687588857,1425.891845703125,3862264.0
2021-06-23,1431.408354304863,1433.3105580979593,1403.9214862743622,1406.91748046875,1818874.0
2021-06-24,1417.1418544557996,1439.2073724604943,1409.5330391298626,1430.5048828125,2762042.0
2021-06-25,1436.6394822267273,1454.5202451623609,1433.7861764030397,1449.336669921875,2099002.0
2021-06-28,1451.3815137283464,1453.236116011133,1436.4967456261395,1440.396240234375,1173658.0
2021-06-29,1439.0171882494824,1454.9957467604554,1430.3621840982498,1437.0198974609375,2174022.0
2021-06-30,1441.8705035409378,1448.9086809341566,1422.3729142780162,1427.176025390625,2139362.0
2021-07-01,1423.894564949709,1429.5060891186054,1407.7734349360976,1419.329345703125,2060651.0
2021-07-02,1426.65268196849,1427.270921350935,1403.3506881630046,1413.00439453125,1814564.0
2021-07-05,1417.141878096281,1439.968324454879,1415.2396742330643,1434.214111328125,1605396.0
2021-07-06,1432.3593399721854,1444.7236636240036,1426.6527290559616,1431.8837890625,1072506.0
2021-07-07,1421.8972518018943,1445.389420825928,1421.8972518018943,1442.29833984375,1096808.0
2021-07-08,1429.5061843700214,1449.4793246706004,1423.7995728555702,1427.318603515625,1456033.0
2021-07-09,1424.6555121311624,1429.3634199399964,1412.8618257408002,1426.2723388671875,1248405.0
2021-07-12,1430.8376338094963,1441.8703919524614,1418.6634837957636,1427.3660888671875,865284.0
2021-07-13,1440.9193343941902,1440.9193343941902,1427.936770636319,1439.5877685546875,995833.0
2021-07-14,1439.5403818292518,1474.1129139863344,1434.2617196433555,1469.1671142578125,4010254.0
2021-07-15,1474.2078893065311,1545.540529111686,1474.1602877728071,1530.65576171875,9066480.0
2021-07-16,1530.6556890180673,1543.4480781429795,1517.1024880988166,1539.5960693359375,4157388.0
2021-07-19,1521.7629999083108,1559.2364370013136,1519.4803321881875,1530.8935546875,3027093.0
2021-07-20,1531.131325370602,1543.305475772339,1504.6431614564988,1512.5848388671875,1847026.0
2021-07-22,1531.2741006443937,1566.6075604105804,1513.726316552688,1561.85205078125,3231269.0
2021-07-23,1563.611637135005,1565.4662395341463,1528.2781757641544,1532.9385986328125,2259058.0
2021-07-26,1532.9384615587392,1547.7281422956703,1514.9151272972051,1519.4803466796875,2219416.0
2021-07-27,1531.41661374273,1539.833841602261,1506.7830534641023,1529.6094970703125,3984778.0
2021-07-28,1531.7256676260383,1540.238287900917,1493.7800463196434,1533.408935546875,4119892.0
2021-07-29,1533.2165241289258,1546.057429502249,1525.521585488379,1535.1402587890625,1672177.0
2021-07-30,1537.0640508425977,1562.9383064706597,1524.559775084804,1540.3824462890625,2536568.0
2021-08-02,1545.0475704276255,1556.3013714503022,1540.9596341923575,1552.40576171875,1083353.0
2021-08-03,1563.034396066204,1576.2119313930152,1548.8949934187367,1572.02783203125,1777140.0
2021-08-04,1577.4625197051964,1581.598596448653,1552.0691971244123,1561.3031005859375,2067087.0
2021-08-05,1558.2251753926237,1570.58514789953,1547.452307565967,1565.343017578125,1831728.0
2021-08-06,1564.9582306289417,1576.500639213789,1546.9713575504013,1548.943115234375,1192143.0
2021-08-09,1558.225191058442,1562.0726606659937,1529.3691690018045,1536.5350341796875,1223794.0
2021-08-10,1544.7589931037514,1548.510299322274,1512.0555025897245,1527.878173828125,1429931.0
2021-08-11,1529.5614736630305,1536.967923001023,1503.1582608246133,1522.9246826171875,1370930.0
2021-08-12,1529.369042074539,1564.958132990739,1521.6741034980632,1561.54345703125,1645811.0
2021-08-13,1563.9963411099866,1612.8592503937482,1563.0344737415303,1604.779541015625,5439442.0
2021-08-16,1610.165935284085,1613.0996776520658,1590.303351129779,1592.948486328125,1794407.0
2021-08-17,1594.776078464674,1601.5091499660325,1563.0825960066006,1576.2601318359375,1838525.0
2021-08-18,1584.1955295284415,1597.7578357152674,1565.0543457310737,1570.5850830078125,1570228.0
2021-08-20,1557.1670780564712,1561.1107107125815,1529.3690881287769,1532.831787109375,2416059.0
2021-08-23,1539.0839113533336,1557.26322761088,1508.1118298889564,1520.4718017578125,1973841.0
2021-08-24,1529.369220037775,1551.828801138257,1522.443821479259,1544.5667724609375,1580003.0
2021-08-25,1553.3675696527862,1563.9962504241212,1529.3690271674986,1533.024169921875,1795313.0
2021-08-26,1533.0241859602588,1541.8251780310377,1524.5597065539075,1534.8997802734375,2051262.0
2021-08-27,1542.835114907132,1603.1441463104557,1537.112051565516,1575.634765625,4903187.0
2021-08-30,1583.9069740806356,1620.6984015143153,1582.3680097495069,1596.7960205078125,3345934.0
2021-08-31,1596.747975690898,1612.089713287327,1582.2718247957357,1608.4345703125,3264644.0
2021-09-01,1608.4826930191548,1652.4881247462447,1608.4345526849672,1622.0931396484375,3530101.0
2021-09-02,1623.536001859082,1644.793247836332,1617.8609607372578,1621.9007568359375,2400278.0
2021-09-03,1632.2888052971662,1639.3104835412855,1608.3382860852037,1626.99853515625,2336258.0
2021-09-06,1635.1745810146433,1650.564459424193,1625.7482335226125,1629.595703125,1850835.0
2021-09-07,1629.5954844487296,1639.9836979473575,1615.4079421937597,1617.5721435546875,1734879.0
2021-09-08,1617.8609260599144,1630.0765947661243,1594.7761090412234,1603.0001220703125,1644392.0
2021-09-09,1592.0828743885388,1616.5143298450528,1592.0828743885388,1606.36669921875,1225239.0
2021-09-13,1598.6716872211537,1611.7530597896073,1597.180745852041,1607.95361328125,1578773.0
2021-09-14,1612.0897465251928,1634.020369995416,1611.5126495739669,1631.7598876953125,1407269.0
2021-09-15,1635.1745001160273,1658.8364135169695,1632.288898056999,1651.5262451171875,2757989.0
2021-09-16,1644.4084791494438,1662.5877964438089,1644.0718490434367,1655.6142578125,2128381.0
2021-09-17,1658.2593262304654,1675.2843315115476,1641.0418770283934,1650.7567138671875,3473932.0
2021-09-20,1635.366747702365,1668.8397769379608,1635.126280875717,1639.3585205078125,1820374.0
2021-09-21,1633.8278984778829,1664.7519580442447,1627.8643677234943,1655.277587890625,2029747.0
2021-09-22,1655.2776094148028,1664.0305791515268,1640.9457618685,1645.658935546875,1487933.0
2021-09-23,1652.776666317175,1707.3144965070246,1649.650597520754,1702.216552734375,3702946.0
2021-09-24,1712.1239868595403,1740.9800091099823,1683.267964609099,1701.302978515625,3612494.0
2021-09-27,1704.4290539978697,1714.7691286764684,1670.7636945791758,1673.2645263671875,1650711.0
2021-09-28,1678.7472016910997,1691.9728782953896,1653.4500423836214,1670.907958984375,1442615.0
2021-09-29,1665.95432059395,1675.5729945003814,1651.1415392949546,1655.373779296875,1698747.0
2021-09-30,1654.3637079022612,1668.1184580252873,1632.288899102732,1638.011962890625,1792078.0
2021-10-01,1632.769845957181,1647.19785637801,1623.1511723432943,1632.1927490234375,1563937.0
2021-10-04,1631.807883532432,1658.211094098212,1619.8326825469562,1649.8428955078125,1588493.0
2021-10-05,1649.1216096457665,1673.649227636998,1640.9457369820225,1651.2376708984375,1705242.0
2021-10-06,1651.2376646755272,1669.705588601538,1625.5558529006146,1630.413330078125,1845661.0
2021-10-07,1644.7931302166537,1663.3572166057447,1635.1744569405328,1647.149658203125,1378863.0
2021-10-08,1673.649267518051,1674.611134913176,1654.4119196155443,1661.048828125,1755402.0
2021-10-11,1667.6374948497478,1680.237933476266,1649.6024822882869,1651.4300537109375,1528151.0
2021-10-12,1645.274088355265,1659.750238817349,1635.1744812650982,1652.680419921875,1671988.0
2021-10-13,1661.1449218876826,1696.6378507660563,1658.3074601569492,1685.23974609375,2105025.0
2021-10-14,1707.3144644549789,1748.5785952761623,1700.0523193442189,1721.0692138671875,4440909.0
2021-10-18,1738.238453166504,1741.4606850243897,1714.0474679444696,1720.25146484375,1918546.0
2021-10-19,1740.7874622284662,1813.1198352135136,1733.3329907574291,1775.6551513671875,6639827.0
2021-10-20,1784.2640285596026,1797.39354206417,1727.802459096432,1737.8057861328125,3295376.0
2021-10-21,1745.789240763555,1756.850715291809,1722.7525646904571,1736.8919677734375,2774633.0
2021-10-22,1746.751211269877,1761.6601560797249,1713.422482131224,1723.9068603515625,1520637.0
2021-10-25,1723.9067023863356,1743.673122756915,1693.2231114287738,1716.1156005859375,2488386.0
2021-10-26,1716.9332644914537,1742.8075203637989,1713.614869013659,1727.7542724609375,1930107.0
2021-10-27,1732.3230365973566,1744.827311708831,1707.4106496229456,1716.5003662109375,1408879.0
2021-10-28,1730.9284677608655,1790.9970378815285,1722.704454804413,1745.06787109375,6379424.0
2021-10-29,1752.5221668532172,1755.3116054207585,1669.6092551021875,1699.2828369140625,3984689.0
2021-11-01,1708.2764397800388,1736.1705933575283,1684.4220821682818,1726.8885498046875,2316925.0
2021-11-02,1731.3611816209773,1754.878790705151,1726.9366154177014,1746.4144287109375,1687119.0
2021-11-03,1748.674731038304,1841.9758580518987,1748.674731038304,1817.4482421875,11580233.0
2021-11-04,1827.548071961089,1847.6029838992552,1827.548071961089,1836.15673828125,764191.0
2021-11-08,1870.399212336484,1879.3926486236303,1839.282709466464,1851.161865234375,3674523.0
2021-11-09,1859.7705148439225,1889.2036321698445,1856.6925863006625,1869.4853515625,3550645.0
2021-11-10,1859.0008677708893,1879.4886880510307,1858.327607632852,1875.7855224609373,3208195.0
2021-11-11,1873.5732432631423,1906.1805690244853,1852.219835640021,1858.0390625,7061537.0
2021-11-12,1866.0225860757807,1890.0692688860363,1854.576341575012,1885.2117919921875,2026320.0
2021-11-15,1886.462302136132,1899.2070442665608,1868.9082233527104,1872.8038330078125,1127678.0
2021-11-16,1875.6413139417616,1904.449193823048,1869.870109898864,1880.7392578125,2279531.0
2021-11-17,1874.6793581285644,1903.439213734816,1869.4372283365053,1878.4306640625,2166686.0
2021-11-18,1878.4307615857065,1879.4887921821464,1820.8148841355185,1824.662353515625,1883794.0
2021-11-22,1825.8647575347727,1827.5480254529527,1767.767944189915,1793.4017333984375,2407464.0
2021-11-23,1779.4546022485372,1823.3157300424928,1774.16433180942,1814.41845703125,2028470.0
2021-11-24,1821.7767262216864,1829.856435290975,1775.5589539677826,1791.4779052734375,1361828.0
2021-11-25,1784.2638983406846,1795.6620027257018,1768.1044802197227,1779.3583984375,1930012.0
2021-11-26,1750.598483311657,1771.5190970545298,1701.158480684492,1710.3443603515625,2796595.0
2021-11-29,1710.200181635928,1721.7907303955349,1668.9841883681183,1699.860107421875,2111420.0
2021-11-30,1699.8601127653694,1730.3032385650667,1684.5183751517743,1697.4554443359375,3385628.0
2021-12-01,1696.7340592302105,1725.5900806456905,1694.8584648043852,1717.8951416015625,1359786.0
2021-12-02,1717.84707540965,1725.5901551231802,1695.7722650402268,1720.97314453125,2813690.0
2021-12-03,1731.313002104564,1774.45284450261,1728.0427472123167,1732.5634765625,3612772.0
2021-12-06,1730.399359220744,1751.5604408788076,1710.2001449107745,1714.6728515625,1566109.0
2021-12-07,1721.9349157138136,1740.9799365717734,1704.525139831186,1729.53369140625,2097201.0
2021-12-08,1733.2849652961947,1770.797791959098,1733.2849652961947,1755.4560546875,3433206.0
2021-12-09,1765.0267011755452,1812.3025079626025,1758.2454889541657,1808.118408203125,3791595.0
2021-12-10,1808.118254671152,1818.7468182229163,1790.0832422259616,1801.9622802734373,1771926.0
2021-12-13,1821.488195698716,1823.941004463911,1784.3121156969796,1790.51611328125,1857829.0
2021-12-14,1779.4546374353945,1802.5394543534749,1775.7994944571844,1794.555908203125,1685243.0
2021-12-15,1794.8445161237564,1826.3456725562603,1792.584151282682,1809.0802001953125,2176709.0
2021-12-16,1819.853012727714,1835.2428902137835,1795.133068981894,1802.4432373046875,2469902.0
2021-12-17,1795.3252878790213,1803.212552651719,1761.852259386893,1776.6650390625,2352938.0
2021-12-20,1751.5604131537573,1759.88058906616,1703.947980176761,1730.7359619140625,2488158.0
2021-12-21,1748.5785529618436,1781.5705302385943,1743.38444616329,1757.860595703125,2077840.0
2021-12-22,1757.8607192780485,1807.877821387549,1757.8607192780485,1799.65380859375,1692505.0
2021-12-23,1811.1962456189008,1815.861278849168,1791.0931942370137,1806.8197021484373,1677127.0
2021-12-24,1816.7268757215384,1816.7268757215384,1779.4545175829762,1788.49609375,1203991.0
2021-12-27,1788.4962374717911,1804.1265824633565,1775.4148645311718,1795.036865234375,1139744.0
2021-12-28,1800.7118279408564,1836.2047563529256,1800.7118279408564,1827.0670166015625,1916098.0
2021-12-29,1822.7386639399767,1836.1566667690283,1817.9774674304304,1822.5943603515625,1287946.0
2021-12-30,1820.1416313258496,1829.183090473331,1809.1763200650817,1813.793212890625,1805349.0
2021-12-31,1815.380478657984,1834.3773604855653,1815.332455735544,1823.6044921875,1145546.0
2022-01-03,1822.7386291012049,1863.5698511615933,1821.440131661188,1849.526611328125,1906676.0
2022-01-04,1849.5266171499327,1868.9082678055825,1841.5431885653445,1863.6661376953125,1643920.0
2022-01-05,1866.6959022551769,1876.603182836536,1854.1436039007456,1874.294677734375,1711667.0
2022-01-06,1870.3511170971765,1878.5269898126949,1846.400595894508,1851.11376953125,1372015.0
2022-01-07,1855.4902280024285,1861.1651513418449,1824.8066365583968,1832.2611083984373,1447123.0
2022-01-10,1837.1668274499768,1885.212059557681,1834.5216919654283,1878.623291015625,2397846.0
2022-01-11,1874.6794989412565,1894.878713655349,1863.762327805063,1886.3662109375,2232435.0
2022-01-12,1903.054655898608,1908.3449266125035,1885.548716138808,1898.9185791015625,1585970.0
2022-01-13,1900.2171125214568,1951.628876015113,1900.2171125214568,1941.43310546875,2373324.0
2022-01-14,1937.200898451828,1971.7799837097505,1930.467826808748,1966.7783203125,3124945.0
2022-01-17,1966.77822342266,1992.940967837871,1964.1330882646148,1990.4881591796875,1858651.0
2022-01-18,1996.4998983590165,1999.289454610648,1933.8824739174609,1945.088134765625,1460676.0
2022-01-19,1942.8759011960487,1949.7051359592897,1911.2304416137683,1943.8377685546875,2336679.0
2022-01-20,1942.9721303149176,1957.4001411835927,1908.4410674861315,1927.101318359375,2031107.0
2022-01-21,1906.5654079304568,1918.7330534972727,1868.9564177002087,1881.460693359375,2209132.0
2022-01-24,1880.450649162319,1884.298118521219,1809.8015400256984,1827.4517822265625,2307120.0
2022-01-25,1822.7386724040705,1857.654505021052,1779.5508038597968,1851.88330078125,2998042.0
2022-01-27,1841.543232672062,1848.7090976609147,1795.806391952616,1837.9842529296875,2932713.0
2022-01-28,1843.0339748430315,1873.7175662748723,1819.1797354136456,1825.19140625,2233620.0
2022-01-31,1818.121615105694,1850.6327784500493,1779.8873880041403,1836.3970947265625,3161064.0
2022-02-01,1855.1054528431057,1923.6385002295683,1843.899674945248,1914.596923828125,5392787.0
2022-02-02,1919.021539052658,1931.429651431899,1895.4557888235336,1907.0943603515625,3579380.0
2022-02-03,1905.9399983056048,1909.3065337555515,1856.403833827816,1859.9146728515625,2262217.0
2022-02-04,1873.717573926816,1883.143920802893,1849.9594976506985,1873.66943359375,1440816.0
2022-02-07,1858.8085461396631,1873.2365555534248,1803.068383404006,1812.638916015625,2641464.0
2022-02-08,1817.929282394338,1824.614213477176,1777.530853896686,1804.078369140625,2040523.0
2022-02-09,1812.638948009604,1827.451728085608,1804.078305456584,1816.7750244140625,1390810.0
2022-02-10,1819.8529597909,1838.1284387740009,1809.272419326999,1828.509765625,1288856.0
2022-02-11,1816.9674326517616,1816.9674326517616,1779.4546058262358,1799.894287109375,1744894.0
2022-02-14,1772.9619204917176,1776.5207825752184,1726.5518227492923,1730.3992919921875,2290199.0
2022-02-15,1740.97996486603,1810.2344165071097,1737.2767989210906,1804.5113525390625,2602134.0
2022-02-16,1804.5113402056224,1815.332348200582,1771.9040126310542,1789.74658203125,1898439.0
2022-02-17,1797.7301355008594,1813.0238503453536,1783.3982880375856,1797.4415283203125,1459905.0
2022-02-18,1798.6917985486527,1823.700347619383,1794.0267657627774,1811.292236328125,1912482.0
2022-02-21,1803.4530991990016,1812.061882231633,1778.3483854278115,1792.87255859375,1262585.0
2022-02-22,1743.8655293336071,1784.2639585845786,1731.8421872946276,1774.1162109375,2288298.0
2022-02-23,1778.4926293755498,1781.3782312620433,1746.8953122015332,1750.8870849609375,1583872.0
2022-02-24,1715.250035547548,1731.3613144458636,1684.2298119970594,1690.337646484375,3616355.0
2022-02-25,1714.0475732459636,1730.110710608185,1697.6958287200482,1709.286376953125,2476882.0
2022-02-28,1697.59961623489,1752.762682243737,1685.9610454223828,1747.472412109375,2553662.0
2022-03-02,1731.3612142975974,1757.2834921788187,1701.0623930473894,1716.4522705078125,3152628.0
2022-03-03,1740.9799244046017,1744.3946005042822,1678.987619918916,1685.480224609375,2259979.0
2022-03-04,1673.6491931343107,1687.1634764013734,1638.0601010963971,1646.4764404296875,3906819.0
2022-03-07,1595.0166368931457,1603.2406502367958,1544.3262712169224,1572.1241455078125,6318251.0
2022-03-08,1565.8237215371455,1602.4708403206964,1534.1782654931037,1595.2568359375,4421730.0
2022-03-09,1612.5705467453618,1634.982102055808,1587.1292033378948,1626.469482421875,3306502.0
2022-03-10,1673.6491537225654,1690.9627656576265,1641.90753184162,1662.299072265625,2776325.0
2022-03-11,1654.411879415308,1669.272683342713,1640.7534097025946,1662.7320556640625,1577597.0
2022-03-14,1668.8397827410504,1687.1152616298573,1650.083370197275,1680.1417236328125,1558334.0
2022-03-15,1681.3439501728778,1697.695693395383,1660.759967574402,1676.9674072265625,2062332.0
2022-03-16,1693.848455701376,1703.1304993988435,1679.612771515218,1689.2314453125,2101909.0
2022-03-17,1713.230051646176,1735.7857940073554,1701.0142658682314,1719.72265625,3383036.0
2022-03-21,1736.1706541253202,1736.1706541253202,1678.4586102208775,1689.3277587890625,2301462.0
2022-03-22,1689.3277328467047,1709.2383407217965,1655.518070828797,1706.40087890625,3986030.0
2022-03-23,1712.1239163734265,1723.2335314486586,1692.0690052180971,1699.860107421875,1574226.0
2022-03-24,1688.0772636047534,1711.835341089306,1684.229794058076,1703.9962158203125,1580887.0
2022-03-25,1707.891678293925,1710.1040202105935,1672.6873560431568,1684.325927734375,1483897.0
2022-03-28,1685.1915540183218,1688.0771559943803,1659.3172994832391,1675.1881103515625,1799629.0
2022-03-29,1682.0172897296202,1687.2113965993142,1666.9160201828877,1680.0455322265625,2071779.0
2022-03-30,1699.523431277984,1709.2864082893534,1687.2114823254024,1705.9678955078125,1712835.0
2022-03-31,1712.0758941195004,1713.422532011716,1690.9629508854923,1700.2449951171875,1401916.0
2022-04-01,1691.9245736250518,1725.5899289842769,1691.9245736250518,1721.838623046875,2050573.0
2022-04-04,1715.9713618838912,1760.072956642044,1708.8535199714624,1756.7064208984375,1955281.0
2022-04-05,1769.8359502163498,1774.64528703759,1757.3316744811257,1766.03662109375,1718581.0
2022-04-06,1763.102807142747,1787.1494902734446,1758.004863352861,1782.1478271484375,2245496.0
2022-04-07,1779.3584940048786,1785.081557963399,1741.1242655583458,1756.658447265625,2003954.0
2022-04-08,1765.41130516036,1768.777840785221,1748.7229306173508,1760.9385986328125,1903321.0
2022-04-11,1750.8390094715323,1759.9767491171742,1711.1619820628246,1713.566650390625,2262446.0
2022-04-12,1712.123904758193,1713.5667058015283,1667.4932356679233,1681.0555419921875,4215141.0
2022-04-13,1687.3075876831,1705.2464364918123,1680.4783532674255,1693.656005859375,1673417.0
2022-04-18,1679.709049896753,1683.2197718956158,1649.602553986103,1672.0621337890625,1808707.0
2022-04-19,1681.6328272194382,1693.6080294176752,1622.6703084637898,1640.705322265625,2737766.0
2022-04-20,1644.745091704065,1647.101737251873,1607.6170340428698,1627.0948486328125,3832617.0
2022-04-21,1638.0120883500936,1659.9908529962072,1635.1746264057488,1649.1217041015625,1797489.0
2022-04-22,1636.1364318667388,1650.949213169199,1625.940661006627,1629.739990234375,1474689.0
2022-04-25,1611.1278616478987,1611.1278616478987,1589.004911905868,1594.15087890625,1964344.0
2022-04-26,1615.937136246687,1638.1562483869895,1600.5472587586232,1635.1263427734375,2440990.0
2022-04-27,1611.127734435335,1627.0947082009789,1603.144188844792,1613.099609375,1346726.0
2022-04-28,1625.5558099007562,1664.9923709693544,1615.937136469391,1653.6904296875,3117433.0
2022-04-29,1664.9924535927837,1672.687392719729,1622.8145919863057,1629.739990234375,2404830.0
2022-05-02,1604.9718437446447,1621.660218857025,1591.9386115444258,1615.4080810546875,1399802.0
2022-05-04,1615.456295435043,1617.76480067404,1563.0826625641075,1571.6431884765625,1777673.0
2022-05-05,1587.754447377692,1607.472728794091,1570.7294416087386,1575.2021484375,1707752.0
2022-05-06,1554.3776674784876,1570.729412742803,1550.6263612582898,1560.5816650390625,1439520.0
2022-05-09,1546.2499367618757,1567.6995086518446,1530.571451673292,1554.52197265625,1400010.0
2022-05-10,1549.5681414960425,1567.4588488831146,1539.9494689852042,1546.6343994140625,1176030.0
2022-05-11,1539.468782158276,1547.6446551031963,1497.964180137147,1510.9013671875,2988788.0
2022-05-12,1490.894369888358,1495.6555662324683,1455.401441728572,1467.953857421875,3407191.0
2022-05-13,1471.6569487719942,1514.844813431463,1444.72466474218,1475.9853515625,4328846.0
2022-05-16,1490.8944203764772,1507.7270993162117,1480.7466726780572,1484.065185546875,1775914.0
2022-05-17,1486.084941868398,1546.586417030141,1486.084941868398,1542.9312744140625,1608711.0
2022-05-18,1561.1106771350856,1561.1106771350856,1505.322371975606,1512.536376953125,2984009.0
2022-05-19,1490.89436034271,1503.1581687906903,1481.612317132326,1488.9224853515625,1798843.0
2022-05-20,1509.5546815296514,1551.9248689413157,1501.523112432973,1548.70263671875,2175224.0
2022-05-23,1566.8819098281172,1596.6997976149014,1544.3741904027452,1581.4542236328125,4177811.0
2022-05-24,1582.0794580142813,1590.6399834632025,1548.7025906514857,1564.284912109375,1970395.0
2022-05-25,1570.7293328895212,1577.1737969645926,1511.1897223238473,1514.7005615234375,1417130.0
2022-05-26,1514.9412384251475,1528.3112195044996,1478.0536450869035,1504.8897705078125,3578710.0
2022-05-27,1515.1334027698856,1544.758964116379,1513.9792089160526,1539.2763671875,1279218.0
2022-05-30,1558.225076977025,1600.2586323959677,1552.0691025725453,1597.517333984375,2119326.0
2022-05-31,1597.1808725670046,1610.5508533693865,1582.2719273548466,1591.40966796875,3534742.0
2022-06-01,1590.4958817241625,1597.6617468676525,1575.9715900930023,1585.157470703125,1425466.0
2022-06-02,1569.767672644134,1586.552212618906,1561.784125872223,1574.7213134765625,1852251.0
2022-06-03,1594.7280243687492,1609.8774360660411,1582.223748047175,1589.0531005859375,2928263.0
2022-06-06,1589.1492934316004,1598.9122713013865,1571.7875394033647,1577.6549072265625,1538005.0
2022-06-07,1567.8437326383207,1575.9234416147606,1525.6177337792674,1528.8399658203125,2157491.0
2022-06-08,1534.1784199446652,1546.4903689643188,1510.2278994981762,1524.126953125,2122442.0
2022-06-09,1496.857873963084,1538.987709476172,1496.857873963084,1534.2745361328125,1361104.0
2022-06-10,1510.131831472886,1533.6975829831315,1509.2181044009155,1524.656005859375,1337799.0
2022-06-13,1500.657355039927,1506.2361151665843,1460.4032303156946,1473.62890625,2460367.0
2022-06-14,1473.628908061601,1495.0304564179685,1467.0400228375074,1485.7484130859375,1983405.0
2022-06-15,1488.9225525412512,1507.2461729565846,1480.362026856947,1500.8497314453125,1461683.0
2022-06-16,1508.5928123197548,1514.9411135027717,1458.91233898751,1469.15625,2329325.0
2022-06-17,1463.9620496048149,1471.608847772907,1424.910260200942,1433.1341552734375,4548572.0
2022-06-20,1433.182330144532,1440.7329652464325,1400.8154708162324,1415.6763916015625,1837431.0
2022-06-21,1423.5636458787783,1457.421328868636,1420.5818806441484,1443.089599609375,1458922.0
2022-06-22,1433.182335693153,1434.096062699396,1412.0212542265426,1422.361328125,1906619.0
2022-06-23,1425.006531941935,1454.1030203599191,1425.006531941935,1437.3184814453125,1828491.0
2022-06-24,1444.4841978003744,1454.34333748904,1432.2203898949608,1437.8472900390625,1731440.0
2022-06-27,1465.8857587872262,1485.796364843947,1452.179149822188,1477.23583984375,2389778.0
2022-06-28,1471.657131046316,1498.1084847089132,1465.9820898683406,1492.3372802734375,2072405.0
2022-06-29,1472.8593966734638,1494.7418791383266,1467.2324960941603,1488.87451171875,1480197.0
2022-06-30,1489.9805797693073,1507.149887496016,1483.2955316221105,1498.8297119140625,3308971.0
2022-07-01,1501.4268439667162,1515.9029950416384,1476.0816619172258,1512.1998291015625,1294305.0
2022-07-04,1512.1514738983865,1526.916112640861,1491.086557728667,1521.3853759765625,1269969.0
2022-07-05,1523.5979622238062,1536.342705279024,1502.052108971894,1505.226318359375,1445200.0
2022-07-06,1505.8515133160283,1529.8500573149583,1492.6258369324505,1496.8099365234375,2422594.0
2022-07-07,1506.1880724500224,1552.5981710276164,1505.9476056180142,1549.6644287109375,1697912.0
2022-07-08,1559.1869883293705,1637.0982443779076,1556.3013862534983,1623.10302734375,6516138.0
2022-07-11,1620.6983911944526,1624.4496974508158,1590.351545875322,1599.58544921875,1316037.0
2022-07-12,1591.8904445241635,1609.1078933589042,1586.16738082876,1590.6881103515625,781516.0
2022-07-13,1600.5471903930793,1619.0631359550189,1581.694614758557,1584.4359130859375,1914814.0
2022-07-14,1588.8605265055244,1603.7694701292332,1572.268315053332,1583.3779296875,1170472.0
2022-07-15,1590.832425487945,1623.487774886761,1586.311578516866,1620.6021728515625,1345141.0
2022-07-18,1631.3751569912629,1668.4550726812397,1625.5558125894825,1661.7701416015625,3200640.0
2022-07-19,1654.3636477445748,1668.7916575243132,1648.6405841647895,1663.838134765625,1351783.0
2022-07-20,1673.9858446477142,1680.2379825181715,1662.0586658425211,1673.60107421875,1509911.0
2022-07-21,1682.3200661085284,1723.2844731749217,1670.824635774424,1719.5826416015625,2827327.0
2022-07-22,1719.9235623359275,1733.6109087145526,1707.3079145581833,1722.115478515625,1495629.0
2022-07-25,1719.4365541853315,1739.407347024311,1714.614385921108,1736.43603515625,1916615.0
2022-07-26,1734.779961787897,1734.779961787897,1696.932897819101,1706.04150390625,1585897.0
2022-07-27,1708.7205165701112,1772.5296350623246,1704.823776509518,1750.26953125,5369460.0
2022-07-28,1758.4040484987638,1769.120084251388,1740.8199604461458,1754.7508544921875,1831059.0
2022-07-29,1768.0970255333173,1785.1940199220255,1747.6878972660922,1761.375244140625,1747781.0
2022-08-01,1761.3265235313118,1770.9222222346566,1744.083496172776,1767.853515625,1341943.0
2022-08-02,1762.3006542595497,1764.8822682776292,1729.8602463896327,1746.762451171875,1749346.0
2022-08-03,1746.7625369330258,1757.42981557412,1727.2300792754515,1743.596435546875,1264299.0
2022-08-04,1747.4930116173994,1767.9508955760598,1729.1782869820215,1734.1466064453125,1856927.0
2022-08-05,1736.923052381223,1760.3522485810424,1729.4706324629906,1741.306884765625,1430542.0
2022-08-08,1750.0260712590348,1784.7557925447934,1744.034809336736,1782.417724609375,2625195.0
2022-08-10,1782.758621892221,1818.80346834578,1775.2086878377595,1807.2593994140625,3422074.0
2022-08-11,1821.774745304436,1830.298864234516,1807.3080026135567,1818.9495849609373,1918049.0
2022-08-12,1816.8549924706392,1820.751732400871,1790.5519979415735,1798.7838134765625,1041383.0
2022-08-16,1811.984083917083,1815.880823882496,1794.448754072724,1801.170654296875,1426893.0
2022-08-17,1813.3966076550712,1819.1443228975936,1802.290993870107,1807.7950439453125,1748371.0
2022-08-18,1809.0615181395751,1849.538951856205,1802.242223240826,1845.6422119140625,2519639.0
2022-08-19,1845.20379061938,1891.86727605248,1843.8886646489857,1886.0709228515625,4134598.0
2022-08-22,1887.093645072761,1893.8155450194515,1826.5967833906743,1832.1009521484373,3175874.0
2022-08-23,1821.725942351832,1862.592955362633,1817.536899301792,1828.593994140625,1811509.0
2022-08-24,1827.5710585782128,1849.00312856154,1803.8009208128915,1844.47314453125,1534933.0
2022-08-25,1850.951461336785,1868.4867909705024,1824.64846688621,1829.4219970703125,1121363.0
2022-08-26,1841.404474569132,1862.641755541998,1838.481919513365,1856.212158203125,1119310.0
2022-08-29,1821.7259496505865,1841.209649646849,1812.958284652268,1832.9290771484373,1183546.0
2022-08-30,1845.008939100986,1878.228622805592,1840.381560491896,1872.87060546875,1394462.0
2022-09-01,1855.822415529026,1880.664132902249,1843.255405309347,1863.567138671875,2014905.0
2022-09-02,1851.4386055839948,1908.2336390529888,1851.1950593322736,1890.406005859375,3201140.0
2022-09-05,1897.6635898697427,1921.8234250132543,1891.9646315035989,1917.5369873046875,2474746.0
2022-09-06,1922.846438266521,1933.8546576309047,1900.9272753367788,1911.643310546875,1172733.0
2022-09-07,1890.990490646461,1910.717737010488,1884.0738008902947,1907.5516357421875,1238549.0
2022-09-08,1917.0985839674613,1925.9636432151408,1897.273944048984,1923.4307861328125,1632797.0
2022-09-09,1926.304719005476,1936.095325991028,1893.815672482049,1899.417236328125,980869.0
2022-09-12,1899.41716872352,1916.2218596636296,1897.6149502905669,1911.2535400390625,791708.0
2022-09-13,1918.072952752298,1943.4991585616967,1912.4226319417328,1939.943359375,1761021.0
2022-09-14,1913.932571690272,1922.0182357866847,1899.076250536085,1903.4600830078125,2322752.0
2022-09-15,1908.5257131529493,1933.464824107324,1904.336789216332,1906.967041015625,1566565.0
2022-09-16,1896.7381753921509,1906.3826305762632,1865.5642557144165,1870.4351806640625,3881617.0
2022-09-19,1871.5067919908884,1882.0766755264,1855.8224371718325,1861.375244140625,1755456.0
2022-09-20,1881.151184089009,1905.31101900278,1875.3060742472,1882.8072509765625,1666658.0
2022-09-21,1871.506828516358,1896.0563625079355,1842.7683702669929,1846.7138671875,1618385.0
2022-09-22,1833.4161553035424,1856.4068973354367,1824.6484903738228,1839.4560546875,1875115.0
2022-09-23,1841.209662018044,1846.518922735072,1804.726481097536,1808.9154052734373,1948766.0
2022-09-26,1801.2679575459426,1828.3503464979783,1771.0682243474978,1803.6546630859373,1529101.0
2022-09-27,1808.087296585386,1815.880776312047,1785.193949888319,1793.6693115234375,1443698.0
2022-09-28,1782.4661854665994,1808.08729765072,1778.4720508881448,1788.0677490234375,1853503.0
2022-09-29,1797.03045218102,1809.451311402045,1751.0002091854556,1768.6329345703125,2377718.0
2022-09-30,1776.8648135370024,1834.341732753633,1769.1688466076637,1800.001708984375,2339518.0
2022-10-03,1804.19064117341,1804.19064117341,1767.1716107389666,1772.3348388671875,1850414.0
2022-10-04,1787.9216363920605,1832.3930829828728,1787.9216363920605,1823.23583984375,1637532.0
2022-10-06,1833.4161606433736,1869.4610054594232,1829.61681537895,1863.567138671875,2771898.0
2022-10-07,1855.8224334472457,1879.154116735819,1853.922820256226,1874.8677978515625,1469264.0
2022-10-10,1855.8223111659256,1867.5125304488608,1834.8773349506675,1860.352294921875,1656954.0
2022-10-11,1874.1371157933,1874.1371157933,1822.94364742556,1830.44482421875,1047963.0
2022-10-12,1831.4677306450287,1866.5383893169555,1810.0844182724109,1861.9110107421875,1907748.0
2022-10-13,1851.9256359104224,1862.641670626369,1820.0210780061263,1827.7171630859373,1303645.0
2022-10-14,1850.9515526576376,1886.752852426148,1849.441518297052,1862.2520751953125,1819114.0
2022-10-17,1853.7765982166927,1864.5900275708304,1829.9090665158128,1834.5850830078125,2588147.0
2022-10-18,1844.229603466104,1881.3460282577605,1844.229603466104,1868.584228515625,1401849.0
2022-10-19,1870.435267906492,1896.738263861427,1852.558996291304,1855.72509765625,1636141.0
2022-10-20,1849.6363672851744,1868.29203375092,1837.6052063628847,1854.994384765625,1374019.0
2022-10-21,1864.297722684046,1875.3060603722984,1818.9007270323527,1828.3016357421875,2225676.0
2022-10-24,1856.7966353017816,1870.3378307701155,1850.951525222133,1860.4498291015625,269400.0
2022-10-25,1865.5642512535364,1904.19070979568,1842.7196608619483,1898.783935546875,2136147.0
2022-10-27,1901.7065621395009,1920.9467163692968,1899.563402653683,1913.34814453125,2245395.0
2022-10-28,1921.09277516578,1934.731364847484,1913.104505919836,1924.0640869140625,2013794.0
2022-10-31,1934.7314173726493,1982.125541587067,1927.1327267760664,1970.8736572265625,3176507.0
2022-11-01,1979.5438648157103,2002.924304163928,1938.6768527725983,1972.188720703125,4464211.0
2022-11-02,1983.927704036524,1989.2857214056376,1948.36995240513,1961.32666015625,1889651.0
2022-11-03,1954.2150850153173,1970.2891373098105,1941.550680177232,1956.8453369140625,1052241.0
2022-11-04,1958.111880401987,1976.962336660849,1952.9974090725789,1963.0802001953125,2312753.0
2022-11-07,1969.21764699412,1979.543984547017,1941.550768308172,1965.564453125,1395070.0
2022-11-09,1972.77339757121,1984.3661040285297,1944.7168217795368,1951.7796630859373,1301233.0
2022-11-10,1943.4990092222604,1950.1721524625943,1919.3391744723235,1926.596923828125,1261210.0
2022-11-11,1951.8770840231928,1966.684767691797,1940.5278047462907,1959.1834716796875,1203125.0
2022-11-14,1961.083244764712,1969.704758595559,1943.74270346364,1948.17529296875,1175155.0
2022-11-15,1951.292601104273,1964.93119142652,1927.0353702473203,1945.0091552734373,1450841.0
2022-11-16,1934.731442689432,1957.965731548187,1933.8060144914225,1951.8770751953125,1195832.0
2022-11-17,1950.3182616653817,2005.8468035809287,1949.441471430272,1977.1571044921875,3786182.0
2022-11-18,1986.3631596256075,1998.004622483448,1955.043088964912,1972.188720703125,1248459.0
2022-11-21,1966.879558542956,1980.518148844888,1955.1893382841567,1959.5244140625,714687.0
2022-11-22,1969.3637306011049,1980.6642527959648,1967.4639985032493,1977.4007568359373,1337869.0
2022-11-23,1986.314565360973,1991.2342474440584,1965.9054360773528,1972.7247314453125,1046988.0
2022-11-24,1978.0825243691536,2006.8209801528967,1976.03675977514,1999.2222900390625,1611889.0
2022-11-25,2007.795420275762,2041.6971081275244,2005.31120079076,2009.500244140625,2652761.0
2022-11-28,2011.058852134878,2018.5112720726747,1999.0275725352933,2011.1561279296875,1105372.0
2022-11-29,2016.5629631102456,2018.511333122913,1985.9735301275616,1997.6151123046875,1413764.0
2022-11-30,2000.001804417817,2032.149909408459,1992.208324420085,2021.287841796875,2104550.0
2022-12-01,2031.4191966175224,2055.530274481704,2025.768876257483,2049.9287109375,2614357.0
2022-12-02,2041.989298055624,2044.716825817735,2015.7348217211363,2031.662841796875,1957264.0
2022-12-05,2041.843048246208,2042.67120064974,2015.4427768664304,2031.7603759765625,1767537.0
2022-12-06,2027.2791076616425,2045.788623781571,2013.640516836432,2039.4564208984373,1530731.0
2022-12-07,2042.1840683108444,2088.652645362524,2042.1840683108444,2069.1689453125,3438327.0
2022-12-08,2065.272146918216,2118.852320541094,2065.272146918216,2111.74072265625,3743754.0
2022-12-09,2112.0331932863114,2137.7030645484588,2082.3205491925696,2098.443359375,2573609.0
2022-12-12,2093.4260088657006,2113.0072221034325,2079.44659710238,2107.843994140625,1536090.0
2022-12-13,2113.9815990610546,2119.534406384967,2096.9333603589494,2116.806640625,1233124.0
2022-12-14,2120.751749450648,2152.9486076438943,2118.9008932942515,2138.774169921875,1516631.0
2022-12-15,2139.992218201503,2151.974741696186,2117.4886866023603,2121.336669921875,1323412.0
2022-12-16,2105.2137054373206,2154.507559709604,2105.2137054373206,2118.852294921875,2822390.0
2022-12-19,2114.9557117280506,2130.981007991802,2099.41750798197,2127.6201171875,1592779.0
2022-12-20,2123.6256012792023,2123.6256012792023,2082.8073484719894,2107.405517578125,1747181.0
2022-12-21,2097.5178161065155,2118.8036156279727,2087.532419868554,2090.893310546875,1979681.0
2022-12-22,2088.6524897438258,2092.8902893242152,2042.7682844094488,2055.4814453125,1993744.0
2022-12-23,2040.430619974568,2049.8314107226943,1997.1768981955904,2009.500244140625,2026125.0
2022-12-26,1999.7582472255208,2053.5819681653384,1998.053423485345,2037.069580078125,1154610.0
2022-12-27,2047.2984391256764,2073.065583609971,2031.1756305577017,2069.266357421875,1059351.0
2022-12-28,2074.039960861074,2080.859256176259,2059.086125284662,2066.343994140625,1153883.0
2022-12-29,2055.189007198882,2065.807764939992,2040.0891417775188,2056.40673828125,1517150.0
2022-12-30,2060.401479521649,2077.9368112622587,2027.376699878764,2031.955322265625,1189427.0
2023-01-02,2038.8717550451568,2043.4506149586769,2021.4826949549224,2035.5108642578125,807344.0
2023-01-03,2034.0982534703217,2042.6711289261373,2014.5657969074464,2035.023681640625,1260225.0
2023-01-04,2036.972156582768,2047.2010994764664,2004.8728071649327,2017.098876953125,1015547.0
2023-01-05,2026.3047332412768,2045.009037057417,2015.1016061103755,2033.465087890625,1881403.0
2023-01-06,2036.241593469664,2066.928423291056,2018.365440070252,2032.6859130859373,1877917.0
2023-01-09,2053.5819360097707,2072.38375367464,2046.5190949110647,2066.92822265625,1844365.0
2023-01-10,2076.8650182786214,2076.8650182786214,2043.0608445246776,2052.266845703125,1425414.0
2023-01-11,2051.731070098705,2084.755845601724,2042.963405327483,2070.484130859375,1455621.0
2023-01-12,2063.421143431398,2108.76926051098,2063.421143431398,2103.995849609375,2726901.0
2023-01-13,2106.0903866791405,2108.964422604553,2062.5443661876034,2097.809814453125,2180210.0
2023-01-16,2091.575381732473,2105.213972950105,2077.2549085215915,2082.0283203125,1009649.0
2023-01-17,2084.658459372712,2160.5476162333484,2081.2488117533007,2155.968994140625,4645453.0
2023-01-18,2163.6648182426097,2216.0760171931493,2143.2069338738143,2207.990234375,4090049.0
2023-01-19,2201.5122139065384,2224.843898641748,2183.148730299106,2214.420166015625,2176835.0
2023-01-20,2223.528443251669,2238.3360072682854,2180.664304455179,2191.867431640625,1962410.0
2023-01-23,2196.7872635000417,2214.614897285875,2169.51008240115,2175.84228515625,1466706.0
2023-01-24,2186.7528145899723,2194.156715023207,2143.2067967865232,2150.51318359375,1036962.0
2023-01-25,2144.180924406889,2148.077663933299,2099.3684198531787,2118.559814453125,2134447.0
2023-01-27,2118.5600099834787,2138.3360124728347,2072.1889480422974,2104.093505859375,1647900.0
2023-01-30,2074.4295218543148,2117.1476308455844,2030.0068268870943,2058.35546875,3441304.0
2023-01-31,2065.2235179107656,2077.693133929595,2019.1445181758088,2069.55859375,4516463.0
2023-02-01,2077.936771499605,2158.745376156959,2026.5972654535328,2090.162841796875,6868872.0
2023-02-02,2080.469566708332,2111.010123543669,2053.4359331457954,2089.529296875,3488506.0
2023-02-03,2120.7520345550315,2125.5256838622936,2076.037037212541,2110.62060546875,2045634.0
2023-02-06,2108.37994251412,2125.2821478504247,2086.9966287611123,2100.4404296875,1332484.0
2023-02-07,2106.43152020804,2115.929823975888,2094.5465107533346,2109.40283203125,1089248.0
2023-02-08,2104.775533242292,2119.0960057456714,2070.679056882748,2075.84228515625,1452145.0
2023-02-09,2094.497819969872,2096.3974332157045,2080.5669264368626,2091.96484375,1563181.0
2023-02-10,2084.9506172200963,2113.9326199663046,2082.3691221947606,2107.990234375,1454665.0
2023-02-13,2116.9040216995168,2153.3384458516816,2104.4344060335216,2146.421875,2978938.0
2023-02-14,2157.8198251798653,2158.79401020252,2125.817752050407,2135.072509765625,1874906.0
2023-02-15,2129.56815581538,2131.370492985508,2101.5603404083845,2118.90087890625,1946344.0
2023-02-16,2130.347710803531,2145.4475776318445,2115.6374228226337,2122.067138671875,2464602.0
2023-02-17,2113.786503753685,2190.9419024621866,2104.239443894319,2168.876708984375,3753179.0
2023-02-20,2176.037097964976,2193.8647319422603,2157.819885103067,2168.048828125,1779752.0
2023-02-21,2181.200242952478,2203.6064982396183,2165.320979681356,2171.896728515625,1882604.0
2023-02-22,2171.4581176048664,2183.148336272995,2125.720184633436,2138.09228515625,2103097.0
2023-02-23,2147.103917082529,2151.195446852351,2097.907570525057,2103.41162109375,2000556.0
2023-02-24,2104.239524936824,2116.2220475770064,2064.054395120322,2078.95947265625,1479060.0
2023-02-27,2078.9595253051125,2084.6583647932616,2028.3506626464264,2059.134765625,1398112.0
2023-02-28,2060.401225686352,2083.099783210712,2031.1756763858368,2054.7021484375,2108587.0
2023-03-01,2045.7882828891848,2075.0138297876024,2045.7882828891848,2060.693359375,1389077.0
2023-03-02,2074.965356984738,2093.5236293730068,2053.143707449006,2066.8310546875,1727640.0
2023-03-03,2084.7558962503617,2104.14208258024,2077.205962513941,2096.494873046875,1821066.0
2023-03-06,2102.5348801616847,2128.448297577634,2084.5612135910155,2085.876220703125,1821012.0
2023-03-08,2096.4462595414525,2133.075713114797,2085.340644937506,2114.760986328125,2965342.0
2023-03-09,2118.803643072398,2142.232840165252,2115.442752350544,2136.58251953125,1873933.0
2023-03-10,2115.442548520946,2125.6714901555165,2077.9364291941874,2102.14501953125,1900535.0
2023-03-13,2108.185233923856,2122.700496232605,2052.607928491748,2078.764892578125,2334468.0
2023-03-14,2088.993682561043,2114.9556174604845,2079.300351620923,2088.847412109375,2871343.0
2023-03-15,2108.330918189092,2155.335339729505,2104.239389166668,2120.45947265625,3044201.0
2023-03-16,2128.496870584189,2130.5427543724822,2076.962575364487,2117.48876953125,2946792.0
2023-03-17,2130.2502288341416,2171.3607870488154,2130.2502288341416,2139.066650390625,3286473.0
2023-03-20,2134.536924709958,2148.078001557307,2096.446194717153,2121.336669921875,1996773.0
2023-03-21,2126.353699354564,2169.5101454142696,2125.671817374915,2151.43896484375,3178680.0
2023-03-22,2162.203404669808,2188.262850975245,2150.902764594636,2156.796630859375,1956033.0
2023-03-23,2156.8454128910325,2184.122590651172,2143.742673284589,2149.68505859375,2455799.0
2023-03-24,2149.051831097035,2162.0572942944464,2097.468789609086,2110.23046875,1449544.0
2023-03-27,2118.901173470744,2133.465191939415,2094.497791173398,2098.39453125,1540581.0
2023-03-28,2111.7893152665924,2113.786441877599,2067.6586917646714,2078.52099609375,1627243.0
2023-03-29,2082.4666106630298,2103.5578600393856,2066.2465244535697,2092.013671875,2372385.0
2023-03-31,2100.82987802106,2120.751912997154,2095.03352504418,2108.3310546875,1489542.0
2023-04-03,2123.723258604463,2127.132906038002,2099.3686340791824,2114.12744140625,1231654.0
2023-04-05,2113.981569991557,2204.0936876064043,2109.1106447150787,2199.46630859375,2763363.0
2023-04-06,2199.4662303624737,2232.491007427101,2196.2513722267154,2215.540283203125,2389899.0
2023-04-10,2225.9153581516643,2260.01183540014,2219.2423331644954,2250.0751953125,1955914.0
2023-04-11,2260.1093376602216,2269.8511882535845,2228.2535337875543,2242.0869140625,1342440.0
2023-04-12,2244.5222307188114,2252.9975926161387,2223.041403990009,2229.42236328125,1165839.0
2023-04-13,2235.5598474777003,2235.7546369154675,2184.561166180124,2200.4404296875,1956668.0
2023-04-17,2200.440484161514,2215.1020167481283,2144.3273300831665,2156.845703125,4125850.0
2023-04-18,2162.6907961213296,2172.4326465543086,2131.516874735797,2159.378662109375,2848601.0
2023-04-19,2151.097898386689,2177.303378591081,2151.097898386689,2162.301025390625,1970015.0
2023-04-20,2167.561395175512,2193.32853812582,2164.882386709565,2175.111328125,1898996.0
2023-04-21,2182.3202706756306,2185.096792854853,2145.1552108187184,2158.014404296875,1009316.0
2023-04-24,2162.690688525007,2175.062790391735,2130.104248015534,2171.36083984375,1239073.0
2023-04-25,2173.455557590161,2195.8130564491107,2160.8399090260164,2189.919189453125,1350118.0
2023-04-26,2189.821626689629,2228.253173498776,2186.1196764950937,2217.390869140625,1894812.0
2023-04-27,2217.0015369973203,2250.3673735971925,2208.5749317942136,2246.0810546875,1252989.0
2023-04-28,2252.607899945765,2307.844138859065,2252.607899945765,2303.36279296875,2884961.0
2023-05-02,2311.935682950348,2353.9719063762336,2311.935682950348,2322.895263671875,1840153.0
2023-05-03,2322.5545585942014,2328.30215497122,2287.8734773848987,2295.47216796875,998235.0
2023-05-04,2300.83029005504,2320.167720522351,2282.369530994192,2296.056640625,1230912.0
2023-05-05,2296.153964063322,2344.8144555304707,2296.153964063322,2316.124755859375,2425866.0
2023-05-08,2316.076135297568,2323.431279788636,2293.280300895275,2304.337158203125,1583576.0
2023-05-09,2306.528922848496,2339.894757691459,2306.528922848496,2313.05615234375,1417301.0
2023-05-10,2325.3795398907587,2327.2791530281124,2289.334695744986,2303.41162109375,1675409.0
2023-05-11,2240.625746555419,2254.313094879183,2179.5931447247285,2184.26904296875,9470848.0
2023-05-12,2165.2722476880253,2177.303527865401,2140.6255568601064,2163.762451171875,5367292.0
2023-05-15,2163.567365300352,2201.658093828839,2157.819768951716,2188.84765625,2662740.0
2023-05-16,2196.39764629687,2196.787225170513,2165.71081809604,2169.704833984375,2528855.0
2023-05-17,2166.928403935729,2186.0710432028573,2153.1435440932287,2162.301025390625,1961004.0
2023-05-18,2172.4326524091007,2175.891056889758,2124.697585158856,2131.711669921875,2290757.0
2023-05-19,2135.413529206188,2142.2815810534244,2112.52018160749,2133.513916015625,1729803.0
2023-05-22,2133.465244822393,2164.639166207925,2122.164603184879,2159.378662109375,1112099.0
2023-05-23,2168.1461403491203,2171.068695226745,2137.3618005028898,2140.91748046875,2265389.0
2023-05-24,2143.2069766023187,2151.4875490119184,2119.8265368575658,2128.740234375,2648479.0
2023-05-25,2133.464929935393,2150.3183762646054,2121.7747111412264,2147.785400390625,1689521.0
2023-05-26,2151.9746633870272,2163.4213371284472,2144.1811833928687,2161.1806640625,1249128.0
2023-05-29,2167.561870888348,2183.928228312576,2162.88573479026,2167.12353515625,1369656.0
2023-05-30,2172.432329880932,2179.251624189976,2150.220866563855,2153.72802734375,1716729.0
2023-05-31,2144.278586252809,2166.5873264483457,2143.206887673723,2148.7109375,2809284.0
2023-06-01,2159.7681183844256,2164.6390433244,2145.3013761774505,2150.8056640625,1049488.0
2023-06-02,2163.6649794809564,2179.5442432419845,2155.043346719221,2176.865234375,1399950.0
2023-06-05,2187.0453382789306,2214.127729010992,2182.1744132493563,2209.743896484375,2344944.0
2023-06-06,2210.425866806681,2221.8237842640133,2205.2626385012486,2219.144775390625,1677680.0
2023-06-07,2219.1934047131426,2258.160804269124,2219.1934047131426,2255.725341796875,2128603.0
2023-06-08,2257.13793851376,2284.512632759435,2253.04640899015,2279.88525390625,2556995.0
2023-06-09,2284.463936720568,2307.698345242089,2277.8881876489845,2301.999267578125,2501720.0
2023-06-12,2303.947325011856,2308.818249589048,2272.8709213446155,2279.5439453125,1172382.0
2023-06-13,2285.292002180139,2297.030741286994,2267.0260332319576,2293.62109375,1688768.0
2023-06-14,2292.1597541124115,2299.0765626352527,2279.592862951903,2294.25439453125,1013564.0
2023-06-15,2294.205604698567,2308.331286765713,2288.3604948776792,2300.343017578125,2561534.0
2023-06-16,2302.729859971924,2318.5603666771776,2291.5267321497445,2305.701171875,1794542.0
2023-06-19,2317.586040028599,2357.4301101044325,2300.050710595848,2305.2626953125,3111256.0
2023-06-20,2303.898643999541,2327.9609646349268,2293.6697020508927,2320.508544921875,1771306.0
2023-06-21,2320.5084085746385,2349.733955282128,2320.5084085746385,2332.636962890625,1607299.0
2023-06-22,2332.783743508098,2361.4246904099846,2318.5605458645887,2353.874755859375,1741775.0
2023-06-23,2356.504712844965,2364.346949511714,2321.7263565817025,2327.86376953125,1212955.0
2023-06-26,2336.1928869618646,2341.794450096431,2306.821069736013,2316.17333984375,793572.0
2023-06-27,2325.8177376632625,2335.0724943952123,2310.328292583982,2326.40234375,1012317.0
2023-06-28,2338.043965175744,2370.094556063108,2328.350872137745,2358.940185546875,1734938.0
2023-06-30,2357.5277728385217,2419.38852224978,2352.705604507162,2411.643798828125,2690699.0
2023-07-03,2414.225202922609,2428.0585822603825,2384.804863691428,2390.69873046875,1078456.0
2023-07-04,2394.741445438242,2420.265044081972,2394.741445438242,2398.29736328125,1441581.0
2023-07-05,2397.4695399795087,2420.8012256432903,2390.9913041757786,2407.0166015625,1191896.0
2023-07-06,2404.386140702808,2435.413790857315,2403.850291374691,2424.35693359375,1796824.0
2023-07-07,2418.657800947278,2439.3592321304936,2381.492738452428,2386.1201171875,1837661.0
2023-07-10,2386.753282571438,2399.758747634174,2357.527732172604,2375.793701171875,1178479.0
2023-07-11,2384.0256213192624,2415.004753665661,2384.0256213192624,2410.669677734375,1219658.0
2023-07-12,2416.271124558023,2421.7751747217226,2384.6101117764288,2391.575439453125,1822435.0
2023-07-13,2402.340096578115,2420.752097073574,2383.099943736502,2386.899169921875,1141663.0
2023-07-14,2386.996642319591,2413.104846203577,2385.43785128486,2408.4287109375,845623.0
2023-07-17,2411.108015017496,2429.6175310923777,2401.366164451769,2405.068115234375,878697.0
2023-07-18,2405.262623082758,2425.671750060936,2404.3859517697383,2410.8154296875,720865.0
2023-07-19,2410.718301214754,2438.3363033200653,2402.729793927414,2429.763427734375,1431080.0
2023-07-20,2429.617510071524,2431.27357708574,2405.3116406879567,2425.428466796875,1045704.0
2023-07-21,2456.894456485621,2528.009958199916,2456.0177851613794,2519.48583984375,4610417.0
2023-07-24,2569.55885882584,2569.8999186963224,2517.196417343684,2537.995361328125,2155297.0
2023-07-25,2548.467722699559,2550.1725462908144,2487.094073414364,2494.7900390625,2068876.0
2023-07-26,2524.1132913985,2604.824612389548,2518.2681814994685,2577.93701171875,5820099.0
2023-07-27,2600.0512190506947,2607.260331338246,2578.132054773015,2591.527099609375,2117794.0
2023-07-28,2591.478073530437,2599.27155335275,2557.2355666964017,2581.15185546875,1325724.0
2023-07-31,2586.4612330542,2620.5577088195096,2563.178306166859,2612.131103515625,1284981.0
2023-08-01,2612.1310123263825,2619.583432348238,2586.802202642093,2597.810302734375,1298745.0
2023-08-02,2593.2393620081925,2600.071388900892,2558.538271749699,2577.658203125,1479486.0
2023-08-03,2570.629507570981,2597.908654353044,2542.416528087896,2554.016357421875,1612618.0
2023-08-04,2560.7993238152967,2590.290294914897,2554.409613410384,2582.32763671875,1101278.0
2023-08-07,2583.4089453335787,2608.9677857364222,2578.592182949216,2591.1748046875,1163125.0
2023-08-08,2594.2714649771096,2604.5441046141023,2583.703867647575,2587.53759765625,767310.0
2023-08-09,2590.290209773469,2609.950856526968,2570.875321104389,2606.608642578125,906865.0
2023-08-10,2595.3037821301805,2616.4389774833166,2577.1666434216595,2598.64599609375,1040041.0
2023-08-11,2597.2207700100184,2611.818656980212,2586.603972214697,2593.73095703125,1320121.0
2023-08-14,2592.256233943249,2618.3557901003232,2571.612555174645,2614.767578125,1364413.0
2023-08-16,2623.7132496036984,2649.2720898021607,2607.0508998585565,2645.38916015625,1703875.0
2023-08-17,2645.389354746101,2645.389354746101,2597.1715681329524,2607.493408203125,1629067.0
2023-08-18,2605.035528123971,2629.316377311013,2588.0782213842963,2597.1220703125,1898966.0
2023-08-21,2597.0241168644384,2621.354167592683,2578.936177576682,2617.077880859375,1376318.0
2023-08-22,2622.7303703440416,2640.080795722812,2616.832176107885,2633.34716796875,1497180.0
2023-08-23,2643.914664535535,2679.7461451458007,2636.9350389579504,2671.48876953125,1990672.0
2023-08-24,2700.8813963683565,2719.8539688265487,2635.1166277936177,2642.538330078125,2619182.0
2023-08-25,2632.0200312859306,2637.180951346529,2586.3582246541696,2593.632568359375,1408427.0
2023-08-28,2608.5254127182684,2654.187215142108,2605.0847996616026,2649.6162109375,1551734.0
2023-08-29,2664.017582579011,2675.9123696296283,2650.550087817997,2672.815673828125,1101830.0
2023-08-30,2676.7479214154737,2691.1984491335065,2661.0686032452586,2663.03466796875,1920079.0
2023-08-31,2673.848060826761,2678.3701057524145,2632.9048583946064,2656.841552734375,2439625.0
2023-09-01,2664.017813112305,2669.866807912684,2642.686057958969,2656.251953125,1263430.0
2023-09-04,2686.627433729209,2695.4747249489537,2659.102527712225,2665.09912109375,1548282.0
2023-09-05,2674.3394206427047,2692.525518522466,2673.8479044837923,2686.578125,1066447.0
2023-09-06,2693.508612317878,2696.261150870237,2665.983706790542,2684.12060546875,1747425.0
2023-09-07,2686.6272611356144,2807.491033756782,2683.6781642518213,2798.10302734375,4100519.0
2023-09-08,2838.997363557318,2879.0067313114264,2823.711162855713,2852.36669921875,3638510.0
2023-09-11,2855.7088378789645,2876.352516225077,2841.0125529607603,2845.092041015625,1545803.0
2023-09-12,2901.5184948693486,2957.944457988924,2882.6932806243726,2894.145751953125,7788759.0
2023-09-13,2893.5556370174218,2893.752195482007,2839.439659743868,2857.42919921875,2458417.0
2023-09-14,2875.2712810689263,2881.9067495619383,2856.6920652877484,2869.078369140625,1910041.0
2023-09-15,2883.233822929619,2885.1506879728545,2850.793756050424,2859.19873046875,1655275.0
2023-09-18,2860.624164172598,2880.284811349042,2857.675067096131,2870.30712890625,736631.0
2023-09-20,2877.2863747995616,2894.980956398286,2837.080449277266,2840.96337890625,1399240.0
2023-09-21,2836.097375315198,2855.8072208617195,2797.7591157476663,2850.15478515625,2444711.0
2023-09-22,2859.3462152141647,2886.625363563662,2853.0057044082337,2868.97998046875,1965569.0
2023-09-25,2868.439267018743,2874.190102404505,2822.285945070252,2853.25146484375,1049532.0
2023-09-26,2865.539240582725,2894.047178139123,2860.6240789350704,2863.130859375,953456.0
2023-09-27,2872.420642009017,2944.0836072015663,2862.246160778825,2914.740234375,2903693.0
2023-09-28,2938.283810069949,2998.7403019800536,2927.7162118905408,2958.927490234375,4081102.0
2023-09-29,2988.418393016862,3006.457132934492,2954.258018294054,2972.24755859375,2698016.0
2023-10-03,2988.909937748808,3025.232936024404,2944.2803638997502,3021.104248046875,3254492.0
2023-10-04,3012.109542900896,3012.109542900896,2939.315948821484,2976.376220703125,3100946.0
2023-10-05,2981.0947801948587,3062.047349653723,2981.0947801948587,3043.517333984375,3413447.0
2023-10-06,3062.0967138048354,3062.0967138048354,3021.00591165396,3041.207275390625,1898118.0
2023-10-09,3022.8244987224443,3032.6548222955257,3003.7045673724283,3022.529541015625,1181760.0
2023-10-10,3021.694193558358,3046.417362049435,3020.0228465048326,3023.8076171875,1551789.0
2023-10-11,3037.5699822508573,3057.2306293851666,3032.064905053997,3036.2919921875,2066921.0
2023-10-12,3041.502107289892,3052.364662815554,3015.009433314256,3029.4599609375,1870280.0
2023-10-13,3015.69764799326,3046.417410522733,3011.519760289252,3037.177001953125,1437808.0
2023-10-16,3046.367924954672,3060.425334968284,3022.529391469413,3049.267822265625,818794.0
2023-10-17,3057.1322843100943,3061.3593715184847,3011.028161962616,3014.272216796875,1847182.0
2023-10-18,3016.5820428973298,3026.9038822919865,2985.6165247133586,2993.92333984375,1350839.0
2023-10-19,2974.262834354896,3017.810976342754,2956.1256951318155,3002.573974609375,1599104.0
2023-10-20,2988.369343638926,3004.3928200119526,2926.782458804239,2961.23779296875,1667471.0
2023-10-23,2952.0459878633646,2955.879717822381,2898.9622438258616,2908.1044921875,1614030.0
2023-10-25,2908.7925954254843,2915.182305418815,2860.918970090461,2866.62060546875,2108353.0
2023-10-26,2856.6920731088903,2866.669755685704,2808.572686497823,2815.99462890625,3286109.0
2023-10-27,2816.0436642510904,2861.164995339321,2809.162437461865,2852.66162109375,2399538.0
2023-10-30,2850.007547252628,2882.2510586643284,2807.687953524656,2876.697021484375,1693052.0
2023-10-31,2880.235463156178,2901.469057010668,2858.608752377691,2879.350830078125,1556467.0
2023-11-01,2897.438624551836,2932.532831114658,2822.335049722768,2846.173583984375,3875595.0
2023-11-02,2885.200065458901,2888.001803770443,2853.939587448508,2868.5869140625,1451606.0
2023-11-03,2884.217014075247,2898.028667067294,2855.709074944987,2861.85302734375,1136175.0
2023-11-06,2883.233946858254,2928.453435966839,2877.581510719681,2924.963623046875,1235499.0
2023-11-07,2919.6060442797034,2932.975380077677,2905.941990778791,2911.0537109375,1112206.0
2023-11-08,2924.226224553206,2951.8003294140635,2910.75872962952,2945.607177734375,1013438.0
2023-11-09,2952.0462809446426,2977.310165485899,2946.148086577121,2973.525634765625,1719911.0
2023-11-10,2969.790011978774,2992.350557042261,2954.258052414998,2981.782958984375,947753.0
2023-11-13,2998.24847421119,3002.5247606572625,2980.209735752345,2996.77392578125,531769.0
2023-11-15,3010.389328150513,3018.9416619229605,3003.163944102434,3012.945068359375,1160184.0
2023-11-16,3006.0638185745934,3029.8041945516875,2993.3335972525724,2999.379150390625,1597607.0
2023-11-17,2998.248650276918,3062.5880692152014,2993.480847407553,3056.24755859375,1325050.0
2023-11-20,3042.5835326847646,3059.147483838917,3024.004077208596,3036.390380859375,1231164.0
2023-11-21,3036.0952970188937,3046.4171362996767,3010.487257279802,3022.677001953125,1884782.0
2023-11-22,3022.677189239935,3036.2428439938585,3010.5366434296247,3030.000732421875,1104208.0
2023-11-23,3027.739669684493,3035.6039285667907,2979.620283648063,2993.972412109375,1514688.0
2023-11-24,2998.248626241866,3014.9601759619027,2988.025185941801,3002.426513671875,915121.0
2023-11-28,3002.180908843494,3007.243429635509,2983.5032934970545,2998.248779296875,1210508.0
2023-11-29,2998.2486834021583,3037.4715783759366,2997.2656510469446,3031.426025390625,1801107.0
2023-11-30,3024.1024239342632,3071.5337341572085,3006.8009588174195,3056.444091796875,3131624.0
2023-12-01,3076.8419493120086,3143.6881467966937,3068.093057699292,3136.511962890625,2112908.0
2023-12-04,3229.2612825931287,3290.7500043298023,3194.8551502062915,3257.326904296875,3095974.0
2023-12-05,3262.733592562646,3268.582587087281,3223.4122982818967,3259.194580078125,1659309.0
2023-12-06,3273.4977586317705,3343.2930561881835,3264.650467392225,3334.74072265625,2057233.0
2023-12-07,3334.7405680156485,3352.041792749576,3280.428032647053,3298.663330078125,2128823.0
2023-12-08,3319.7003834549623,3371.8011001630207,3308.887027157063,3321.125732421875,2428891.0
2023-12-11,3320.633930475794,3347.2250023561032,3302.988548580472,3328.350830078125,1534238.0
2023-12-12,3317.734206714598,3317.734206714598,3275.46381534016,3285.687255859375,1888423.0
2023-12-13,3296.058362500444,3352.1404076425965,3289.422893951591,3342.113525390625,1509107.0
2023-12-14,3367.819563512354,3381.6312157507286,3342.4083217765915,3374.848388671875,2425646.0
2023-12-15,3376.8632975183427,3439.531606423848,3374.602515234757,3428.816650390625,2632935.0
2023-12-18,3436.6809590595285,3446.5112821689663,3407.1899897312146,3432.355712890625,1767429.0
2023-12-19,3429.750731011291,3465.189095863652,3417.0697094682364,3439.5810546875,1311700.0
2023-12-20,3445.528392158476,3454.9655987325427,3354.647099257945,3360.49609375,1876048.0
2023-12-21,3332.528790453094,3381.582007605103,3276.446748159293,3366.050048828125,2292802.0
2023-12-22,3365.902949826976,3436.681282884085,3350.764346811241,3418.9375,1681707.0
2023-12-26,3418.937487352161,3448.821816309053,3418.937487352161,3430.832275390625,1072263.0
2023-12-27,3450.443598831212,3488.781861040447,3444.692763500572,3483.86669921875,1389266.0
2023-12-28,3484.849606864931,3499.5458921862173,3441.1046682174024,3458.35693359375,3371121.0
2023-12-29,3471.0872809658385,3479.934572251223,3435.6981158243007,3466.172119140625,968577.0
2024-01-01,3477.968451638937,3477.968451638937,3436.730292587616,3465.63134765625,777080.0
2024-01-02,3465.2382880568675,3465.6314050038186,3373.7670784461066,3379.763671875,1511464.0
2024-01-03,3374.7502018567843,3407.042911934397,3353.7134046664887,3381.9755859375,1283859.0
2024-01-04,3382.663491164596,3421.0509521502554,3364.919709377571,3400.013916015625,1651616.0
2024-01-05,3406.157716000353,3494.67982251401,3401.291754120527,3462.141357421875,2069018.0
2024-01-08,3479.9346884970446,3499.546136835132,3430.783068603019,3441.69482421875,1993855.0
2024-01-09,3467.5975902807595,3532.7726863797207,3460.3724461419374,3495.614013671875,1807271.0
2024-01-10,3489.715510244733,3498.562801058463,3460.273740480892,3485.341064453125,1534821.0
2024-01-11,3485.3412734209137,3499.152926241177,3441.154016318223,3445.381103515625,1105348.0
2024-01-12,3445.5775381734243,3517.928574122562,3434.7641824746715,3508.245849609375,1782631.0
2024-01-15,3515.4221289211832,3544.519742863772,3478.017699513688,3482.932861328125,1783518.0
2024-01-16,3487.798642841839,3528.1029676322887,3477.968319722217,3512.865966796875,1791818.0
2024-01-17,3494.680056781437,3553.12128286779,3487.50387251894,3510.359375,2699076.0
2024-01-18,3510.2120074684813,3555.578854991544,3465.189077273359,3534.984375,2148898.0
2024-01-19,3541.86535356598,3593.818706277956,3541.86535356598,3584.1357421875,1913923.0
2024-01-23,3575.8784984849062,3599.2255163150785,3476.198876255316,3490.747802734375,1742142.0
2024-01-24,3509.42538797253,3556.561739791752,3461.944878841512,3528.299560546875,3711521.0
2024-01-25,3538.818049700548,3556.856789265897,3504.313758322316,3532.4775390625,2206540.0
2024-01-29,3542.848619117449,3670.4954668349046,3539.0148889195443,3645.083984375,2072982.0
2024-01-30,3652.898892229969,3674.47640359956,3563.3937517215904,3571.6513671875,1454989.0
2024-01-31,3460.274085782025,3477.968669175228,3329.5799747746314,3420.70703125,9637606.0
2024-02-01,3420.952648501876,3434.46934359294,3313.802120143628,3340.343994140625,6149780.0
2024-02-02,3344.9640731096847,3378.0432551299355,3303.9716728034773,3318.766357421875,7579802.0
2024-02-05,3318.2259281033166,3350.125282078788,3262.1438806374467,3285.048583984375,2954238.0
2024-02-06,3289.226158100314,3369.5890506360884,3280.9195829570976,3366.1484375,2545192.0
2024-02-07,3386.5466762260303,3388.512741059834,3331.4968608795407,3337.10009765625,2099940.0
2024-02-08,3355.089301524322,3359.807904650614,3237.961096827228,3278.904296875,3471727.0
2024-02-09,3279.641811825158,3332.479802798737,3252.8049795729025,3268.140380859375,3121873.0
2024-02-12,3273.497740318375,3282.4923903623385,3231.2273490770262,3243.564453125,1922273.0
2024-02-13,3255.8030386779315,3281.902594732176,3228.3765329926664,3265.141845703125,2151493.0
2024-02-14,3234.2255891152977,3260.669062987632,3207.683716009988,3252.85400390625,2502138.0
2024-02-15,3252.8538465925767,3265.584066744472,3234.3727915467334,3244.301513671875,1999189.0
2024-02-16,3248.872577202508,3340.343781429929,3247.987944124862,3329.28466796875,2768329.0
2024-02-19,3342.850927811554,3350.1744713058297,3278.9046211973573,3283.180908203125,1216447.0
2024-02-20,3283.1807940708886,3310.6073015047805,3271.9740809272776,3299.7939453125,1578162.0
2024-02-21,3299.941231179559,3299.941231179559,3234.2256619543627,3240.4677734375,2430672.0
2024-02-22,3253.83706031099,3311.835968636776,3221.3477933254794,3306.675048828125,2521388.0
2024-02-23,3306.675020932053,3342.2115438868536,3284.0652771991845,3330.46435546875,2107176.0
2024-02-26,3342.3099095564894,3432.404726266313,3335.428683272108,3411.26953125,4122419.0
2024-02-27,3416.0372949709936,3452.4094906296773,3393.329152492944,3446.95361328125,2122286.0
2024-02-28,3445.528421783715,3453.392680663678,3387.676871398735,3411.31884765625,1666903.0
2024-02-29,3425.867732445384,3436.681088272327,3378.1414639550185,3418.544189453125,2119512.0
2024-03-01,3442.235229526505,3596.2765951174333,3440.613322102484,3571.84814453125,4407803.0
2024-03-04,3607.728829963852,3617.3625952751,3560.5924754030525,3582.6123046875,1307501.0
2024-03-05,3569.587237333214,3582.61241675893,3529.3813077844134,3551.302978515625,1981370.0
2024-03-06,3556.6110556652293,3590.476472250364,3525.20321996433,3580.400390625,1500196.0
2024-03-07,3598.635714770417,3642.282255590341,3581.432648456552,3614.560791015625,2344401.0
2024-03-11,3637.21966177612,3637.21966177612,3569.8327467995337,3578.82763671875,1748541.0
2024-03-12,3577.3038813071857,3609.69474887824,3551.8431997277125,3560.198974609375,1470377.0
2024-03-13,3573.2240523994465,3575.0919577898185,3452.311078107708,3478.509033203125,2503293.0
2024-03-14,3467.204315321638,3574.3056423875005,3462.2399539298067,3546.977294921875,4528490.0
2024-03-15,3536.950427542037,3541.8655893368423,3464.2552325964903,3477.1328125,4054210.0
2024-03-18,3477.1329253438525,3511.588258643249,3466.8602848589567,3500.77490234375,1354787.0
2024-03-19,3480.9176442134026,3489.273419411317,3421.9357016398912,3442.284423828125,1447405.0
2024-03-20,3443.3166546278585,3465.139925372857,3428.571168989598,3450.148681640625,1442811.0
2024-03-21,3465.3364409688484,3534.9843799376754,3465.3364409688484,3499.59521484375,2504962.0
2024-03-22,3486.0293371969537,3585.4140056521824,3486.0293371969537,3556.41455078125,3020545.0
2024-03-26,3543.831646015062,3614.511576464763,3538.9164842314067,3607.8271484375,2320963.0
2024-03-27,3620.5081254618312,3663.958107097126,3607.827104214693,3643.510986328125,2387693.0
2024-03-28,3643.658638595526,3748.646542546278,3634.8113473636895,3700.035400390625,4278668.0
2024-04-01,3716.697970808546,3786.493267927305,3716.697970808546,3772.878173828125,1905190.0
2024-04-02,3784.478079921172,3794.504962132361,3707.2608389745246,3742.79736328125,3608162.0
2024-04-03,3735.2280603905615,3735.2280603905615,3706.1794057633247,3718.270751953125,1684618.0
2024-04-04,3740.339609743757,3754.93773581746,3667.7428163016702,3733.409423828125,2339529.0
2024-04-05,3706.130251588917,3725.692498789113,3653.19386507257,3679.58837890625,1645597.0
2024-04-08,3681.45630839201,3754.9871793202697,3679.5886428462886,3743.239990234375,1083395.0
2024-04-09,3755.183567434863,3762.9986265978296,3710.947111797541,3721.023193359375,1997057.0
2024-04-10,3735.522806157532,3735.522806157532,3686.469589518029,3689.516845703125,1951581.0
2024-04-12,3686.322116558421,3737.587397660916,3601.3390178158124,3616.82177734375,3437544.0
2024-04-15,3564.52444732508,3617.411634962523,3525.3505127651024,3539.702880859375,1719910.0
2024-04-16,3519.3050076932896,3537.0977492045167,3469.56347485363,3483.325927734375,2291042.0
2024-04-18,3501.5120864898577,3556.266941251657,3479.6396163562536,3490.69873046875,3273257.0
2024-04-19,3465.189168992757,3482.785352745265,3413.48156936541,3458.652099609375,2759031.0
2024-04-22,3508.1966556579137,3558.5770629720905,3480.8683086664028,3551.40087890625,2605754.0
2024-04-23,3571.1106694558407,3571.1106694558407,3527.1199730252715,3548.89404296875,1434580.0
2024-04-24,3555.1855097527296,3592.933854043625,3539.997708729366,3573.175048828125,1501234.0
2024-04-25,3554.7433784756945,3603.796596764093,3550.319732898652,3590.3291015625,2420380.0
2024-04-26,3590.0342841106994,3598.783176372282,3524.1711140571897,3544.0283203125,1973113.0
2024-04-29,3544.913057183897,3587.9696821621487,3544.0281840690564,3572.634521484375,1396979.0
2024-04-30,3577.254730576903,3587.035854484185,3523.2371508092306,3533.313232421875,1571996.0
2024-05-02,3529.1351973449114,3572.4867782763663,3515.3727449860767,3538.4248046875,3748847.0
2024-05-03,3548.7468675840228,3560.5432560635268,3429.2592346107563,3440.416748046875,4079696.0
2024-05-06,3463.026311828979,3467.1549995816204,3382.712619123808,3404.535888671875,2614667.0
2024-05-07,3420.362635808808,3436.681068690285,3366.8857723867927,3369.589111328125,3376013.0
2024-05-08,3370.818004699296,3438.057322967009,3310.6564715126897,3427.6865234375,4116670.0
2024-05-09,3256.5404459914744,3319.700275032287,3211.2225582602136,3219.873291015625,12120574.0
2024-05-10,3225.919084549805,3250.0523369591824,3179.716563687459,3215.941162109375,4132191.0
2024-05-13,3211.615866827031,3258.752219712844,3170.4758672395483,3237.961181640625,3557067.0
2024-05-14,3244.006770008901,3327.466120910786,3237.51866046963,3322.108642578125,2870328.0
2024-05-15,3332.479576402101,3359.4145660646263,3296.254739284734,3353.418212890625,2718682.0
2024-05-16,3370.768718156894,3409.647695479342,3321.3713427214498,3401.8818359375,3398714.0
2024-05-17,3416.971096584264,3416.971096584264,3354.2535874518694,3392.19873046875,2676919.0
2024-05-21,3399.3259354549778,3411.417281605587,3375.733158575013,3382.565185546875,2100848.0
2024-05-22,3391.510887914321,3413.7764751730087,3376.765402313033,3402.127685546875,1409992.0
2024-05-23,3402.1766773364525,3540.5384852034813,3396.3768822776947,3524.564208984375,4525637.0
2024-05-24,3525.1540577951887,3596.915420377188,3521.516886047509,3564.376953125,2740360.0
2024-05-27,3583.0545539303653,3632.304571178892,3538.916496953724,3590.0341796875,2570708.0
2024-05-28,3590.0341536601704,3622.71997940201,3584.185159158625,3596.12890625,1440187.0
2024-05-29,3549.7297590075214,3599.7170492038185,3549.0908839895046,3573.1259765625,1506146.0
2024-05-30,3564.524454173408,3582.120637009393,3546.534914403679,3573.027587890625,2701849.0
2024-05-31,3574.6988620799234,3681.259716412045,3574.6988620799234,3607.040771484375,6432341.0
2024-06-03,3789.9828135864914,3853.3883999506247,3736.604349157517,3831.0244140625,5767666.0
2024-06-04,3786.640798989519,3831.8602893201314,3263.667562992005,3345.455810546875,9920882.0
2024-06-05,3383.1057774170854,3383.1057774170854,3121.176860025811,3351.1572265625,10372458.0
2024-06-06,3379.6653320036944,3478.165128758799,3327.859573430724,3423.45947265625,8374602.0
2024-06-07,3406.25628373822,3487.798768964526,3387.529469518533,3472.561767578125,5879660.0
2024-06-10,3461.3060635247307,3524.170933573082,3461.3060635247307,3483.620849609375,3151257.0
2024-06-11,3509.42568981922,3577.254925840936,3490.9446325846884,3537.638671875,2548176.0
2024-06-12,3553.661949605066,3587.03584992884,3517.289752610492,3568.702392578125,2242274.0
2024-06-13,3603.305271173983,3652.8500082581154,3573.322782899312,3640.807861328125,2965500.0
2024-06-14,3654.9140899485865,3656.880154547806,3612.6437010653726,3625.2265625,1746508.0
2024-06-18,3645.083838799685,3647.0499034376567,3612.6437722731503,3626.602783203125,1936792.0
2024-06-19,3627.3895487993927,3636.236840381832,3514.340823023802,3529.037109375,2936151.0
2024-06-20,3551.8243540135686,3579.9124915512257,3531.6625368886803,3561.236572265625,2618715.0
2024-06-21,3570.7481998456587,3576.643172764542,3483.5117438892325,3502.336181640625,4508508.0
2024-06-24,3487.821481155492,3534.0403306945373,3472.613220937581,3498.967529296875,2330559.0
2024-06-25,3523.6373620686804,3558.7597499311096,3495.400706699931,3554.648193359375,2158039.0
2024-06-26,3567.7262697674155,3591.4053337598266,3559.057120958622,3569.658203125,2480187.0
2024-06-27,3564.209017285815,3568.0235395085265,3517.1975102094,3531.46435546875,5519875.0
2024-06-28,3507.289749024576,3542.907516036737,3505.407402127858,3515.66162109375,3141514.0
2024-07-01,3502.5340870656305,3508.676749607373,3481.530027139966,3493.964111328125,2961120.0
2024-07-02,3502.385541573321,3600.4211771476025,3502.385541573321,3592.990478515625,5087748.0
2024-07-03,3616.6202346651207,3616.7687518854223,3571.689179714271,3580.952880859375,1923801.0
2024-07-04,3582.686796593475,3610.32889970284,3532.851527674528,3540.2822265625,1851947.0
2024-07-05,3540.2822482724014,3604.384362695456,3535.031172649088,3593.634521484375,1635209.0
2024-07-08,3606.464948630707,3612.0130585397096,3560.790823781017,3598.439697265625,1706210.0
2024-07-09,3616.273522866348,3650.950118291094,3612.409656130056,3632.224853515625,2425176.0
2024-07-10,3650.999592405431,3659.866844585888,3567.7261795760105,3616.322998046875,2231438.0
2024-07-11,3626.181086791514,3650.553876095973,3569.707774784106,3587.640625,2942924.0
2024-07-12,3596.45833837869,3633.809937207494,3579.318144201756,3615.629638671875,2001185.0
2024-07-15,3636.0885264472968,3640.051565713179,3603.393452503765,3617.858642578125,943302.0
2024-07-16,3612.4095587798215,3617.858737914004,3587.541389977207,3602.94775390625,2220953.0
2024-07-18,3606.3657548731135,3645.2530779167314,3565.397739447795,3622.416015625,3240772.0
2024-07-19,3617.264147674278,3625.140639964002,3576.6429945505733,3585.064453125,2432533.0
2024-07-22,3584.469920006228,3628.0140083802585,3534.634893678459,3617.7099609375,3639057.0
2024-07-23,3635.692415852077,3679.682056118013,3428.02905604963,3505.35791015625,6957691.0
2024-07-24,3516.206689291588,3525.0739415258454,3468.6502167398844,3486.9296875,3184060.0
2024-07-25,3506.2991890603626,3597.349924596564,3499.413456322879,3585.70849609375,4691483.0
2024-07-26,3595.4673944643587,3666.8021016568177,3562.8714930705823,3645.89697265625,2617659.0
2024-07-29,3666.802205120295,3754.979831776795,3652.535360033135,3740.06884765625,4159919.0
2024-07-30,3739.969946119707,3759.933660501282,3704.054901273021,3749.67919921875,1979989.0
2024-07-31,3742.1494918483113,3786.6840981579694,3728.3284404949313,3779.748779296875,2703636.0
2024-08-01,3774.7949404176857,3803.477389028954,3731.0529908147664,3744.378662109375,1998663.0
2024-08-02,3695.881139197811,3714.259541086526,3623.307979478477,3631.828369140625,2512525.0
2024-08-05,3563.7630621462454,3574.562247398861,3479.0530977833027,3495.400634765625,2900685.0
2024-08-06,3515.215894468333,3601.312827373208,3513.2343747983955,3543.1552734375,2125532.0
2024-08-07,3596.458311189059,3621.970377721598,3576.9899765889945,3604.632080078125,1613097.0
2024-08-08,3587.5413009561235,3595.2196895455763,3514.670867965724,3520.714599609375,2038088.0
2024-08-09,3566.7353789703648,3572.234144389889,3542.6598667853705,3558.85888671875,848232.0
2024-08-12,3545.9294853625324,3577.6338004034938,3530.0773278420515,3538.944580078125,1965035.0
2024-08-13,3546.920337007265,3573.6708535154207,3512.4418451309184,3518.98095703125,1316218.0
2024-08-14,3526.0645978570737,3545.6321042179725,3503.822088370616,3512.441650390625,1584372.0
2024-08-16,3544.938665275676,3547.811772023547,3500.3544730069766,3535.3779296875,2808865.0
2024-08-19,3566.587018331604,3566.636362817366,3514.225262395972,3522.200927734375,1898535.0
2024-08-20,3529.086661893691,3546.920339578724,3515.2160236942213,3539.687744140625,1285569.0
2024-08-21,3556.827875990509,3581.894148674575,3548.8026244189223,3562.822021484375,1714248.0
2024-08-22,3573.7202592470203,3578.772989201212,3550.8336106374327,3573.17529296875,1734927.0
2024-08-23,3573.1753203821986,3588.532097719208,3553.905090100767,3565.298828125,1825180.0
2024-08-26,3577.633907640444,3614.292023005356,3561.484473305441,3608.248291015625,1606911.0
2024-08-27,3608.991152703212,3702.469438244461,3602.4026966702863,3668.486328125,3315435.0
2024-08-28,3670.7652176002025,3689.985861796769,3650.950020744061,3654.962646484375,1278175.0
2024-08-29,3656.399211932385,3675.7190289308087,3617.809164304788,3649.414306640625,2165489.0
2024-08-30,3683.992060763176,3710.3957145547793,3632.5218919894014,3670.41845703125,2592912.0
2024-09-02,3671.755930308264,3687.558501221232,3632.472399799141,3649.067626953125,1277813.0
2024-09-03,3659.8171817795615,3679.632378142028,3633.017080322384,3656.05224609375,1211993.0
2024-09-04,3616.2735058407375,3646.987061643768,3597.548241153428,3617.066162109375,1930121.0
2024-09-05,3634.107024290044,3634.107024290044,3575.0576421905484,3590.662109375,2958770.0
2024-09-06,3581.6960064328896,3590.315568693052,3503.5249096620782,3541.71875,3096557.0
2024-09-09,3550.883366854938,3560.7909655347785,3521.012053589111,3545.236083984375,1454589.0
2024-09-10,3551.8740229860086,3591.5044165479167,3538.003385239341,3562.9208984375,1203483.0
2024-09-11,3561.7817251150263,3570.6489775558207,3483.907902743875,3504.26806640625,1865165.0
2024-09-12,3525.12359528144,3604.4339707529,3501.3453585510424,3588.5322265625,3751523.0
2024-09-13,3588.5320727667454,3601.164260488384,3566.7849430660444,3579.615234375,1752455.0
2024-09-16,3585.708311189913,3636.088544866544,3579.615235041641,3628.41015625,1045964.0
2024-09-17,3634.1070451471865,3670.765158743273,3625.883690206795,3661.0556640625,1289060.0
2024-09-18,3654.913033658612,3723.22587594872,3650.157338070617,3695.97998046875,2249929.0
2024-09-19,3715.349537576296,3715.7457447730767,3640.051786948083,3649.662109375,1711564.0
2024-09-20,3665.811495555866,3774.69590781862,3646.243988248508,3758.84375,5401701.0
2024-09-23,3764.8873219164702,3803.328851369825,3714.358571017065,3752.700927734375,1937874.0
2024-09-24,3752.701076958316,3796.393683580277,3740.118475101147,3756.565185546875,2676546.0
2024-09-25,3752.5525980290936,3777.965491968017,3743.090792883476,3758.79443359375,2113862.0
2024-09-26,3765.878078680753,3767.810011954277,3701.874897506245,3727.386962890625,2750597.0
2024-09-27,3703.460357923151,3703.460357923151,3617.2642500742177,3671.4091796875,4095425.0
2024-09-30,3664.820672368274,3681.316727059349,3631.134837585759,3641.58740234375,1837697.0
2024-10-01,3633.116469278175,3689.589782272136,3605.7220554306127,3619.7412109375,1674100.0
2024-10-03,3549.397123794199,3583.578338245253,3453.194246657778,3465.3310546875,5315877.0
2024-10-04,3482.5208261434614,3520.71466622676,3436.45049373502,3461.665283203125,3445879.0
2024-10-07,3472.6132534846006,3480.489745868056,3397.3155053348632,3436.302001953125,2304227.0
2024-10-08,3460.6745819218163,3505.803741625895,3436.945931807328,3499.760009765625,2249452.0
2024-10-09,3509.3208657946843,3524.826160210482,3448.834930458676,3454.878662109375,1645791.0
2024-10-10,3482.5209061300893,3522.052127770106,3423.5706944900494,3428.3759765625,2686116.0
2024-10-11,3437.3422121277545,3464.7864541615186,3415.1492876909674,3450.370849609375,1280465.0
2024-10-14,3477.5671471693995,3540.8272616859044,3468.947584668747,3522.200927734375,1974378.0
2024-10-15,3537.012684122755,3537.012684122755,3487.623208572359,3519.079833984375,1231552.0
2024-10-16,3517.19737614145,3548.802517781621,3481.0842289239285,3499.958251953125,1961835.0
2024-10-17,3517.09841185004,3549.892660730696,3489.258204269039,3537.31005859375,2968537.0
2024-10-18,3536.9631608978584,3559.255258044508,3507.537641041228,3544.74072265625,2102609.0
2024-10-21,3546.920154115808,3588.482480170472,3538.300592062359,3552.468505859375,1750549.0
2024-10-22,3551.874105562686,3558.462561891636,3467.6595172857465,3479.449462890625,1363574.0
2024-10-23,3468.699767124874,3481.480472236666,3411.186110352357,3423.471435546875,2125268.0
2024-10-24,3412.1769780415616,3442.4943266909463,3385.178771696721,3410.83935546875,1924421.0
2024-10-25,3393.3525953226635,3403.260194141124,3284.41859469064,3295.66357421875,3236774.0
2024-10-28,3285.3597705978486,3341.833083904265,3232.403703251498,3309.9306640625,2991674.0
2024-10-29,3285.3596939840263,3353.1275716175005,3285.3596939840263,3349.659912109375,2253467.0
2024-10-30,3348.7187203265817,3406.6285854189828,3322.017790636822,3376.8564453125,1785128.0
2024-10-31,3497.382165906032,3621.177557084316,3475.93231254891,3588.829345703125,7637083.0
2024-11-01,3591.4548321093766,3608.248163013316,3586.5506192804,3592.842041015625,212796.0
2024-11-04,3591.454757579255,3591.454757579255,3498.273748223489,3541.42138671875,1724189.0
2024-11-05,3523.141977250831,3551.874012498377,3509.1721668076166,3541.768310546875,1251506.0
2024-11-06,3560.7908358845502,3626.0818120535296,3524.5289292827542,3611.765380859375,1819732.0
2024-11-07,3613.64812502655,3629.1534203086458,3586.550745704968,3612.85546875,1581009.0
2024-11-08,3606.762005642167,3633.116314000204,3587.1944989060057,3626.478271484375,1622142.0
2024-11-11,3612.310527006271,3627.171925224892,3572.6801317566133,3595.319091796875,926127.0
2024-11-12,3616.2734964993606,3617.264256361415,3546.920306155537,3558.16552734375,1116206.0
2024-11-13,3551.8739595234183,3571.540638731014,3502.979865586132,3515.166259765625,1568694.0
2024-11-14,3525.1236180654023,3532.802007059221,3467.808062822165,3493.6669921875,1291765.0
2024-11-18,3488.5646204454893,3535.3284372010994,3478.4093319368303,3509.419921875,1233217.0
2024-11-19,3527.0059150429074,3573.670801019988,3462.7056971346988,3473.5048828125,1826460.0
2024-11-21,3497.3823457348035,3497.9273120409725,3420.5488693375355,3451.31201171875,1510581.0
2024-11-22,3467.65948036631,3580.110723515332,3441.008137113958,3570.203125,2534018.0
2024-11-25,3626.18110979966,3726.247856272274,3620.236550603268,3718.32177734375,4753829.0
2024-11-26,3720.203996884119,3720.203996884119,3655.903780533237,3668.387451171875,1141534.0
2024-11-27,3669.774513123046,3685.62667084712,3650.950075825708,3664.5234375,971816.0
2024-11-28,3665.811542392949,3686.122119857559,3614.292028824184,3632.17529296875,2124283.0
2024-11-29,3601.511214374312,3715.349423970889,3601.511214374312,3690.38232421875,2094305.0
2024-12-02,3672.598150493629,3683.4965085580607,3638.96166095972,3669.823974609375,1158369.0
2024-12-03,3686.61739260098,3763.7481434838655,3667.29757557445,3752.05712890625,3252670.0
2024-12-04,3740.118390394391,3799.5639807052953,3723.3250595085055,3754.880615234375,2510166.0
2024-12-05,3774.795072699305,3848.1113024577694,3725.2570796192617,3796.14599609375,2765170.0
2024-12-06,3796.591629891723,3848.061554159057,3764.887315654632,3830.970947265625,1856562.0
2024-12-09,3831.7637313714654,3922.418257918458,3831.7637313714654,3910.826416015625,3332753.0
2024-12-10,3918.455212081829,3926.876670818288,3865.251456441381,3886.8994140625,2349493.0
2024-12-11,3886.899359956472,3911.1729759766095,3865.94488614604,3880.55859375,1237958.0
2024-12-12,3893.686249656076,3922.4182855950135,3811.403594909171,3824.23388671875,1899867.0
2024-12-13,3823.342220588058,3861.981854328129,3759.1409346122255,3851.08349609375,2300361.0
2024-12-16,3846.129622907144,3878.230144335169,3821.6083173515135,3842.01806640625,918660.0
2024-12-17,3827.354784853903,3839.59052354427,3761.915050129564,3772.020751953125,1690180.0
2024-12-18,3772.020891790718,3783.711906519308,3710.395676856457,3723.424072265625,1318341.0
2024-12-19,3667.941514543971,3727.4366924425294,3665.81147760142,3682.010498046875,1856838.0
2024-12-20,3682.010543293431,3690.580519423568,3573.770027388189,3596.309814453125,2796593.0
2024-12-23,3636.0887444633295,3665.811540739596,3583.628057412665,3606.861328125,1217612.0
2024-12-24,3614.2423464556105,3645.005488175269,3598.835982411058,3606.1181640625,627922.0
2024-12-26,3624.199546468177,3631.283382671433,3576.989936171985,3595.962890625,1124705.0
2024-12-27,3598.836013241129,3609.982061649191,3570.2031500845333,3574.7607421875,1309122.0
2024-12-30,3574.562331818288,3589.522902163864,3533.0495912548545,3545.8798828125,1591690.0
2024-12-31,3529.6315728968502,3587.1452309068904,3517.19748832877,3574.314697265625,1267628.0
2025-01-01,3566.7355253067485,3654.913153571276,3566.6859389363945,3633.61181640625,1202029.0
2025-01-02,3642.627825225075,3689.688918926424,3616.323102368743,3679.186767578125,1882900.0
2025-01-03,3673.7374314503086,3685.527376615044,3617.7099149642713,3626.081787109375,1290107.0
2025-01-06,3650.702274020346,3658.132972725863,3552.369361150676,3569.90576171875,1212012.0
2025-01-07,3573.770038977811,3616.1250235998255,3562.4752312810992,3609.635498046875,1453540.0
2025-01-08,3628.1626740164215,3629.99567654501,3556.827962785077,3563.119384765625,1813201.0
2025-01-09,3566.6362215577715,3572.977229611797,3453.7887734755,3495.301513671875,2921681.0
2025-01-10,3467.60988365528,3519.377085743505,3460.030667567546,3503.475341796875,1794238.0
2025-01-13,3473.158149380393,3501.8405979080853,3416.734425780858,3432.289306640625,2137212.0
2025-01-14,3433.825194188746,3459.683881679932,3416.734586421315,3430.605224609375,2924491.0
2025-01-15,3439.224660840124,3493.5676926152337,3439.224660840124,3469.04638671875,1155446.0
2025-01-16,3502.336016404937,3510.7078886329764,3451.559574865827,3475.486328125,2305460.0
2025-01-17,3491.437718193442,3546.7717526774995,3479.499013600767,3535.675048828125,1600246.0
2025-01-20,3541.86719925381,3583.7268018318755,3523.6373152399738,3559.800048828125,1593334.0
2025-01-21,3579.3677309545706,3609.635493449755,3495.500004464314,3508.3798828125,2576596.0
2025-01-22,3530.0772505720984,3549.24854990768,3457.8509562042627,3485.691162109375,1626055.0
2025-01-23,3459.7333463792547,3495.2025968754374,3428.6235842911324,3470.87939453125,1993204.0
2025-01-24,3482.025432433258,3488.564544083737,3414.2079702539204,3426.24560546875,1206454.0
2025-01-27,3415.3472915835446,3461.61572799894,3369.722752313938,3425.70068359375,1552938.0
2025-01-28,3432.933319566636,3449.9743407371952,3372.596141004069,3382.35498046875,1657689.0
2025-01-29,3399.2970578637423,3423.0752943512766,3380.4726206444443,3417.82421875,1238704.0
2025-01-30,3423.07526485292,3485.295031502735,3363.629674146357,3389.33984375,2717740.0
2025-01-31,3468.6997537985585,3556.827792366174,3448.884557183705,3534.4365234375,3995513.0
2025-02-01,3544.938689720812,3595.6655448971665,3370.5649587563453,3415.64453125,4752505.0
2025-02-03,3388.3985608380526,3388.3985608380526,3239.7845888714714,3258.80712890625,6077580.0
2025-02-04,3285.359605382587,3417.1306631376783,3276.690456846068,3407.37158203125,4742516.0
2025-02-05,3412.8208659180355,3419.06270143296,3348.2233712162338,3351.938720703125,2670316.0
2025-02-06,3372.546460811088,3372.546460811088,3311.812834864308,3321.77001953125,2874856.0
2025-02-07,3335.8883741239174,3338.811067268702,3280.504995940615,3306.06640625,1722789.0
2025-02-10,3316.86577380904,3318.054637216108,3263.61243348346,3297.892578125,1236663.0
2025-02-11,3329.894307442661,3329.9438938126723,3201.145111844316,3209.715087890625,2593537.0
2025-02-12,3228.8862381020726,3269.507390529868,3192.475814889354,3259.2529296875,1632415.0
2025-02-13,3259.253165263129,3284.269852407941,3222.892325789994,3233.493408203125,2127644.0
2025-02-14,3244.7882073809574,3255.438876136944,3191.782553572095,3207.733642578125,1378340.0
2025-02-17,3183.8564785574367,3209.4674764678302,3165.0320407321565,3192.079833984375,1966689.0
2025-02-18,3197.1820654609105,3211.052703488941,3153.58863165853,3190.395263671875,2428215.0
2025-02-19,3190.395264786494,3272.331298674196,3181.9244614956297,3245.630126953125,1677978.0
2025-02-20,3229.9267819538545,3255.091986048982,3217.740387102775,3245.53125,1236693.0
2025-02-21,3245.531107782703,3294.177270429151,3240.676239472465,3284.468017578125,1706850.0
2025-02-24,3259.302704595859,3294.771956412763,3219.9695860296133,3227.598388671875,1512844.0
2025-02-25,3203.1265325672966,3218.929103489593,3176.7722243174926,3196.092041015625,2529084.0
2025-02-27,3208.0804058264525,3228.390982824428,3154.5793737342265,3179.84375,2572065.0
2025-02-28,3170.233491733098,3170.233491733098,3111.976762791947,3134.61572265625,2494680.0
2025-03-03,3136.696173009949,3197.1821116617484,3130.801200139797,3167.756591796875,1352460.0
2025-03-04,3141.7489535167992,3191.2373578011934,3138.52898412442,3183.311279296875,1442098.0
2025-03-05,3183.3114343410048,3215.0157499024463,3158.3939205833267,3209.715087890625,1945855.0
2025-03-06,3220.068579328378,3236.2673572122503,3185.292812983288,3229.77783203125,1854837.0
2025-03-07,3229.778007525388,3258.60921653258,3210.161155582477,3214.718505859375,930240.0
2025-03-10,3216.0065951851507,3216.303871528381,3139.7676702104354,3148.337646484375,1777752.0
2025-03-11,3141.006069962357,3174.7908364600885,3131.891127518692,3165.923583984375,1274649.0
2025-03-12,3175.3853579070405,3192.1786891920365,3123.9154314498933,3164.14013671875,1360149.0
2025-03-13,3172.6606881398275,3203.2750703502657,3148.6843484605674,3157.848876953125,1414376.0
2025-03-17,3160.523832416647,3210.1114098884045,3129.810277932348,3144.126708984375,2805790.0
2025-03-18,3144.126708984375,3144.126708984375,3144.126708984375,3144.126708984375,0.0
2025-03-19,3244.7385528309187,3295.8618585393383,3238.29861371843,3288.876953125,1616312.0
2025-03-20,3304.4318830508832,3327.863257411344,3246.62094741654,3320.0859375,2434722.0
2025-03-21,3325.980742840182,3423.07520599131,3301.954817009418,3384.385986328125,3042073.0
2025-03-24,3417.130688591747,3484.502357720259,3414.158409071372,3449.67724609375,1955564.0
2025-03-25,3472.613329841321,3492.4285271585327,3403.607001938025,3437.54052734375,4235900.0
2025-03-26,3440.90886101894,3464.4889931540906,3386.912450732291,3412.969482421875,2315715.0
2025-03-27,3428.029165516825,3495.4008369778494,3419.1123266469835,3469.244873046875,3467864.0
2025-03-28,3477.46799039738,3481.5302026409804,3440.463254176872,3460.03076171875,1348143.0
2025-04-01,3447.8442336234234,3469.244742861873,3398.3062417610176,3405.04345703125,1935147.0
2025-04-02,3401.2786115130666,3425.7999181355394,3376.5096149247106,3388.299560546875,1338839.0
2025-04-03,3368.583405418285,3431.001274401036,3361.648086642424,3388.547119140625,1200631.0
2025-04-04,3368.583496822648,3372.3484326372195,3207.3869172781106,3230.025634765625,2366979.0
2025-04-07,3020.8762544006017,3062.0423729831123,2937.900120111403,3040.146484375,4953864.0
2025-04-08,3096.0749989474543,3164.3878434209587,3064.122993226975,3131.89111328125,2877816.0
2025-04-09,3129.612366081837,3129.612366081837,3019.836122693588,3025.92919921875,4451381.0
2025-04-11,3085.2262697338097,3127.8289446209496,3071.5041486267314,3087.158203125,3979116.0
2025-04-15,3150.616209240261,3241.7661121490983,3146.752342718665,3227.499267578125,2161492.0
2025-04-16,3239.7846779044826,3246.5218931957247,3194.3088979868703,3197.87548828125,1578260.0
2025-04-17,3184.401255724522,3219.870264012315,3133.178779176769,3217.29443359375,3209331.0
2025-04-21,3219.4741882594,3259.59996287842,3195.299744255168,3250.187744140625,1643003.0
2025-04-22,3249.692330208996,3254.646129492851,3217.9880147923227,3227.697509765625,2060322.0
2025-04-23,3245.134741898812,3284.368929026597,3236.515179511797,3270.498291015625,2381699.0
2025-04-24,3276.442817054013,3276.442817054013,3249.692301160316,3270.10205078125,1993448.0
2025-04-25,3279.415180963702,3304.8776613332107,3200.2535638327017,3241.865478515625,2004819.0
2025-04-28,3229.876991956853,3319.8380313981165,3224.7250893036817,3296.55517578125,1689485.0
2025-04-29,3304.1841644644924,3345.201526303951,3284.3689670764,3291.6015625,1843861.0
2025-04-30,3293.28574464279,3323.999300023033,3272.777064104542,3310.128662109375,1930714.0
2025-05-02,3294.2765350756786,3343.715355344425,3294.2765350756786,3304.0849609375,1411889.0
2025-05-05,3319.045560576633,3319.045560576633,3270.201050666424,3299.428466796875,1947332.0
2025-05-06,3315.082477645096,3322.017796635985,3272.2817002496968,3303.193359375,1695516.0
2025-05-07,3301.211868113193,3308.939843432301,3253.7545673632976,3290.709716796875,2422707.0
2025-05-08,3279.514231203037,3334.897609303595,3269.30935651123,3293.1865234375,3204333.0
2025-05-09,3300.220950142965,3444.871883412516,3300.220950142965,3412.07763671875,5637694.0
2025-05-12,3480.539377919171,3569.509661461828,3457.751901206349,3554.0537109375,3147384.0
2025-05-13,3554.0535832199857,3572.67991624067,3512.243567130664,3534.040283203125,2374439.0
2025-05-14,3553.8556941113675,3583.578490549433,3534.0404964859904,3540.084228515625,2440116.0
2025-05-15,3560.7909933686897,3614.9855101940975,3510.2622397065293,3584.767333984375,3720879.0
2025-05-16,3608.3474817321217,3608.3474817321217,3566.7355667862817,3571.39208984375,1278520.0
2025-05-19,3571.3920131126943,3586.45151458307,3553.855611996377,3566.93359375,1519244.0
2025-05-20,3596.458221523366,3600.4212608859257,3523.1419933160023,3534.8330078125,1532347.0
2025-05-21,3532.7524049540325,3577.138495316908,3522.1513227673754,3555.837158203125,1563885.0
2025-05-22,3551.8741007307995,3558.809419755936,3504.2184546756093,3518.58447265625,1597159.0
2025-05-23,3537.012608179345,3598.043510721428,3518.3862749189907,3566.63623046875,1119217.0
2025-05-26,3582.389449835285,3638.565483947053,3575.0576819457824,3614.9853515625,1678934.0
2025-05-27,3614.985529384525,3631.134963821579,3569.7078512003136,3606.365966796875,2013954.0
2025-05-28,3626.181027495699,3629.153307026433,3586.5506337525767,3612.607666015625,1293244.0
2025-05-29,3630.044803373408,3634.998602467444,3584.569024444051,3621.5244140625,1972248.0
2025-05-30,3621.52450826291,3661.1549020460297,3620.7318520103017,3641.1416015625,2571304.0
2025-06-02,3641.1416782617343,3663.136498897733,3572.2838676131,3645.60009765625,1954517.0
2025-06-03,3655.0,3669.199951171875,3615.300048828125,3644.800048828125,2472483.0
2025-06-04,3645.0,3661.699951171875,3615.300048828125,3626.5,1086783.0
2025-06-05,3629.89990234375,3677.39990234375,3612.0,3642.60009765625,1466416.0
2025-06-06,3645.0,3667.0,3623.0,3656.300048828125,1172711.0
2025-06-09,3664.0,3708.89990234375,3662.199951171875,3678.89990234375,898170.0
2025-06-10,3704.0,3704.0,3667.199951171875,3679.800048828125,1454535.0
2025-06-11,3689.89990234375,3692.0,3656.10009765625,3684.800048828125,1265737.0
2025-06-12,3684.800048828125,3708.0,3585.0,3603.89990234375,2335718.0
2025-06-13,3501.199951171875,3596.0,3485.89990234375,3587.39990234375,1981445.0
2025-06-16,3575.5,3653.699951171875,3561.800048828125,3628.699951171875,1322630.0
2025-06-17,3622.0,3627.60009765625,3602.0,3622.300048828125,930603.0
2025-06-18,3622.0,3639.10009765625,3587.199951171875,3601.5,743311.0
2025-06-19,3607.0,3643.0,3591.10009765625,3621.10009765625,1580819.0
2025-06-20,3614.0,3669.89990234375,3614.0,3662.0,2575277.0
2025-06-23,3645.0,3660.0,3574.60009765625,3583.699951171875,1867977.0
2025-06-24,3637.10009765625,3684.0,3597.0,3604.800048828125,2751637.0
2025-06-25,3640.0,3642.0,3608.89990234375,3619.800048828125,1405262.0
2025-06-26,3620.10009765625,3669.0,3620.10009765625,3659.60009765625,2578926.0
2025-06-27,3665.0,3731.39990234375,3665.0,3679.199951171875,2720600.0
2025-06-30,3682.0,3717.5,3652.699951171875,3669.800048828125,1508882.0
2025-07-01,3669.800048828125,3678.89990234375,3645.0,3666.699951171875,1054380.0
2025-07-02,3666.60009765625,3674.199951171875,3583.89990234375,3596.800048828125,1330176.0
2025-07-03,3605.0,3625.0,3576.0,3582.89990234375,1229034.0
2025-07-04,3590.0,3600.0,3570.10009765625,3594.60009765625,696402.0
2025-07-07,3599.89990234375,3609.800048828125,3575.10009765625,3581.39990234375,719539.0
2025-07-08,3580.0,3614.0,3560.0,3606.39990234375,1513912.0
2025-07-09,3605.0,3605.10009765625,3568.199951171875,3579.699951171875,1008876.0
2025-07-10,3575.0,3589.89990234375,3569.0,3574.699951171875,1063910.0
2025-07-11,3575.0,3586.60009765625,3535.5,3540.60009765625,1439747.0
2025-07-14,3540.60009765625,3548.699951171875,3488.0,3495.89990234375,1358844.0
2025-07-15,3519.0,3521.0,3481.699951171875,3494.0,1585193.0
2025-07-16,3504.0,3516.0,3477.0,3503.800048828125,1266964.0
2025-07-17,3515.0,3515.0,3467.5,3474.0,2217275.0
2025-07-18,3489.0,3499.0,3450.0,3464.800048828125,1818696.0
2025-07-21,3467.60009765625,3508.10009765625,3444.89990234375,3502.800048828125,1521623.0
2025-07-22,3502.0,3507.60009765625,3454.10009765625,3464.60009765625,2586522.0
2025-07-23,3476.199951171875,3490.0,3458.60009765625,3484.89990234375,1192261.0
2025-07-24,3484.89990234375,3493.39990234375,3461.0,3477.5,1083671.0
2025-07-25,3470.0,3477.0,3437.39990234375,3442.89990234375,1338744.0
2025-07-28,3430.10009765625,3446.10009765625,3405.10009765625,3422.199951171875,2256080.0
2025-07-29,3418.0,3504.300048828125,3406.5,3495.60009765625,1241060.0
2025-07-30,3622.0,3685.300048828125,3590.0,3665.10009765625,8760659.0
2025-07-31,3625.0,3662.89990234375,3621.0,3636.5,1927627.0
2025-08-01,3636.0,3636.0,3578.10009765625,3587.300048828125,1205945.0
2025-08-04,3595.199951171875,3636.800048828125,3577.0,3631.10009765625,1033049.0
2025-08-05,3630.0,3657.699951171875,3608.300048828125,3652.60009765625,1158433.0
2025-08-06,3650.0,3671.0,3622.199951171875,3628.39990234375,931383.0
2025-08-07,3610.300048828125,3649.0,3599.199951171875,3641.60009765625,1211790.0
2025-08-08,3641.60009765625,3662.300048828125,3600.0,3607.60009765625,1337067.0
2025-08-11,3610.0,3676.89990234375,3600.0,3668.39990234375,1822410.0
2025-08-12,3680.0,3727.89990234375,3673.10009765625,3686.10009765625,2280103.0
2025-08-13,3696.0,3716.0,3681.300048828125,3693.699951171875,1227196.0
2025-08-14,3700.0,3708.5,3641.699951171875,3677.0,1769702.0
2025-08-18,3699.0,3701.5,3621.699951171875,3635.10009765625,1950151.0
2025-08-19,3648.89990234375,3654.0,3608.199951171875,3613.0,1352944.0
2025-08-20,3613.5,3619.89990234375,3580.0,3592.300048828125,1325096.0
2025-08-21,3599.0,3648.0,3588.0,3612.60009765625,1624009.0
2025-08-22,3610.0,3634.5,3582.0,3595.800048828125,1060447.0
2025-08-25,3616.0,3617.89990234375,3584.300048828125,3603.10009765625,980353.0
2025-08-26,3599.0,3600.0,3531.0,3552.0,1787131.0
2025-08-28,3540.0,3576.89990234375,3537.199951171875,3560.10009765625,1694804.0
2025-08-29,3575.60009765625,3615.0,3540.199951171875,3601.0,1677990.0
2025-09-01,3601.0,3628.60009765625,3581.89990234375,3598.39990234375,1093958.0
2025-09-02,3598.39990234375,3619.89990234375,3560.0,3574.89990234375,1230870.0
2025-09-03,3594.0,3606.300048828125,3560.0,3600.800048828125,1314722.0
2025-09-04,3622.89990234375,3624.89990234375,3572.5,3592.60009765625,1434720.0
2025-09-05,3592.800048828125,3609.10009765625,3549.10009765625,3553.60009765625,830071.0
2025-09-08,3570.0,3579.89990234375,3525.0,3529.60009765625,1039483.0
2025-09-09,3547.199951171875,3550.0,3516.39990234375,3525.0,1522015.0
2025-09-10,3559.0,3577.39990234375,3541.10009765625,3550.0,1136623.0
2025-09-11,3548.0,3564.699951171875,3533.0,3539.699951171875,1177503.0
2025-09-12,3556.39990234375,3595.39990234375,3548.10009765625,3579.800048828125,1146713.0
2025-09-15,3581.0,3607.0,3575.5,3586.199951171875,1176945.0
2025-09-16,3603.89990234375,3674.0,3593.10009765625,3667.800048828125,2927948.0
2025-09-17,3672.0,3704.0,3662.699951171875,3685.5,1610210.0
2025-09-18,3691.0,3700.0,3672.5,3686.0,1270121.0
2025-09-19,3679.0,3705.0,3671.0,3675.39990234375,2226766.0
2025-09-22,3693.60009765625,3693.60009765625,3633.89990234375,3644.5,839295.0
2025-09-23,3646.89990234375,3673.5,3613.199951171875,3657.60009765625,1261936.0
2025-09-24,3657.60009765625,3709.199951171875,3637.10009765625,3673.800048828125,1744879.0
2025-09-25,3684.0,3704.0,3635.699951171875,3644.39990234375,1999007.0
2025-09-26,3664.0,3794.89990234375,3661.0,3729.5,5869824.0
2025-09-29,3738.0,3740.0,3679.60009765625,3688.39990234375,2599487.0
2025-09-30,3695.0,3696.60009765625,3648.0,3659.0,1676143.0
2025-10-01,3658.89990234375,3688.0,3615.0,3685.0,2004887.0
2025-10-03,3690.0,3746.0,3666.300048828125,3733.10009765625,1958674.0
2025-10-06,3720.0,3767.0,3703.0,3737.0,1581314.0
2025-10-07,3748.0,3766.0,3725.0,3729.699951171875,1673392.0
2025-10-08,3730.0,3760.0,3715.0,3729.800048828125,1424422.0
2025-10-09,3735.5,3796.39990234375,3730.10009765625,3769.199951171875,1827050.0
2025-10-10,3765.0,3799.0,3760.0,3784.0,1129498.0
2025-10-13,3780.0,3784.0,3745.0,3769.5,1191237.0
2025-10-14,3775.0,3786.800048828125,3730.199951171875,3744.300048828125,1364547.0
2025-10-15,3747.0,3843.89990234375,3744.300048828125,3828.699951171875,2575030.0
2025-10-16,3830.300048828125,3885.89990234375,3830.0,3861.800048828125,2329962.0
2025-10-17,3860.0,3869.5,3830.10009765625,3839.39990234375,1336931.0
2025-10-20,3862.0,3887.60009765625,3845.39990234375,3872.699951171875,1223167.0
2025-10-21,3892.0,3895.0,3877.199951171875,3888.199951171875,260327.0
2025-10-23,3890.0,3966.199951171875,3890.0,3918.699951171875,2815336.0
2025-10-24,3929.300048828125,3939.89990234375,3897.5,3904.89990234375,1146195.0
2025-10-27,3912.0,3948.0,3907.0,3923.800048828125,1057437.0
2025-10-28,3922.10009765625,3986.0,3917.300048828125,3972.800048828125,3391501.0
2025-10-29,3988.0,4016.699951171875,3920.0,3958.10009765625,2563567.0
2025-10-30,3980.0,4062.60009765625,3975.60009765625,3987.5,4959104.0
2025-10-31,4001.10009765625,4045.89990234375,3980.199951171875,4030.89990234375,2327815.0
2025-11-03,4030.0,4041.0,3974.89990234375,3980.5,1153899.0
2025-11-04,3985.0,3990.0,3916.800048828125,3925.0,2042289.0
2025-11-06,3945.0,3978.0,3872.10009765625,3881.60009765625,1745848.0
2025-11-07,3877.10009765625,3892.89990234375,3831.10009765625,3882.5,1576523.0
2025-11-10,3895.0,3943.800048828125,3894.0,3918.5,1396995.0
2025-11-11,3929.0,3966.800048828125,3897.0,3955.0,1775223.0
2025-11-12,3970.0,3973.800048828125,3936.89990234375,3954.60009765625,981175.0
2025-11-13,3954.60009765625,4022.89990234375,3925.60009765625,4002.5,1834556.0
2025-11-14,4002.0,4011.5,3971.60009765625,4004.0,1916910.0
2025-11-17,4004.39990234375,4030.0,4000.10009765625,4027.699951171875,1205940.0
2025-11-18,4020.0,4026.800048828125,3978.89990234375,3999.60009765625,1748841.0
2025-11-19,4007.0,4026.5,3980.300048828125,4019.60009765625,922377.0
2025-11-20,4035.0,4048.0,4007.699951171875,4037.39990234375,1463519.0
2025-11-21,4026.0,4057.0,4015.199951171875,4024.89990234375,1241081.0
2025-11-24,4025.0,4038.0,4003.699951171875,4013.300048828125,1584567.0
2025-11-25,4013.0,4055.5,3981.60009765625,3996.699951171875,1749045.0
2025-11-26,3999.0,4074.60009765625,3998.0,4062.0,2057986.0
2025-11-27,4071.0,4140.0,4059.60009765625,4081.300048828125,2224827.0
2025-11-28,4085.0,4104.2001953125,4054.699951171875,4069.60009765625,1318047.0
2025-12-01,4087.0,4103.39990234375,4050.0,4073.199951171875,1251457.0
2025-12-02,4066.5,4088.60009765625,4023.800048828125,4030.5,1490872.0
2025-12-03,4032.0,4046.89990234375,3970.10009765625,3988.0,1123630.0
2025-12-04,3990.0,4009.199951171875,3961.699951171875,3983.60009765625,1026912.0
2025-12-05,3999.0,4048.0,3975.10009765625,4038.199951171875,1073405.0
2025-12-08,4047.0,4047.89990234375,3976.89990234375,3996.699951171875,1127713.0
2025-12-09,3990.0,4019.89990234375,3949.10009765625,3997.5,1788365.0
2025-12-10,4000.0,4030.0,3970.0,3991.300048828125,956975.0
2025-12-11,3993.199951171875,4015.0,3984.60009765625,4003.89990234375,841315.0
2025-12-12,4061.0,4114.0,4048.60009765625,4074.10009765625,2207824.0
2025-12-15,4072.800048828125,4096.0,4063.800048828125,4092.300048828125,1064792.0
2025-12-16,4083.699951171875,4103.7998046875,4051.199951171875,4063.800048828125,2198988.0
2025-12-17,4079.0,4079.0,4040.0,4062.39990234375,1087241.0
2025-12-18,4067.0,4071.800048828125,4023.39990234375,4031.10009765625,1004186.0
2025-12-19,4040.10009765625,4091.5,4040.10009765625,4073.5,1327790.0
2025-12-22,4081.0,4098.5,4068.5,4072.39990234375,764388.0
2025-12-23,4089.0,4095.0,4053.300048828125,4058.800048828125,1867087.0
2025-12-24,4065.0,4080.699951171875,4048.10009765625,4053.60009765625,1021400.0
2025-12-26,4052.0,4061.5,4030.199951171875,4047.300048828125,594313.0
2025-12-29,4053.0,4061.10009765625,4033.39990234375,4038.699951171875,952100.0
2025-12-30,4039.0,4063.89990234375,4006.199951171875,4052.0,1361959.0
2025-12-31,4058.0,4094.5,4048.0,4083.5,1159810.0
2026-01-01,4090.0,4146.7998046875,4088.300048828125,4140.39990234375,1360424.0
2026-01-02,4138.10009765625,4172.7001953125,4127.10009765625,4163.39990234375,983752.0
2026-01-05,4162.89990234375,4195.0,4132.7998046875,4150.39990234375,1167410.0
2026-01-06,4153.0,4185.0,4129.89990234375,4140.60009765625,1205298.0
2026-01-07,4106.0,4180.0,4094.0,4157.0,1213020.0
2026-01-08,4160.0,4169.89990234375,3991.300048828125,4028.39990234375,2328443.0
2026-01-09,4029.0,4094.0,4006.199951171875,4025.199951171875,1717934.0
2026-01-12,4026.0,4026.89990234375,3944.300048828125,4019.0,1386463.0
2026-01-13,4028.0,4028.0,3837.0,3887.39990234375,4978210.0
2026-01-14,3900.0,3904.89990234375,3856.60009765625,3868.0,1913983.0
2026-01-16,3890.0,3914.0,3848.699951171875,3856.39990234375,1807111.0
2026-01-19,3820.0,3878.39990234375,3808.5,3869.800048828125,1709329.0
2026-01-20,3858.0,3874.300048828125,3800.0,3810.5,1657950.0
2026-01-21,3800.0,3830.0,3722.0,3766.5,2536928.0
2026-01-22,3798.89990234375,3801.300048828125,3755.10009765625,3793.800048828125,1856730.0
2026-01-23,3798.0,3799.39990234375,3720.10009765625,3750.0,1898703.0
2026-01-27,3743.800048828125,3815.0,3739.0,3787.800048828125,2161071.0
2026-01-28,3804.300048828125,3828.199951171875,3769.10009765625,3794.0,2111208.0
2026-01-29,3860.0,3960.89990234375,3843.60009765625,3932.89990234375,4226251.0
2026-01-30,3902.5,3942.39990234375,3891.800048828125,3932.300048828125,2208028.0
2026-02-01,3902.5,4042.800048828125,3756.0,3814.0,2654576.0
2026-02-02,3830.699951171875,3934.800048828125,3825.0,3921.300048828125,3034493.0
2026-02-03,4117.0,4122.0,4030.60009765625,4038.800048828125,3741899.0
2026-02-04,4029.0,4107.0,4016.89990234375,4087.10009765625,1403286.0
2026-02-05,4088.0,4088.5,4035.89990234375,4063.300048828125,1433076.0
2026-02-06,4055.0,4078.0,4042.300048828125,4068.10009765625,1630750.0
2026-02-09,4073.89990234375,4124.7001953125,4062.39990234375,4113.60009765625,1830182.0
2026-02-10,4140.0,4174.60009765625,4122.39990234375,4169.0,1890261.0
2026-02-11,4172.89990234375,4187.7001953125,4140.2998046875,4170.39990234375,1689440.0
2026-02-12,4187.89990234375,4199.0,4160.89990234375,4185.89990234375,2006197.0
2026-02-13,4174.10009765625,4199.0,4134.10009765625,4173.89990234375,2234084.0
2026-02-16,4170.0,4206.0,4135.2998046875,4201.5,852362.0
2026-02-17,4210.10009765625,4287.0,4190.10009765625,4279.7998046875,1762901.0
2026-02-18,4290.5,4335.0,4261.10009765625,4325.89990234375,2042483.0
2026-02-19,4326.10009765625,4334.0,4261.89990234375,4280.5,2006513.0
2026-02-20,4267.10009765625,4390.0,4267.10009765625,4380.60009765625,2542225.0
2026-02-23,4395.60009765625,4431.60009765625,4371.7001953125,4418.10009765625,2122602.0
2026-02-24,4415.5,4440.0,4228.10009765625,4259.2001953125,3672480.0
2026-02-25,4270.0,4344.89990234375,4254.2001953125,4298.5,2481407.0
2026-02-26,4304.89990234375,4340.0,4278.2998046875,4286.5,2370107.0
2026-02-27,4288.89990234375,4304.7001953125,4254.39990234375,4278.2998046875,2357330.0
2026-03-02,4061.0,4141.39990234375,3975.39990234375,4066.699951171875,6540933.0
2026-03-04,3950.0,3959.0,3760.0,3882.60009765625,7633945.0
2026-03-05,3924.199951171875,4072.89990234375,3908.89990234375,4038.699951171875,4995811.0
2026-03-06,4015.0,4015.0,3941.0,3949.800048828125,2378218.0
2026-03-09,3850.0,3852.0,3743.0,3842.10009765625,4248291.0
2026-03-10,3936.0,3972.0,3851.0,3876.0,3328868.0
2026-03-11,3879.699951171875,3896.699951171875,3832.0,3838.800048828125,2065715.0
2026-03-12,3825.0,3830.0,3704.89990234375,3719.5,4253983.0
2026-03-13,3696.0,3697.0,3424.5,3439.0,10777943.0
2026-03-16,3453.5,3494.800048828125,3396.60009765625,3469.39990234375,8458728.0
2026-03-17,3478.0,3550.0,3450.0,3542.800048828125,5002950.0
2026-03-18,3569.0,3638.800048828125,3555.0,3607.89990234375,4189432.0
2026-03-19,3526.699951171875,3528.300048828125,3422.0,3434.5,4897582.0
2026-03-20,3475.0,3524.0,3410.0,3434.800048828125,4741686.0
2026-03-23,3405.10009765625,3409.89990234375,3288.10009765625,3342.39990234375,5645333.0
2026-03-24,3440.0,3547.10009765625,3390.5,3516.800048828125,6036528.0
2026-03-25,3569.89990234375,3660.0,3546.0,3649.300048828125,5089764.0
2026-03-27,3640.0,3640.0,3547.0,3564.10009765625,3990300.0
2026-03-30,3500.0,3543.60009765625,3491.10009765625,3504.10009765625,3545080.0
2026-04-01,3655.0,3682.89990234375,3597.300048828125,3607.5,4099234.0
2026-04-02,3539.300048828125,3629.0,3470.0,3613.10009765625,4121006.0
2026-04-06,3616.60009765625,3737.0,3577.0,3727.699951171875,3352882.0
2026-04-07,3680.0,3736.199951171875,3658.0,3723.300048828125,3083219.0
2026-04-08,3948.0,4032.0,3931.0,4005.89990234375,7367347.0
2026-04-09,3988.0,3988.0,3885.60009765625,3896.199951171875,4411941.0
2026-04-10,3932.0,3965.0,3915.60009765625,3959.89990234375,2821390.0
2026-04-13,3825.0,3971.699951171875,3815.60009765625,3954.300048828125,4896946.0
2026-04-15,4045.39990234375,4104.0,4031.10009765625,4076.300048828125,4562142.0
2026-04-16,4128.0,4149.0,4089.0,4119.7998046875,5092120.0
2026-04-17,4134.0,4142.89990234375,4072.800048828125,4096.10009765625,2795590.0
2026-04-20,4100.0,4130.0,4024.0,4051.0,3545024.0
2026-04-21,4039.0,4091.800048828125,4032.0,4075.39990234375,2426718.0
2026-04-22,4070.0,4070.0,4011.0,4021.10009765625,2178082.0
2026-04-23,4009.89990234375,4064.0,3978.5,4054.10009765625,2229134.0
2026-04-24,4072.0,4088.10009765625,3983.199951171875,4014.300048828125,2162213.0
2026-04-27,4058.0,4089.5,4030.199951171875,4053.60009765625,2000348.0
2026-04-28,4060.0,4087.89990234375,4023.89990234375,4037.699951171875,1750237.0
2026-04-29,4060.0,4126.0,4051.300048828125,4096.10009765625,2175030.0
2026-04-30,4083.0,4100.0,3990.0,4014.0,2569328.0
2026-05-01,4014.0,4014.0,4014.0,4014.0,0.0
2026-05-04,4026.0,4139.5,4026.0,4100.7998046875,2173027.0
2026-05-05,4085.0,4090.0,4024.0,4054.5,3849402.0
2026-05-06,3974.0,4021.0,3900.0,4008.5,9540104.0
2026-05-07,4028.0,4036.5,3991.0,4003.39990234375,1483761.0
