Date,Open,High,Low,Close,Volume
2020-01-01,506.2132114436203,511.057788102216,503.030939500056,509.7278747558594,2611808.0
2020-01-02,510.1078712912817,513.9075574833955,506.7831458731821,512.8151245117188,2776519.0
2020-01-03,511.9602344745744,512.0077189566775,503.8384167621711,506.0707092285156,1930883.0
2020-01-06,503.363517459379,503.45848643518383,494.4342305462513,498.2339172363281,2059404.0
2020-01-07,502.4135381174455,505.35827177279737,496.85646218390497,500.2762145996094,2111349.0
2020-01-08,494.8141674149584,500.0862205158008,493.0092932463117,498.3763732910156,1612378.0
2020-01-09,503.3160105777668,515.2850592849023,499.3738701452697,514.1451416015625,2897598.0
2020-01-10,516.8523078692426,520.1770333952717,512.2452114031901,519.2271118164062,2355888.0
2020-01-13,521.4119825733441,529.1063242406955,519.2271165391908,527.1589965820312,3442869.0
2020-01-14,527.1590356951157,535.5183346896702,527.1590356951157,534.3309326171875,2793249.0
2020-01-15,533.855881828653,542.4051753098947,528.8213094854209,541.2177734375,2564513.0
2020-01-16,540.7429285214821,541.2653738615278,535.8033240784825,539.0330810546875,2243200.0
2020-01-17,538.4155402867882,545.2549872628107,536.84820446597,540.7903442382812,2646260.0
2020-01-20,540.5055019339816,545.2551109140693,536.0883423910499,538.795654296875,1847978.0
2020-01-21,535.755833754275,536.6107864676709,522.5518990571813,525.11669921875,3101684.0
2020-01-22,525.7816179432783,528.6313828101796,521.5069706429265,525.8765869140625,1862669.0
2020-01-23,525.7816337726858,538.9855679116308,522.0294316559109,538.130615234375,2113303.0
2020-01-24,537.7505993187716,543.3551599997248,535.8507561019894,539.3179931640625,2284717.0
2020-01-27,536.7057743396293,553.3294045182904,534.8059308906394,549.3397216796875,3654906.0
2020-01-28,552.1418915461245,560.2162245837882,540.0303919896288,543.830078125,3689004.0
2020-01-29,548.5797193090619,551.6194799987915,543.4976619839642,548.8171997070312,1934080.0
2020-01-30,549.0546292886644,558.1263680557574,535.6132168161928,539.4129028320312,2901951.0
2020-01-31,542.2152872801274,548.1048133345587,536.9907180022417,538.7481079101562,2352196.0
2020-02-03,517.707313873093,537.4181886673438,508.3980930358693,530.7212524414062,3818209.0
2020-02-04,533.8559707911506,549.8146430197891,530.8162098955488,548.0098266601562,2793702.0
2020-02-05,551.1919539032316,560.3111771701617,548.4847008023451,555.0866088867188,3320830.0
2020-02-06,555.7041425210554,559.6463403987614,547.202332505566,551.0970458984375,2207104.0
2020-02-07,550.0046506195642,552.379454810495,533.1910253520509,540.6004028320312,4083215.0
2020-02-10,538.4155206957322,538.6055166006607,499.706217694891,501.9385681152344,9648880.0
2020-02-11,506.4982332544982,510.7728806615959,496.52405597127023,497.8064270019531,5404802.0
2020-02-12,500.2762503256765,507.5431160180989,497.6639658395488,504.4083862304688,3426829.0
2020-02-13,503.8859250533347,511.0578215481106,501.8435704188997,506.8781433105469,3392352.0
2020-02-14,508.4455923952063,510.0604708887758,494.5767586992744,496.8090515136719,3507540.0
2020-02-17,497.8539348114612,499.0888793920356,490.1595923096754,496.5715637207031,2652464.0
2020-02-18,494.4342233632353,498.61390185304566,488.3547015559871,496.9990234375,2868873.0
2020-02-19,501.70112013716016,503.1260025482528,495.6690831430332,500.0387573242188,1952880.0
2020-02-20,499.5638398896716,506.3082606962415,496.8090437976254,498.5663757324219,2077458.0
2020-02-24,495.85905398602256,495.85905398602256,485.5049147868575,487.499755859375,1911411.0
2020-02-25,489.7320754138208,493.4842773765065,480.7553335750509,483.4626159667969,2105613.0
2020-02-26,482.27522062596535,486.78734834488137,474.9608125174733,477.8105773925781,3058370.0
2020-02-27,478.7604616855053,478.7604616855053,463.1342405764369,468.7862854003906,6039260.0
2020-02-28,460.7119716779774,460.7119716779774,430.8844395156562,434.1616516113281,8613275.0
2020-03-02,430.8369324339855,448.7904739633462,422.09767105990704,435.34906005859375,9225488.0
2020-03-03,438.86383367543567,447.4131291366454,432.4518620795283,442.9010009765625,4582866.0
2020-03-04,442.71097798586527,453.1126317571458,434.5891593897153,450.88031005859375,5912943.0
2020-03-05,449.0279647683988,458.337185119137,445.5132431520731,455.2974243164063,4081050.0
2020-03-06,435.8715737074428,450.0254011052936,433.63925193576046,447.4131164550781,4502562.0
2020-03-09,430.8369559624844,442.37852728717377,418.9154507621422,440.0037231445313,4540694.0
2020-03-11,439.6712688863449,446.13072491296447,427.1798042086456,428.9846496582031,5104905.0
2020-03-12,406.47148511862633,414.11837211230016,379.6361973916089,402.14935302734375,9408350.0
2020-03-13,380.4436170584471,427.2272578577693,328.3404092739293,407.3739013671875,6230411.0
2020-03-16,399.9170145395468,407.1364248754144,369.3295258222714,372.1792907714844,3156508.0
2020-03-17,372.3692934314222,387.5680401020925,351.4235322716282,354.70074462890625,4526913.0
2020-03-18,360.02030828569,364.484951672819,322.1184399394909,329.0528564453125,6595508.0
2020-03-19,315.13657081894144,315.18405531527594,286.876396043166,298.4654541015625,10486153.0
2020-03-20,300.1752439254081,311.7642997486314,292.81335107597164,306.4447326660156,8819518.0
2020-03-23,284.0265987638404,288.68120946745927,266.548044637774,278.70703125,6001358.0
2020-03-24,284.9764855820893,294.38070380843686,251.15927016182,255.52891540527344,6690908.0
2020-03-25,250.2093219378557,273.9098753976857,233.11073462106413,263.9356994628906,9393732.0
2020-03-26,263.9357120430296,279.27693948562006,259.4235846193674,271.2026062011719,7557558.0
2020-03-27,282.1266959276183,289.72606820849694,266.73795546311726,279.7518920898437,9505126.0
2020-03-30,267.5929854236761,270.58523332676504,256.4788886529881,260.6585388183594,8942833.0
2020-03-31,269.6352866066919,272.8175301734798,263.88824279459794,270.6802062988281,6236559.0
2020-04-01,266.92795089091527,268.8277939577545,252.20416712291103,259.18609619140625,5980392.0
2020-04-03,260.27851903972805,275.47726467708446,257.76123259140223,266.6430053710937,6961905.0
2020-04-07,280.701890464141,307.5846656709039,278.08960552750347,304.9248962402344,10795407.0
2020-04-08,299.2253415579953,332.85256462093656,297.1355021799614,310.054443359375,8451195.0
2020-04-09,318.9362194009065,372.0368380691968,315.75397582197803,362.3001403808594,11027315.0
2020-04-13,360.970227678707,360.970227678707,337.2221863840552,344.6790771484375,7717484.0
2020-04-15,354.3682798493558,360.8752493153555,331.8076393941336,335.46484375,11300538.0
2020-04-16,325.918096963198,342.3992420257592,325.8230990081916,338.8370361328125,6155773.0
2020-04-17,352.1834321065413,352.1834321065413,337.7446122356483,345.01153564453125,6178483.0
2020-04-20,348.6212219328977,349.0486982421619,336.2722413194708,338.02960205078125,4834154.0
2020-04-21,331.5700824679042,331.5700824679042,307.2996001420508,315.4214172363281,8003757.0
2020-04-22,310.6243830775819,328.43541421735154,304.5448902464023,323.1633605957031,9071476.0
2020-04-23,321.0735225101169,332.14010410054766,314.9465161801028,330.0977783203125,6738333.0
2020-04-24,324.8731847152481,327.48546909526834,315.3739687879016,317.55877685546875,5754928.0
2020-04-27,320.64605705543244,326.15562028867663,311.7167989062617,313.7591247558594,5770537.0
2020-04-28,317.701307709331,321.07351797398536,312.0492622912845,319.1261901855469,4244512.0
2020-04-29,320.1235560274672,334.1823830940793,319.4111148790381,330.5726928710937,7748491.0
2020-04-30,337.83958986773564,349.5711266833672,337.2221466646613,348.2887268066406,7422465.0
2020-05-04,332.52007336887493,344.2516119458049,324.01829170394547,339.1695251464844,7125034.0
2020-05-05,345.5339739026831,362.68004678515575,343.34916586960503,349.713623046875,13401536.0
2020-05-06,352.8959078619005,373.3192241984573,340.3094454684411,367.7621765136719,7015473.0
2020-05-07,368.094656137004,383.2459187401734,365.8148498710496,380.5861206054688,12971483.0
2020-05-08,384.7182715450386,387.473038555771,361.6351868480596,367.334716796875,9444781.0
2020-05-11,369.0446030317152,381.868546766408,365.1024335333571,370.5644836425781,7658595.0
2020-05-12,369.4244999074237,375.4090233075471,361.1601994824525,373.3666687011719,4686856.0
2020-05-13,394.2174710535536,397.92215956197856,384.00581367084106,392.3651123046875,7361621.0
2020-05-14,381.39352425318623,387.0930538808802,376.16895542780014,380.3961181640625,4765875.0
2020-05-15,382.5809071204323,383.7208245846697,354.5107367039663,362.205078125,14226503.0
2020-05-18,362.96509648894926,364.2949811045065,348.85875309160366,358.3104858398437,7717665.0
2020-05-19,364.7699257511856,371.4193775226916,352.6109398218697,363.7250061035156,5950003.0
2020-05-20,363.7249886305424,392.9825924132492,360.6852567888936,384.7657470703125,10608175.0
2020-05-21,380.11117111036856,391.5577452495356,377.87884926668784,387.85302734375,6249309.0
2020-05-22,383.7683306781216,408.7987709150139,378.7337577377205,404.99908447265625,10016203.0
2020-05-26,405.6165183762899,413.4058869993791,400.5344320788663,407.6588439941406,5895376.0
2020-05-27,405.1415653294911,413.16841450325416,394.2174668505013,410.8410949707031,7591278.0
2020-05-28,407.9913492989792,421.7652132450448,402.6242977661325,418.3454895019531,7449375.0
2020-05-29,412.26599983760326,427.4647463753951,409.5112328254902,414.4983215332031,9539035.0
2020-06-01,419.7228887691393,446.9381383681932,419.39041039225776,438.0088806152344,9668047.0
2020-06-02,441.8085578075349,454.8699802761072,437.7713908627034,439.6712341308594,8520940.0
2020-06-03,446.4631838546601,467.9314193442565,443.1384580174445,460.8070068359375,9873294.0
2020-06-04,460.9969917561387,461.899428971447,445.8932424472737,454.4900512695313,5829493.0
2020-06-05,455.0124830883335,464.9391762044602,451.59275925473474,459.95208740234375,6265829.0
2020-06-08,461.1869767298365,469.403793483392,444.8008277111143,447.2706298828125,5955200.0
2020-06-09,450.0728700923274,458.62216501675215,440.0986926804985,454.7749938964844,7656301.0
2020-06-10,452.3051764076974,459.47710207735446,445.3707601338402,448.4104919433594,4849036.0
2020-06-11,448.3630505720431,455.96242431055225,445.9882462787589,450.7853393554688,4331683.0
2020-06-12,434.11419077852383,487.2148338048049,433.2592670978281,482.9876708984375,18368009.0
2020-06-15,479.8528720281078,494.8616501257401,473.7258953368104,482.70263671875,17605860.0
2020-06-16,491.20446875516456,493.0093431063456,476.1957180752034,481.372802734375,6712936.0
2020-06-17,479.6154778557616,479.6154778557616,467.8364541481674,472.6810607910156,9273745.0
2020-06-18,472.01606451401096,483.4151243726193,467.3614542029409,481.2303161621094,7114752.0
2020-06-19,481.230273950984,481.230273950984,471.541062325333,475.0082702636719,9811021.0
2020-06-22,476.62314113530897,477.0981019137199,469.3562470234837,473.77337646484375,5149581.0
2020-06-23,474.9608129258367,493.8642764717309,472.6810068216541,490.53955078125,9132472.0
2020-06-24,493.9592424652638,501.22616605066975,486.88231479960587,489.5420837402344,7568963.0
2020-06-25,484.3650343295199,490.4920114619632,478.14305923602086,481.8477478027344,5248401.0
2020-06-26,489.2096820578368,489.44716248602015,473.72596973600207,476.2907409667969,4079405.0
2020-06-29,469.3562904883396,485.36247600090377,468.3588553677258,482.0377502441406,4459947.0
2020-06-30,483.51009117746224,489.68458153631,481.70524594735264,485.1249694824219,5487685.0
2020-07-01,488.0222693909096,495.28919352803206,469.4987963921306,473.9634399414063,8990865.0
2020-07-02,481.1353284888528,505.3583312064554,479.1404871730708,503.1735229492188,16513522.0
2020-07-03,504.7883327097529,508.68298785670765,497.9488859831844,503.9333801269531,7982179.0
2020-07-06,506.9257092740077,544.8275481394085,506.9257092740077,541.977783203125,16728066.0
2020-07-07,536.7057238987514,539.5554888044085,524.0242932600236,531.9561157226562,9208254.0
2020-07-08,535.7557876275511,539.792954466943,521.5069634885205,523.644287109375,5172833.0
2020-07-09,526.2565337193919,536.0407139960702,520.604488954662,532.2410278320312,4123902.0
2020-07-10,527.4915022346222,540.4579564791657,524.3567722570699,527.0640258789062,5752443.0
2020-07-13,531.956113980318,532.431074796372,521.6969719492779,528.013916015625,3165043.0
2020-07-14,525.3066548581778,526.2090919911797,511.057830585352,517.8972778320312,3097258.0
2020-07-15,522.4569148285857,531.6711665585588,515.5699827694816,522.5994262695312,5671780.0
2020-07-16,521.8361751902418,548.071083449349,517.5908783901191,544.63671875,11751032.0
2020-07-17,545.6384946906423,564.050621733471,539.4852035353537,561.7133178710938,9124092.0
2020-07-20,561.8087121078162,570.10843729145,555.3692340138886,566.674072265625,5771917.0
2020-07-21,565.576940585028,570.013048690037,558.5650878795258,561.2362670898438,3850519.0
2020-07-22,561.5224401415829,583.845986443597,555.2260851473421,564.7660522460938,11559026.0
2020-07-23,563.7644079866568,580.9840381957588,557.611117118918,575.5939331054688,7605913.0
2020-07-24,566.7694171501411,573.3043294927402,562.9534303436029,571.1578369140625,3531702.0
2020-07-27,570.633213122177,572.3980839233363,560.9501222448697,567.0557250976562,3345182.0
2020-07-28,564.3844817383754,597.0111838368572,561.6656141582284,591.8118896484375,10289416.0
2020-07-29,591.4779761817067,596.1525834779496,573.3520382019447,577.02490234375,5182915.0
2020-07-30,578.1220117661628,586.5171712486525,568.8205437550736,570.8239135742188,4958267.0
2020-07-31,572.3026636086388,582.7488812566033,564.9091889254212,578.5513305664062,3962668.0
2020-08-03,581.938034523932,591.9550006919668,566.8648970784527,569.67919921875,5002825.0
2020-08-04,569.6791217825976,581.5563334712169,569.6791217825976,574.8783569335938,4889709.0
2020-08-05,578.0265830484502,591.4779122786936,575.450780494673,585.992431640625,3834812.0
2020-08-06,589.569975329644,589.569975329644,577.6927044724381,581.6041259765625,3857553.0
2020-08-07,582.0333027677191,588.1389043028336,571.157776456669,572.8272705078125,7679198.0
2020-08-10,577.1679630369013,611.3210308570891,577.1679630369013,599.968505859375,12341769.0
2020-08-11,601.0179942948537,611.1303372571308,593.7676417815998,600.5886840820312,5128836.0
2020-08-12,599.1098850997224,618.7621924346716,595.627774100805,605.7401733398438,8891590.0
2020-08-13,605.9309218681822,615.6139517519999,599.4914452636062,602.401123046875,5773589.0
2020-08-14,604.8338495834322,608.506713233976,579.600627651717,586.1832275390625,3622823.0
2020-08-17,599.1099010654923,602.9258876964826,585.5631368800093,594.9122924804688,5687622.0
2020-08-18,596.2479726016709,603.6414474619315,590.1423700712933,594.006103515625,3989439.0
2020-08-19,598.1559137575917,602.8305207445584,593.3859303942936,595.1985473632812,2762486.0
2020-08-20,591.4779622743791,594.3399524144164,581.9379951409213,583.8936767578125,3165784.0
2020-08-21,591.4779085859892,592.3842170268698,580.0299490649701,581.7471313476562,4191258.0
2020-08-24,584.7999522223357,587.3757548482273,573.3519923093372,574.25830078125,3707968.0
2020-08-25,577.1680693017241,584.2276689775093,573.829080471053,581.3179321289062,4248590.0
2020-08-26,584.8000355453797,596.7249954871697,582.4150435570218,585.1339111328125,5814785.0
2020-08-27,590.6670788668116,609.8900773954077,587.280344006989,607.4573974609375,7637436.0
2020-08-28,612.7044181998439,617.2359028031125,600.3978367231884,602.3535766601562,7809917.0
2020-08-31,607.6958667263375,611.0348550050536,574.4013603133484,578.9805908203125,5012805.0
2020-09-01,581.9380116673543,592.9566623739485,577.1680279651629,579.6007080078125,5572232.0
2020-09-02,580.030010210035,616.186509466366,574.3537180370183,613.181396484375,7887097.0
2020-09-03,611.0348481709715,625.821796097045,602.9258767276409,614.9939575195312,9194655.0
2020-09-04,600.0639740183384,619.9070953769739,597.4881710694525,602.9259643554688,5889085.0
2020-09-07,603.2121778383673,604.6908612643832,577.4542636899195,582.3673706054688,9387992.0
2020-09-08,582.8919712791769,595.7709264547398,577.4541785595832,580.6023559570312,6825892.0
2020-09-09,578.8851581543508,588.6159356731832,569.9176245407875,585.6585693359375,6589023.0
2020-09-10,591.000942973063,595.1985516539596,584.7045881790546,587.1372680664062,4699612.0
2020-09-11,586.6125527428184,593.2905291717713,583.9413155893703,585.992431640625,2837723.0
2020-09-14,586.7078922634738,600.4454662025262,583.7505261787688,586.9940795898438,4918699.0
2020-09-15,590.7624785028801,595.2939629968465,583.7983139786734,585.2293090820312,3805649.0
2020-09-16,587.6620276003558,619.9071077290624,587.6620276003558,610.0332641601562,18993356.0
2020-09-17,601.9719573739202,613.8969169098536,598.7760915092266,607.505126953125,6363964.0
2020-09-18,610.5578696114072,629.0654283249373,605.3585761075303,624.0569458007812,13518207.0
2020-09-21,626.7758847351906,635.9342305362746,587.1373301542556,593.8153076171875,9301954.0
2020-09-22,593.8152314379455,595.5324137769375,575.2599847937418,587.4711303710938,5369370.0
2020-09-23,593.4336770869791,594.6738612382347,575.4985495182846,584.4183959960938,4116481.0
2020-09-24,577.1679548329212,578.5035733912363,541.3930815994756,548.6434326171875,8991885.0
2020-09-25,557.0387085753003,568.0573590552555,550.0744859314736,565.05224609375,5415792.0
2020-09-28,567.6280389109165,589.5699631041116,565.8154218822826,586.9464721679688,5494528.0
2020-09-29,586.946465266249,597.6789280606339,575.3553821573784,584.9907836914062,5747565.0
2020-09-30,587.6142933242588,594.3399585776228,577.6927041116422,579.9346313476562,4990827.0
2020-10-01,586.4218505966905,593.2906392723348,580.1731831383194,582.0811767578125,3842191.0
2020-10-05,586.7080241019486,587.9005200858957,569.6314583208897,579.0760498046875,5977261.0
2020-10-06,583.4643425884494,603.8798947051177,580.9839745267246,598.5375366210938,9071955.0
2020-10-07,600.922502793035,607.6004792282068,596.2478959974814,602.5442504882812,6086867.0
2020-10-08,604.97705078125,611.4642169122295,598.7283256058885,604.97705078125,4683786.0
2020-10-09,604.9769871563287,617.6651307098051,599.3960719256567,604.0706787109375,4972397.0
2020-10-12,608.5545035059814,610.2716858789921,601.0179064672826,605.2155151367188,3247640.0
2020-10-13,605.1678199071384,612.4659183938899,595.6278523309096,599.0145874023438,3769222.0
2020-10-14,594.7215659380597,598.9191164807194,587.9481544331705,595.1508178710938,2776984.0
2020-10-15,592.3843333419793,603.879983306049,585.8494202291959,588.9022216796875,3794955.0
2020-10-16,589.0929674604607,595.2462578753534,574.353706669626,578.7421264648438,4274910.0
2020-10-19,584.5138440943906,586.2310266686186,567.8189002917856,569.9653930664062,3646287.0
2020-10-20,569.9176340693629,580.983972152767,563.1442227745301,574.5444946289062,4377671.0
2020-10-21,578.9805886033787,582.7011405918727,564.9568262410014,573.2088623046875,3684706.0
2020-10-22,572.207178454789,579.028277786431,566.7693859097363,576.5478515625,3818694.0
2020-10-23,581.6994799734596,599.1099195134606,577.501871259182,596.3910522460938,6421723.0
2020-10-26,596.2002979991263,597.0588601628381,567.2464608532105,569.67919921875,4800537.0
2020-10-27,572.7796887469513,577.1680506343915,566.1970876884485,569.67919921875,5712121.0
2020-10-28,571.444071028088,584.8000259436026,566.8648981310944,576.357177734375,6811118.0
2020-10-29,570.6808634341296,576.3571557017016,563.0965776801362,564.7183837890625,3680773.0
2020-10-30,565.2907653259057,574.0675471142085,559.8052839866341,566.674072265625,4209087.0
2020-11-02,564.7660248648251,572.3026217983811,561.9040348739561,568.6296997070312,4085120.0
2020-11-03,571.7301624850309,577.5972649865473,566.6739920465801,568.3911743164062,3669816.0
2020-11-04,570.299150399502,575.8800653927141,564.7659818177002,569.3451538085938,2475177.0
2020-11-05,575.5462359847436,579.4576576529302,571.6825607366227,574.4014282226562,3794240.0
2020-11-06,575.2599733697316,590.8101069413902,574.0197893843847,585.372314453125,5908936.0
2020-11-09,592.4319576070296,593.3859543181521,582.128804772375,587.995849609375,3819808.0
2020-11-10,593.3859795470452,598.8237726771084,582.8920152785283,591.4302978515625,7876161.0
2020-11-11,596.2478946871751,614.8985171875232,593.529027578335,604.0706787109375,7561527.0
2020-11-12,603.9275644996754,624.2954278077667,600.5408880552359,603.5936889648438,6913788.0
2020-11-13,604.786176990133,609.5561601539839,599.1575735658554,600.874755859375,4107823.0
2020-11-14,605.3108989932172,605.3108989932172,600.8747910997316,602.3057861328125,295788.0
2020-11-17,609.6039426077016,616.2819200697578,604.500083124067,607.9344482421875,6173551.0
2020-11-18,607.8867378675723,677.2900011014989,607.6959268730075,673.283203125,32986476.0
2020-11-19,666.8437033554508,694.8912300493192,660.4519137236003,671.518310546875,15336768.0
2020-11-20,677.3376346232085,685.4942944932743,665.3172998912521,682.6799926757812,6730897.0
2020-11-23,683.4433471679824,687.5932100563648,666.8437791597628,672.9970703125,4484068.0
2020-11-24,677.3376720863421,711.2045556906593,673.7601843816608,695.7974853515625,16121626.0
2020-11-25,698.3256049830527,699.2319135202335,683.0616573331499,686.8299560546875,5423034.0
2020-11-26,688.7856544175211,702.9047946908607,686.8776609149794,694.9866333007812,6798860.0
2020-11-27,703.0002192120968,708.7718878289752,678.291680417893,688.78564453125,11302666.0
2020-12-01,702.5231685155553,702.618544891273,675.4773280833392,700.7582397460938,5710611.0
2020-12-02,700.2335728682524,723.1294935069964,696.9422726309655,718.931884765625,6337698.0
2020-12-03,715.5451887619631,721.5553561213181,709.4873332147037,711.5383911132812,2957787.0
2020-12-04,714.638970843491,729.2828564806891,709.010424728778,716.0222778320312,5356456.0
2020-12-07,715.4975914924958,721.0784494152,709.82129895452,717.6917724609375,3525945.0
2020-12-08,718.693416429481,728.8535049398002,709.3442600796478,719.3135375976562,4333519.0
2020-12-09,721.9846995248552,727.8518025907607,715.6883445207005,720.2675170898438,3213975.0
2020-12-10,710.7275769288361,720.2198562124813,697.419310654969,702.2847290039062,3814006.0
2020-12-11,704.9081583030007,712.3493206365486,688.880967766331,694.0802612304688,4197494.0
2020-12-14,697.9916559903397,703.4771365999503,677.3376057084379,678.9594116210938,4183639.0
2020-12-15,677.3375903359829,686.877556397053,668.7516208810197,684.921875,5495877.0
2020-12-16,703.1908796482857,711.9199719419236,692.7923515104245,698.27783203125,11262389.0
2020-12-17,701.2829585058614,704.4788824220212,691.9814905797034,697.0377197265625,3630553.0
2020-12-18,692.697074560501,704.0019719256917,689.3103974614824,699.85205078125,6671658.0
2020-12-21,695.463588941866,696.4175856345161,629.876316322177,654.39404296875,9130116.0
2020-12-22,657.1128991892853,667.1775524818357,636.601970642614,663.0753784179688,7305751.0
2020-12-23,661.1197371653747,682.1076653293549,656.5882526754244,678.7686767578125,4383472.0
2020-12-24,679.7226605179909,689.3103158735138,667.8930779422511,678.1962890625,3373695.0
2020-12-28,682.4892544299815,685.732808235364,674.7618463146217,678.2439575195312,2484872.0
2020-12-29,681.6306637505377,684.015655576117,671.6136980831051,674.5233764648438,2808820.0
2020-12-30,677.3376341649172,690.9797748695322,671.9475297006987,687.54541015625,3219036.0
2020-12-31,686.6391382870685,692.1723076100828,680.6766587951697,687.4500122070312,3723205.0
2021-01-01,691.6475958715253,710.4890303797496,689.7396025036038,698.7548828125,9543128.0
2021-01-04,701.1875257368583,716.4514718753478,693.7940518260275,714.6388549804688,4547027.0
2021-01-05,713.5895145210237,713.5895145210237,696.4175743320151,706.0529174804688,3551554.0
2021-01-06,706.9116684198071,712.1109629166773,696.8470132611889,702.237060546875,3601608.0
2021-01-07,708.819532725223,720.2674928769089,706.0529190642976,710.1551513671875,4063641.0
2021-01-08,715.4975707928597,737.2486852994945,710.727586987574,735.0545043945312,5998381.0
2021-01-11,737.4871318139939,754.9930060654226,728.0902876796966,752.7987670898438,6643610.0
2021-01-12,753.6098294697862,760.0969964574016,741.637180549783,743.9744262695312,5532160.0
2021-01-13,748.5057495216703,798.9721956800356,746.2638806814423,790.2431030273438,19610461.0
2021-01-14,790.7679270808817,805.0301318702961,789.2891855407822,791.721923828125,8576718.0
2021-01-15,789.9092695842312,799.4492366081953,777.8411880079814,781.9434204101562,4996951.0
2021-01-18,780.2739807667098,783.0405364607971,760.478547807152,771.7833862304688,3955069.0
2021-01-19,772.7373193522124,781.8956642906371,764.6760356715274,770.8770141601562,3991167.0
2021-01-20,769.8753098024608,793.6775382751539,765.1053264703514,786.5702514648438,4502291.0
2021-01-21,785.1393852670459,796.5873471421426,763.4836457411857,771.0679321289062,4455107.0
2021-01-22,770.829365920887,788.6691166043755,758.4274083008728,761.6710205078125,5588252.0
2021-01-25,765.2007717447018,775.5516714437751,748.1719530067314,757.9981079101562,3353172.0
2021-01-27,760.3353215703288,779.4152543575391,728.2810577787492,734.5297241210938,6585102.0
2021-01-28,723.1295180376839,742.3048289321802,721.3169009680257,729.8074951171875,4622634.0
2021-01-29,737.0101417558502,763.1496747266716,711.6815409195302,715.1159057617188,8761073.0
2021-02-01,718.3595694049113,771.640265836769,707.4362947186909,758.570556640625,6592083.0
2021-02-02,772.7373018701708,798.8768338910343,765.6777032288177,779.2721557617188,5334431.0
2021-02-03,783.2313449952088,819.3878457225869,780.3693546968098,794.8701171875,8802838.0
2021-02-04,796.587227162638,852.4437210864791,796.587227162638,826.6381225585938,14706560.0
2021-02-05,839.4217808749515,841.1389634147897,802.5020942453925,825.6842041015625,15668083.0
2021-02-08,850.0111107780168,908.2526011673384,850.0111107780168,885.6906127929688,21179625.0
2021-02-09,886.7399751290262,895.8029442131852,844.4779309399426,853.8270874023438,9210613.0
2021-02-10,857.6430566811379,874.8149977492807,845.3364756246997,872.0961303710938,6465767.0
2021-02-11,874.2903525984487,877.7247176837799,860.8389631883275,872.1438598632812,3640848.0
2021-02-12,873.8610104756362,876.2936905078024,863.3670463760379,866.7537231445312,2484145.0
2021-02-15,868.9956051982625,877.6769517562208,856.9275238206798,869.90185546875,4178613.0
2021-02-16,872.9070802988327,879.3465587600537,860.6004981708951,870.2359008789062,4223635.0
2021-02-17,863.3670349188866,877.8201085733814,862.985412938484,872.8593139648438,3903522.0
2021-02-18,872.8593007020817,872.8593007020817,850.6311890238495,853.3023681640625,4616205.0
2021-02-19,849.0571007228284,863.9871730320929,823.1560658761341,838.8016357421875,5171996.0
2021-02-22,839.5171201029876,841.902111921462,794.7746502974722,798.5906372070312,5960870.0
2021-02-23,803.3606110914642,817.5274972576246,781.418686627867,802.2635498046875,7348084.0
2021-02-24,802.4066525300459,816.5258511772508,801.3572793836944,810.515625,3184114.0
2021-02-25,813.8546111674522,826.733567403753,803.3129586343186,819.4832153320312,6134649.0
2021-02-26,809.0369069784135,817.2413137091278,761.7663811345666,769.302978515625,12073749.0
2021-03-01,783.2312466328995,813.4729519668717,778.6520743760059,781.7525634765625,9223619.0
2021-03-02,794.631575589668,828.0691488127329,782.3249946723682,820.48486328125,9706013.0
2021-03-03,827.0674177934814,828.0691026431472,808.0828609281249,812.8528442382812,5028771.0
2021-03-04,803.1221105371203,818.8153681307634,796.3964453476557,806.36572265625,4574138.0
2021-03-05,801.3572696108116,821.1527021636977,799.7831516831397,801.7388916015625,5179108.0
2021-03-08,808.9415179830828,817.90905207737,801.3572325297445,811.8511962890625,3474579.0
2021-03-09,813.759233573233,825.8750040304012,803.2652692481386,812.8052368164062,3536262.0
2021-03-10,817.0028369424333,834.7471531352872,809.9432377278387,824.0623779296875,3971353.0
2021-03-12,829.5001872491296,835.8919772207269,805.3163925449363,816.430419921875,4012449.0
2021-03-15,822.3451899397527,822.3451899397527,786.0933138171185,805.5548706054688,3069303.0
2021-03-16,812.8051424066789,817.0981273137564,801.3571826544721,804.0760498046875,2996797.0
2021-03-17,808.6076009877472,812.1850887072435,795.3470814438845,798.4475708007812,2034583.0
2021-03-18,803.2652032857144,820.9618300261735,795.6332298578216,806.747314453125,5033325.0
2021-03-19,801.3095074540106,820.4371288711798,782.8019489304011,811.183349609375,7538327.0
2021-03-22,810.7063954469027,819.8170524149112,793.8683883908601,813.806884765625,2906300.0
2021-03-23,820.3894728076277,825.2071444912712,802.7882220686759,805.7933349609375,3925212.0
2021-03-24,797.7797314505862,806.1272024822066,771.4016996997306,774.0729370117188,4066262.0
2021-03-25,774.4546097380515,776.5534143954001,751.8448733736992,755.279296875,4501404.0
2021-03-26,763.0542688776122,777.1734672055547,755.7085405645691,762.5772705078125,4170972.0
2021-03-30,768.4920834380923,768.4920834380923,746.9794680037589,758.4274291992188,5670999.0
2021-03-31,758.5227707553794,768.68285914076,753.7527871429638,758.6658935546875,3972382.0
2021-04-01,764.6283970078564,772.5465584068863,743.878967644262,770.44775390625,5678798.0
2021-04-05,771.1155188205283,771.5925171692021,733.8619594345754,738.82275390625,4176802.0
2021-04-06,747.933484101869,755.1838364221232,739.3475129833527,745.1668701171875,2984229.0
2021-04-07,745.3576512483831,761.8617834248319,739.7291053437872,759.6676025390625,2271095.0
2021-04-08,765.105411238697,773.6913821877597,756.5194402896343,758.570556640625,3324494.0
2021-04-09,758.4273806256067,764.1513608567433,748.8874135737123,754.7545166015625,2065092.0
2021-04-12,743.1634373668028,743.1634373668028,704.574258787462,716.9285278320312,4628388.0
2021-04-13,719.3135561621244,779.4153519687741,716.2607548883819,773.9298706054688,12501628.0
2021-04-15,767.9673067309702,771.6879169737686,749.0304964335692,768.0626831054688,5256004.0
2021-04-16,768.0627478870705,799.3061409513851,766.2501890273767,783.8514404296875,6915568.0
2021-04-19,748.9827971344165,769.8753484693148,748.9827971344165,758.3796997070312,4317341.0
2021-04-20,770.8293596587239,783.4221281699037,763.7220723579868,773.83447265625,4830957.0
2021-04-22,758.4273369110808,767.8241806246427,749.364368734156,762.9111328125,4576665.0
2021-04-23,759.3813921162258,768.5397373734256,738.4888405748563,742.1140747070312,4796085.0
2021-04-26,744.1174230386171,756.8055674526543,739.9675607010674,744.5944213867188,3528851.0
2021-04-27,745.071432615198,751.7017214138995,741.255445764416,742.591064453125,3624649.0
2021-04-28,749.8413989592261,764.7237240445812,743.0202993291583,746.1207885742188,5214319.0
2021-04-29,751.7494614707093,755.6131367782311,733.2419006765595,738.9658813476562,3642323.0
2021-04-30,733.0511201191923,742.5910875427771,715.9268669483895,717.9302368164062,4466148.0
2021-05-03,710.6321668055435,731.2861604731028,706.0052478631725,718.3118286132812,3749870.0
2021-05-04,724.0835055450045,727.6133050304148,697.4669739474741,707.0546875,3820769.0
2021-05-05,708.9626667660108,714.5435241375656,703.4294393563735,713.1602172851562,3102424.0
2021-05-06,716.928514025101,724.5604875609637,711.8246550139277,713.0171508789062,3662506.0
2021-05-07,717.4055341403166,736.4854685589421,716.4515374193853,732.0971069335938,4833670.0
2021-05-10,736.4854689876579,747.742618655732,733.2896032616134,744.5467529296875,2095644.0
2021-05-11,734.5774117695917,743.831190810078,730.9522361881436,740.3013916015625,2938331.0
2021-05-12,736.0084307971648,736.199241776604,720.4106085358844,724.7512817382812,3480378.0
2021-05-14,727.9948551392162,728.5672880929926,702.1415679787593,707.3885498046875,4984389.0
2021-05-17,705.9576323429392,721.2215811503542,701.569270351745,718.88427734375,3479938.0
2021-05-18,725.9914253143403,763.1496051805605,719.3134489973884,761.0031127929688,8634396.0
2021-05-19,757.4734372242754,757.4734372242754,742.2094888671111,748.6966552734375,4360320.0
2021-05-20,747.9811032223546,772.3080191449736,746.0254216269841,766.2978515625,10092542.0
2021-05-21,767.0133120658666,783.2312552314384,763.9128229312719,781.2755737304688,5721630.0
2021-05-24,783.7083283224224,786.0933201919368,769.8753754792391,772.7373657226562,3495533.0
2021-05-25,781.9434666706252,789.9093163159669,771.1632567139087,773.9298706054688,5044078.0
2021-05-26,778.4613245446277,788.0012917571845,775.5993343808607,783.422119140625,3084558.0
2021-05-27,787.3334510088387,792.7712437486106,779.3199138062655,790.4816284179688,6902630.0
2021-05-28,790.8632887505244,813.7592102583803,773.2143492548854,806.9381103515625,11638455.0
2021-05-31,786.0933132680434,786.0933132680434,753.6574241283425,770.7816772460938,17596018.0
2021-06-01,775.5993089999644,780.3692924501486,763.4358512019944,769.20751953125,7230033.0
2021-06-02,769.2075590001502,774.6453520578469,765.3915720442003,769.1121826171875,4244490.0
2021-06-03,774.6452318266782,775.7900393812479,761.384655921964,765.1529541015625,5001405.0
2021-06-04,776.5532853012077,776.5532853012077,766.1546983618913,767.585693359375,5084092.0
2021-06-07,770.7339725515358,774.4068366286574,765.6777433590927,766.8702392578125,2994862.0
2021-06-08,767.1087306021006,772.7373344775017,760.8123756121082,770.6862182617188,2960405.0
2021-06-09,770.8293647647375,779.176836227227,764.151387594746,767.4426879882812,4176767.0
2021-06-10,770.8293827072531,773.6436847970115,766.1070870959421,769.8276977539062,2264605.0
2021-06-11,771.7833862304688,778.3182408081088,768.4443975384951,771.7833862304688,1783272.0
2021-06-14,771.7833096648407,772.2603080020872,757.4733595474456,770.3046264648438,1598770.0
2021-06-15,770.2092374846832,776.07634067129,768.9213651887644,771.4017333984375,1640381.0
2021-06-16,771.5925706469399,784.0422167647207,764.7237823045065,769.0645141601562,3863280.0
2021-06-17,765.1053324969059,772.6419295119371,756.0900522827408,768.6351318359375,1988175.0
2021-06-18,768.9214249372213,771.7357271578326,737.534906757407,745.59619140625,5793496.0
2021-06-21,740.3014307926438,743.0202980658315,727.2793526945962,741.1123046875,3024852.0
2021-06-22,744.2128180349036,753.2280986850236,737.1532772427962,739.5382690429688,2925669.0
2021-06-23,745.9300950102688,749.8414584619453,739.3474940305441,745.977783203125,2700327.0
2021-06-24,746.9794738257613,757.4734383367233,743.1634867308659,755.3746337890625,3251137.0
2021-06-25,756.7102291265822,765.0100124463894,753.6574278997482,757.7119140625,1763201.0
2021-06-28,758.4273940088168,762.2433808969115,752.9419128571807,756.9963989257812,1409432.0
2021-06-29,752.7034593253303,755.5654496649704,743.5451135294192,745.6438598632812,3167773.0
2021-06-30,748.7920670048842,753.0850523491481,739.7767861364619,741.9232788085938,2393862.0
2021-07-01,742.209466513825,762.0048989433388,739.2520998996288,743.5927734375,5697553.0
2021-07-02,749.841451622891,751.0816357625497,741.2554808027816,746.5978393554688,1963778.0
2021-07-05,749.8414837397872,756.9964597296707,748.4104885418105,755.3269653320312,1320469.0
2021-07-06,754.2297785380116,758.427387369103,742.87725258172,745.9300537109375,1420179.0
2021-07-07,742.0186228910109,745.9300443041421,733.1941534008303,743.0680541992188,3004815.0
2021-07-08,742.1616618120008,751.367694006018,735.5313738394475,740.5398559570312,2010027.0
2021-07-09,736.4854014393554,740.3013879753107,731.7154182694114,736.0560913085938,1658120.0
2021-07-12,740.3014385769999,745.0714220729857,733.1464633330212,737.2963256835938,2681410.0
2021-07-13,742.1140493280168,746.2162234544473,738.0595633906757,745.2145385742188,2189466.0
2021-07-14,744.1173943241305,750.7953709398598,741.3030925334632,749.9844970703125,2067565.0
2021-07-15,753.4576076849042,756.3035860973896,747.8621596348506,752.3964233398438,2109663.0
2021-07-16,756.3517619381535,756.3517619381535,749.1162540114492,752.2998657226562,845054.0
2021-07-19,748.4409790039062,753.1682013902291,742.8455309370281,748.4409790039062,1265906.0
2021-07-20,747.6692330549765,748.3445589775058,725.8179732067977,733.3911743164062,2179910.0
2021-07-22,737.2500426421688,740.0477370815927,729.0015752720209,731.7028198242188,2182264.0
2021-07-23,731.7510630236299,740.7713063647699,731.5098794168323,737.2500610351562,1179241.0
2021-07-26,736.0923589048499,737.1535432086382,725.962647543774,727.6991577148438,1187498.0
2021-07-27,729.339176269747,733.1981137103277,716.459996114894,719.2576904296875,1732564.0
2021-07-28,724.2261094440148,724.2261094440148,699.0947906700877,703.001953125,4016758.0
2021-07-29,704.2561525597674,712.7940289383978,700.4936646299909,705.655029296875,2489035.0
2021-07-30,709.2727980138591,733.1982012246457,706.0409021919871,716.8941650390625,4642619.0
2021-08-02,723.55078157945,732.2816159006327,718.3411923989926,730.979248046875,2260861.0
2021-08-03,736.4782423510429,745.4502602245148,728.8568172673004,743.6654663085938,3235393.0
2021-08-04,745.739740836562,748.4409855598143,737.5877228374194,739.227783203125,2659372.0
2021-08-05,738.9865522510306,739.3241857387904,730.0145340851003,732.571044921875,1451370.0
2021-08-06,736.8640905683667,745.0643326080783,728.3744399979136,731.5098266601562,4471604.0
2021-08-09,735.1275887959318,754.4222761659038,734.6452216116825,747.6209106445312,6700633.0
2021-08-10,749.5504955556538,761.9473105591793,747.8139851997541,758.5707397460938,4724852.0
2021-08-11,758.5706665727344,762.09197077694,740.4336711599525,751.2387084960938,3147983.0
2021-08-12,753.457556544605,766.626204485442,746.4632322360924,748.8268432617188,3551026.0
2021-08-13,755.338837013061,761.6578357803572,745.3538002897302,751.1904907226562,3391864.0
2021-08-16,752.8787380593625,775.5982210632179,752.73400434844,771.1121826171875,7131928.0
2021-08-17,771.0639651930175,775.5982286259973,754.4222968794991,762.7672729492188,3835522.0
2021-08-18,765.9026858151335,768.8933389883505,759.1495448202547,763.4425659179688,2450964.0
2021-08-20,760.9824815403931,763.4425424793144,748.8750766192592,757.943603515625,3050982.0
2021-08-23,762.1402133449193,765.4685589645513,736.7194842123879,738.89013671875,2512960.0
2021-08-24,739.951317297307,752.3964151569589,734.7417277554255,750.7081298828125,1662376.0
2021-08-25,753.4093408586155,755.387034600503,743.3760795534922,744.8231811523438,1693443.0
2021-08-26,743.8101840287233,755.2905463495665,740.192430215354,753.8434448242188,2576883.0
2021-08-27,752.3963922704575,757.3165142237933,738.0218259633144,747.8139038085938,2907125.0
2021-08-30,756.3036006522686,766.1439040373747,755.3870911278685,763.6355590820312,3028708.0
2021-08-31,760.2107715627101,767.735688743259,753.7470387589198,765.3238525390625,3324467.0
2021-09-01,765.3237097315997,774.1992770834281,741.7842281006822,742.7489624023438,6031309.0
2021-09-02,745.5949129300396,746.8491146812603,723.5507567604881,725.9143676757812,4879865.0
2021-09-03,729.3392634858064,730.3039979613168,718.8236341496561,723.4544067382812,4257842.0
2021-09-06,726.4450155525423,733.0051978075493,720.7048339983927,728.13330078125,3682183.0
2021-09-07,728.4709116439636,731.943990764758,721.7177709389189,726.5414428710938,2273976.0
2021-09-08,729.3392188017556,731.0757289747404,722.5860778869245,728.13330078125,2380939.0
2021-09-09,723.5507412509365,729.821514341778,721.1871303863081,724.2742919921875,3313559.0
2021-09-13,726.9273403693841,726.9273403693841,714.2410599803902,719.2576904296875,3139833.0
2021-09-14,718.5341849875522,726.0108767503365,718.3895101540312,723.7437744140625,3089381.0
2021-09-15,725.4802940745216,733.1981695433994,720.174254689668,728.470947265625,3336656.0
2021-09-16,733.0534930862179,734.1629613246197,724.8532497599903,730.2557983398438,2686018.0
2021-09-17,731.4616671156444,738.9865840012548,722.7308321752018,727.5545043945312,5504398.0
2021-09-20,722.9719256642861,729.8215158088128,706.378483521701,712.0221557617188,2933375.0
2021-09-21,713.9999185484421,714.7717531883012,703.8219822244973,712.4081420898438,2380834.0
2021-09-22,712.8422820079762,732.2334201749377,712.4081397451635,725.962646484375,2287017.0
2021-09-23,729.8215759615883,735.1276151787579,726.2038219498819,731.7028198242188,1890322.0
2021-09-24,732.7158161824246,754.4705662951683,726.0108999655021,751.9622802734375,4967824.0
2021-09-27,761.6577608571266,785.0525685845305,755.4352125922646,782.7371826171875,9210666.0
2021-09-28,791.0822641548294,793.0117330917925,768.1698205283939,777.6242065429688,3853344.0
2021-09-29,771.7875522549189,786.9338947444651,770.8228178146002,783.4608154296875,2291977.0
2021-09-30,779.5536526700158,788.5739550160131,773.041695198307,774.72998046875,3264689.0
2021-10-01,771.7875644726942,801.694332596011,759.2460165500129,798.6553955078125,7704216.0
2021-10-04,803.141412789497,821.953734170152,798.8965577453909,811.4863891601562,6544700.0
2021-10-05,811.4863149829463,816.1652529865815,805.6014001696101,813.3192749023438,2647442.0
2021-10-06,816.1652993942438,824.7514590757088,799.7648146546431,804.6849365234375,3288323.0
2021-10-07,810.0875145494472,856.491217188306,807.6274535237148,847.2780151367188,9515673.0
2021-10-08,862.183173082006,863.4373160662292,841.7790163056783,846.8438720703125,3938358.0
2021-10-11,848.0015456424537,870.6728042574681,848.0015456424537,864.01611328125,5493159.0
2021-10-12,856.6841642805058,863.0996717215037,846.072085668923,858.7100830078125,3433345.0
2021-10-13,861.5078395935888,936.9018582913998,861.5078395935888,902.3643188476562,17519612.0
2021-10-14,905.403240636438,912.8799322879375,889.6780815846656,898.5536499023438,3354982.0
2021-10-18,924.2155716530748,924.2155716530748,876.2682593429639,878.8248291015625,2885649.0
2021-10-19,878.8730859241953,894.8876542770813,869.4187000695017,885.1438598632812,3476818.0
2021-10-20,880.8025600358332,892.2829236375803,863.0997062869955,867.6339111328125,3551282.0
2021-10-21,876.2682472408741,878.9694917951124,861.8937399531305,865.3667602539062,2614538.0
2021-10-22,872.1199131009489,877.7153609438587,853.886409063783,856.5394287109375,1999394.0
2021-10-25,851.8604737854796,873.9529150618808,851.8604737854796,859.2889404296875,2833933.0
2021-10-26,861.8937036049563,868.2609268487621,852.8251770381174,863.0031127929688,3410657.0
2021-10-27,868.2609956370325,871.9269747309564,852.3428773836869,855.5264892578125,3362019.0
2021-10-28,855.719417888187,864.4020275398146,846.9403583490719,852.6804809570312,2171227.0
2021-10-29,852.3428554389313,869.7080749045801,831.6010655216285,853.06640625,2482056.0
2021-11-01,853.0663867880745,856.5876908746932,830.0574950741028,839.6565551757812,4146270.0
2021-11-02,844.1426282142112,848.2909744963206,828.7068772982942,831.1187133789062,3704926.0
2021-11-03,833.5305253423145,839.2224818809557,813.2711028513554,819.0595092773438,3288759.0
2021-11-04,825.5714852741537,844.1426229797073,822.9184656019318,842.0684204101562,973315.0
2021-11-08,847.0367952161504,847.277978813877,824.1725783751168,829.189208984375,4481883.0
2021-11-09,833.5304495742146,873.4704738360629,832.1797979778391,860.687744140625,15376349.0
2021-11-10,873.9529195322986,892.3793230828696,863.4372909828846,887.218017578125,17083220.0
2021-11-11,886.5426749019493,896.0452850414317,878.8730247644,892.1381225585938,4935551.0
2021-11-12,901.0619263432308,906.3679655240528,892.3793167746128,904.7279052734376,6239600.0
2021-11-15,902.02670866548,915.0988486562276,888.616876288382,895.6594848632812,3757546.0
2021-11-16,895.6594556903243,931.8852212476386,892.9099272741038,926.4344482421876,7368780.0
2021-11-17,926.0968721382504,944.4750521319972,913.844732514846,920.7908325195312,5416608.0
2021-11-18,921.3213582538964,921.3213582538964,885.8191438694515,891.1251831054688,3463426.0
2021-11-22,893.7299428472413,897.4441466141934,862.1831172096032,869.0809326171875,3731367.0
2021-11-23,866.1867839888776,876.4612292163217,862.0866626634297,869.5633544921875,3195288.0
2021-11-24,875.68951694147,875.68951694147,858.6137045243846,861.7008666992188,2708554.0
2021-11-25,859.4818927286954,867.1997678587941,852.3428346802684,859.7713012695312,2288825.0
2021-11-26,853.7899800827004,853.7899800827004,813.2711335703011,823.6420288085938,3934155.0
2021-11-29,815.3935313895394,837.19650540301,799.1377213255528,820.7960205078125,3936245.0
2021-11-30,820.7960700513288,830.4434146896442,799.330728231077,806.03564453125,6067618.0
2021-12-01,806.5179368552673,812.9816689391428,794.2175735838503,805.2637939453125,5121634.0
2021-12-02,806.3249900500934,829.6233490830945,805.6014392587917,819.590087890625,4677008.0
2021-12-03,819.0113226712258,825.4267714307048,804.5403059288732,807.4345092773438,2933597.0
2021-12-06,808.4473880161003,810.9556737814424,791.1303945988789,793.1563720703125,1552749.0
2021-12-07,797.3529798375968,804.2508543354362,793.4940422461262,796.8223876953125,1976433.0
2021-12-08,805.0708131588821,813.9463809343,797.7870806102601,811.1004028320312,2346456.0
2021-12-09,827.1633232294733,827.1633232294733,806.5179828895023,821.08544921875,4078098.0
2021-12-10,820.1207162807475,837.968303255134,820.1207162807475,829.3822021484375,3434165.0
2021-12-13,838.3059734223422,838.3059734223422,810.0874920619191,813.3675537109375,2683048.0
2021-12-14,810.3769498101882,812.2581937916484,796.8706673133518,807.3380126953125,1979863.0
2021-12-15,814.2358488708388,823.5937845028881,808.6404010224402,816.3582763671875,3208613.0
2021-12-16,822.8219662893329,831.8422090799971,816.3582342450768,823.2078247070312,3965285.0
2021-12-17,818.0947617266704,822.1948828791922,800.7295427277553,805.1672973632812,2675800.0
2021-12-20,796.8705329861557,800.7294701918998,768.893238244511,785.5831298828125,2907378.0
2021-12-21,793.3976149264039,797.8353697297342,779.0230484362278,783.5573120117188,1973119.0
2021-12-22,789.9245748942341,798.0283680223517,782.3996577796787,789.828125,1979912.0
2021-12-23,795.8094278245504,804.3955286302302,793.7352253174294,797.6906127929688,1495208.0
2021-12-24,801.6943082474705,802.7072676185323,779.5054164427872,783.991455078125,1071730.0
2021-12-27,779.5054132304953,794.1211632816536,778.4924538636078,789.683349609375,1492196.0
2021-12-28,794.9411344417372,810.3768846250719,790.1656874522253,809.1227416992188,1677680.0
2021-12-29,813.7052454366652,813.7052454366652,801.5495566075786,803.3343505859375,1575343.0
2021-12-30,813.2710718304976,813.2710718304976,797.9800556581813,800.05419921875,1874659.0
2021-12-31,805.3602801948132,815.2005830328176,800.9225254260641,807.62744140625,1528983.0
2022-01-03,805.5532519241925,810.3769240914032,797.1600505767025,800.53662109375,1537088.0
2022-01-04,808.39919736055,812.3063598803437,796.5329760889596,802.5142822265625,1886453.0
2022-01-05,800.7295544222752,817.1300392718881,800.7295544222752,809.89453125,2634010.0
2022-01-06,809.4121770318272,812.5475638916049,798.3177312203063,810.232177734375,2962301.0
2022-01-07,811.341644544797,819.7830706919634,793.4940578336451,799.7648315429688,2531717.0
2022-01-10,806.4697114338483,816.8888308927849,800.4401215985015,812.2581176757812,3403434.0
2022-01-11,812.3063561432456,818.8183132738476,806.0838075530163,811.7275390625,2117911.0
2022-01-12,816.9370416272618,853.0181301275625,812.7886956692313,849.496826171875,9022415.0
2022-01-13,849.4968800387786,877.4259532179151,837.3894748687744,864.4020385742188,5658001.0
2022-01-14,858.4206546633545,864.3537947579164,848.6286358635554,850.1239624023438,2027852.0
2022-01-17,853.0182076523746,872.1199378780268,851.5228810398573,869.0327758789062,3617269.0
2022-01-18,870.1903536064139,878.0046780180882,856.9734816919474,860.687744140625,3468168.0
2022-01-19,876.8953950580703,876.8953950580703,849.7380965840579,862.8585205078125,4215758.0
2022-01-20,864.4020531658148,865.945604707667,842.06842745783,849.4486694335938,2486026.0
2022-01-21,844.9143883846365,853.693506885614,834.6882271447238,844.3355712890625,1872843.0
2022-01-24,840.4766508796758,847.3744667548062,818.1430251741126,824.5585327148438,3386669.0
2022-01-25,816.2618075244569,827.9833548307558,815.4418067820523,824.3656005859375,4742388.0
2022-01-27,815.7793891223238,832.4210576046451,811.534593070955,827.7903442382812,2927566.0
2022-01-28,833.91640680206,864.4019891150875,830.0574693506534,838.9812622070312,4208702.0
2022-01-31,847.9050746154232,857.5041346409738,841.344833690588,854.5617065429688,2335040.0
2022-02-01,860.5430443117193,863.1478388457075,833.7234410301162,839.0294799804688,2921070.0
2022-02-02,844.8178708315592,849.2556252294319,834.6399353510151,838.6917724609375,1341479.0
2022-02-03,837.389469518101,851.2816686023631,822.0984526427749,826.005615234375,2630289.0
2022-02-04,831.0222474995337,831.0222474995337,806.6627035540405,812.0169677734375,2080640.0
2022-02-07,811.3416380879389,814.9111671783053,793.2046429726232,800.2471923828125,1801701.0
2022-02-08,800.7295815741238,808.1580485050297,788.3327676293462,802.707275390625,2729631.0
2022-02-09,808.4473968419065,816.1170468104457,803.7684587306918,810.56982421875,2165223.0
2022-02-10,814.2358401905616,827.5009382979316,800.874292195497,822.9666748046875,6949276.0
2022-02-11,822.9184313225277,831.5528158544475,806.1320294517259,823.5455322265625,5146850.0
2022-02-14,812.0652400211901,815.5865443893384,753.1682124115816,795.9541625976562,4202165.0
2022-02-15,798.8001233558681,827.7421568107909,791.4681651003748,824.4620361328125,2728328.0
2022-02-16,824.462017742202,847.5191941000597,824.462017742202,833.771728515625,4401342.0
2022-02-17,841.2483843822484,846.3614648502308,828.7068373673754,831.8422241210938,2041741.0
2022-02-18,826.9703047624854,839.077709197998,817.2747362257886,821.9536743164062,1616856.0
2022-02-21,815.3934955350659,820.5065758833698,802.6589901645664,811.4380493164062,2255753.0
2022-02-22,797.8353887022048,825.8126877014357,794.3140844130075,823.15966796875,2768989.0
2022-02-23,825.8126575990852,839.0295308348661,815.875904920873,820.3136596679688,2265060.0
2022-02-24,789.2492230063226,802.5626054046611,762.6225759750804,767.7356567382812,5677898.0
2022-02-25,784.039687788381,795.9059095727403,773.7170175482881,779.1195068359375,3470318.0
2022-02-28,778.5406897709906,778.5406897709906,759.0048174440234,762.960205078125,5026913.0
2022-03-02,757.7988139332206,782.1583556923724,741.880697536151,750.9009399414062,5779175.0
2022-03-03,764.0697129541505,765.1791811661998,733.2464343482061,735.1759033203125,2763929.0
2022-03-04,723.5507859099552,729.3391921972349,704.2560982856897,706.4749755859375,4829850.0
2022-03-07,694.4639691158033,694.4639691158033,657.7076154782436,666.197265625,7008637.0
2022-03-08,666.1973096108061,678.256489275337,647.4814981010819,675.941162109375,4000294.0
2022-03-09,680.1377599694081,713.8070144770082,675.3140879128874,708.93505859375,5490287.0
2022-03-10,735.0794068944576,735.6099990516565,709.0798023645475,712.7940063476562,4064470.0
2022-03-11,708.1150040912993,715.6399201511496,703.0019238764465,708.8867797851562,2364792.0
2022-03-14,708.8868082680527,719.6918450643279,699.866565398415,716.9906005859375,3563695.0
2022-03-15,718.7271856851874,742.073771815532,718.7271856851874,734.3558959960938,4811450.0
2022-03-16,741.7359882254021,748.6338624440475,738.0217844970314,746.3667602539062,2277631.0
2022-03-17,757.316483102774,771.6910488192113,749.5986081157394,766.385009765625,3787641.0
2022-03-21,761.7543024255941,763.2014041086843,752.5893250993562,755.8694458007812,3008019.0
2022-03-22,755.3870388081363,761.2236701794722,741.8807571436229,757.8953247070312,5436875.0
2022-03-23,762.1402044050968,766.1921008126546,744.8714344484008,746.8009033203125,3277274.0
2022-03-24,746.4150260179463,752.4928410343731,735.7547225465024,738.64892578125,2248114.0
2022-03-25,745.7396368330388,745.7396368330388,731.4615805305008,737.7805786132812,3148869.0
2022-03-28,737.9253770928318,745.4502937482537,724.8049537279813,742.1219482421875,4719388.0
2022-03-29,743.8102292352212,755.387042141606,743.5208206891047,746.0773315429688,3519610.0
2022-03-30,751.8175627485114,766.9639057454367,748.5375008711812,765.3720703125,4407033.0
2022-03-31,769.8580995216245,784.3291164299258,769.8580995216245,778.1065673828125,7059986.0
2022-04-01,782.3996362480381,800.2472235114027,779.216024350576,797.4012451171875,3406177.0
2022-04-04,789.152790460389,806.5180107883682,781.4349147590649,804.2991333007812,4163250.0
2022-04-05,807.4827262589072,821.9537428585292,804.2991143835337,807.048583984375,2669967.0
2022-04-06,809.1227996806043,809.1227996806043,793.9282320050482,798.6553955078125,2049292.0
2022-04-07,796.8706456302288,810.666336314354,793.3011164337921,804.8779296875,2913537.0
2022-04-08,800.7295829435288,830.2987169992895,797.8836045770055,827.163330078125,4145522.0
2022-04-11,824.799730303209,830.9739954573149,816.3583038606002,826.6326904296875,2922901.0
2022-04-12,820.0242396361658,836.8106417418038,813.5605073824906,830.443359375,2961076.0
2022-04-13,832.0834371609892,844.1426174096993,831.9387034449182,835.5564575195312,3695363.0
2022-04-18,835.5564774837635,845.107372022031,827.8386019401834,843.2743530273438,3076843.0
2022-04-19,847.1332016495032,856.4911365378381,834.5916552110183,841.730712890625,3301212.0
2022-04-20,842.647263719279,858.5171561924363,842.647263719279,850.1721801757812,2208791.0
2022-04-21,850.1721981982367,881.7672501029089,849.6898309935852,878.873046875,3206906.0
2022-04-22,871.9269294648975,894.3570040210642,857.6970972195875,888.1827392578125,4924905.0
2022-04-25,882.1049119866312,895.2735606505807,863.5337740097739,872.1199340820312,5476626.0
2022-04-26,874.6281704100984,909.6480757126776,874.6281704100984,906.9950561523438,6384561.0
2022-04-27,897.2029994382804,907.5256693804037,890.4016336384365,894.1640625,3154605.0
2022-04-28,911.673937559099,911.673937559099,886.1084779344259,890.3533325195312,2869224.0
2022-04-29,896.1417838200117,906.1267610407048,885.6261555872951,889.58154296875,3467791.0
2022-05-02,882.7319922270351,900.7725376152129,877.6189115895855,888.8580322265625,2740823.0
2022-05-04,885.529793711888,891.3664254798052,859.6266378584917,864.49853515625,2408261.0
2022-05-05,877.9083362666822,888.5204150567191,864.0644206709484,867.344482421875,2690817.0
2022-05-06,858.6136159375747,882.5390172792922,856.0088212812211,862.3278198242188,4247088.0
2022-05-09,848.9662602314672,870.0939668516769,844.1425882983339,863.7266845703125,1790691.0
2022-05-10,863.7267054766708,878.824822545911,852.9216683083752,857.0217895507812,2436623.0
2022-05-11,857.2629657060888,866.7174099479122,845.5897029998499,855.7676391601562,3048794.0
2022-05-12,853.6935049490204,857.6488924861402,823.5937795104215,834.7364501953125,4908042.0
2022-05-13,848.7733507521111,873.084670480146,839.4154148831285,858.1312866210938,4956950.0
2022-05-16,863.4372286828959,876.8470594747425,861.2183514918731,871.4927368164062,2856221.0
2022-05-17,875.0140748760919,884.6614185902715,866.4761992421281,878.6800537109375,3469290.0
2022-05-18,877.908368004907,890.2087325016789,873.2776543238424,881.0919799804688,3203522.0
2022-05-19,869.2256919732562,880.8025047409354,849.1110033424992,851.4263305664062,2658159.0
2022-05-20,865.2703088725235,879.21067387792,857.3112500544999,871.9269409179688,3426756.0
2022-05-23,878.8730332702829,910.1786761441042,878.149482474506,908.683349609375,6613972.0
2022-05-24,915.5329427409836,926.5309384197252,909.8409862456724,913.458740234375,4546511.0
2022-05-25,920.163704507023,920.163704507023,890.7875287958657,895.6594848632812,1363358.0
2022-05-26,897.2994183014749,900.5795387283432,882.5389941459945,897.010009765625,2384886.0
2022-05-27,906.8502578933188,924.215475597659,890.4497745058865,919.2470703125,3269005.0
2022-05-30,937.9630334867726,976.0700428184542,923.2990586256328,963.142578125,11690785.0
2022-05-31,962.7566896164168,1006.2179618086964,957.0165082590862,997.8729858398438,13301109.0
2022-06-01,998.5001648039585,1019.9655065110968,979.0125169607096,1010.4146118164062,7889745.0
2022-06-02,1008.0992395178966,1020.6407876552362,998.5001786266467,1007.7134399414062,4081658.0
2022-06-03,1013.0675906710328,1019.2901983379538,989.528047275009,992.3740844726562,2660682.0
2022-06-06,991.7469734880166,1011.620478781091,982.0996293879386,999.4165649414062,3443406.0
2022-06-07,998.3073042330428,1008.1475489926316,982.1961674798288,1005.7839965820312,2162861.0
2022-06-08,1019.675928326158,1019.675928326158,997.7765055971282,1008.1473999023438,4293398.0
2022-06-09,999.4648370096731,1012.2958516179962,995.6058994150412,1008.243896484375,2757706.0
2022-06-10,996.5707558513666,1006.7004682777356,990.3964313907766,999.9473266601562,2425545.0
2022-06-13,987.5503975370008,992.7117030522622,963.3355286343768,968.8827514648438,4047155.0
2022-06-14,964.7344047016802,988.852764819222,963.8178952406704,983.3055419921876,3614327.0
2022-06-15,988.5151433420943,1002.6485260957946,984.0291047526358,989.3351440429688,3333753.0
2022-06-16,1001.1049025429328,1001.1049025429328,961.8402571072183,969.79931640625,3255301.0
2022-06-17,964.7343874135864,972.4040375700672,948.478636538753,962.46728515625,5318310.0
2022-06-20,969.5580596994251,972.4522628627072,944.5714155033396,948.0444946289062,3722583.0
2022-06-21,948.0444540484286,969.316834611456,947.1761695835248,962.7566528320312,6263423.0
2022-06-22,960.0555456527718,968.545197338497,938.3490197549244,949.1057739257812,2629024.0
2022-06-23,951.2281411934408,995.2200073344932,950.4563654314904,991.45751953125,7303072.0
2022-06-24,1000.3330935555472,1036.6070823779007,995.2199542794344,1034.2435302734375,7273273.0
2022-06-27,1051.3676531592027,1056.3842252046852,1034.243616631912,1044.5179443359375,6316257.0
2022-06-28,1043.8425167824723,1081.9012379637993,1041.3823972014482,1072.7845458984375,11020641.0
2022-06-29,1066.996234294187,1076.11292716458,1052.2357510354832,1072.54345703125,5052023.0
2022-06-30,1070.179972221346,1078.0907476031773,1049.679365164015,1054.5994873046875,4165189.0
2022-07-01,1053.875731797368,1074.0868674884543,1026.4772551921635,1068.2984619140625,2839545.0
2022-07-04,1062.1724607930769,1063.1371950898915,1041.3342235349608,1052.718017578125,2784613.0
2022-07-05,1052.5252047367278,1063.137282877978,1039.983657842523,1043.7943115234375,3675577.0
2022-07-06,1044.5178715837649,1072.784636171801,1042.4919529282529,1065.597412109375,4957228.0
2022-07-07,1079.537868184749,1098.784273688302,1075.293012978388,1093.3336181640625,4917004.0
2022-07-08,1143.1620141645965,1152.7611923892762,1086.4357004171543,1093.6229248046875,10482265.0
2022-07-11,1089.1368609070591,1126.7133366924215,1083.059104806511,1123.9638671875,4520273.0
2022-07-12,1122.9507636087928,1123.384846952473,1101.7266082828537,1106.212646484375,2452632.0
2022-07-13,1112.531701612776,1115.715372349519,1097.9642352199244,1100.1348876953125,3379695.0
2022-07-14,1105.982548091073,1122.1122003458718,1102.4738725465595,1113.6331787109375,2423203.0
2022-07-15,1113.9742316597817,1146.0387805821292,1111.4402808236669,1142.72509765625,3879759.0
2022-07-18,1149.5473278469196,1149.5473278469196,1129.811564058111,1133.856201171875,3480683.0
2022-07-19,1132.3943522813072,1159.2934449914385,1131.517183383825,1156.1259765625,4056414.0
2022-07-20,1164.653848751781,1164.653848751781,1132.979162488657,1136.0491943359375,3028752.0
2022-07-21,1137.4622382030914,1150.0346749692967,1135.2207165748082,1145.307861328125,2062279.0
2022-07-22,1150.0347690074311,1155.7849666465536,1140.5811409520663,1151.1068115234375,1983433.0
2022-07-25,1154.9077532732008,1154.9077532732008,1103.2536512280703,1107.005859375,4380502.0
2022-07-26,1105.2028881664007,1116.898156824246,1096.5776513253247,1107.152099609375,2598868.0
2022-07-27,1111.0505051046755,1121.0889914670363,1098.1857573705804,1109.19873046875,1647876.0
2022-07-28,1113.0971220243534,1122.7457420390856,1106.5185336920931,1119.9681396484375,1929675.0
2022-07-29,1129.3730897823864,1154.1279784442754,1123.9639807650012,1134.8795166015625,2230572.0
2022-08-01,1159.1960742486965,1216.9901224157588,1154.176830965927,1206.3182373046875,12673841.0
2022-08-02,1206.2695197331425,1227.759624653007,1195.0615533243238,1222.6429443359375,5626351.0
2022-08-03,1227.9544450074766,1227.9544450074766,1199.739656641328,1221.8631591796875,3820503.0
2022-08-04,1232.7788223544724,1232.8762591342315,1207.5852878097278,1229.757568359375,3075648.0
2022-08-05,1245.741010240601,1246.033439550998,1199.983318300482,1204.5152587890625,5766297.0
2022-08-08,1213.3842185941194,1247.4954215264845,1211.0939187627475,1244.2791748046875,5412651.0
2022-08-10,1244.5715508844646,1247.202938838492,1228.2469044652676,1235.848876953125,2530492.0
2022-08-11,1244.571443142631,1246.4718766148617,1222.1555126866558,1234.045654296875,3077633.0
2022-08-12,1232.8761499732393,1236.6771358107185,1217.5748888226076,1227.467041015625,3355489.0
2022-08-16,1248.0800593118886,1265.7203990225812,1242.2812028750072,1255.5845947265625,4085782.0
2022-08-17,1261.1398206818965,1261.1398206818965,1237.7980609243702,1241.891357421875,2197165.0
2022-08-18,1241.6476831032874,1245.8871941769412,1222.837745182391,1229.1240234375,2659857.0
2022-08-19,1237.749303788523,1240.3320328227974,1204.12540537852,1207.9263916015625,2513148.0
2022-08-22,1207.9263925549112,1215.7232385691816,1188.0931893001969,1195.548828125,2443323.0
2022-08-23,1188.9703074138945,1244.571616326605,1187.069873677216,1240.7706298828125,4449168.0
2022-08-24,1242.5734396947885,1250.9063656831038,1228.977738314292,1236.0924072265625,2570071.0
2022-08-25,1241.6475540924152,1245.0098958775775,1224.7868293568415,1227.6619873046875,1769049.0
2022-08-26,1247.3978076431083,1266.0127519492798,1236.5797086145303,1242.2811279296875,4325600.0
2022-08-29,1217.2825012672631,1248.2750096563116,1210.606476115246,1244.3765869140625,2554692.0
2022-08-30,1251.39371748748,1281.606494155791,1251.39371748748,1275.4664306640625,5078317.0
2022-09-01,1247.4951662186274,1292.0345944868627,1247.4951662186274,1278.7313232421875,4913035.0
2022-09-02,1285.1638554569888,1296.8591240877513,1277.9029714664691,1282.5323486328125,2316436.0
2022-09-05,1285.5049385530303,1290.8164921135444,1268.0594724540938,1287.015625,2271837.0
2022-09-06,1291.3524949334374,1293.3017062465444,1267.5720931194478,1273.224853515625,1930221.0
2022-09-07,1258.2158874654976,1278.6338281363571,1248.6647045580737,1256.9488525390625,3162428.0
2022-09-08,1271.860438701432,1298.1260147324228,1268.936621600969,1288.331298828125,4026323.0
2022-09-09,1304.022448554575,1304.022448554575,1261.1885749065912,1268.2056884765625,3415016.0
2022-09-12,1274.784188956423,1282.191168095114,1262.1143155187826,1264.1123046875,3077887.0
2022-09-13,1276.6846802307623,1276.6846802307623,1258.2159499326235,1266.8411865234375,2460291.0
2022-09-14,1251.3448791940991,1280.4856119805809,1247.4952344571832,1265.0869140625,2955136.0
2022-09-15,1271.8603720092751,1280.8754742629808,1256.315459495106,1264.1123046875,2555055.0
2022-09-16,1258.459664334464,1264.0636473508614,1203.1507884769765,1218.3546142578125,9047956.0
2022-09-19,1227.905625955986,1265.476600659414,1218.354443435536,1255.925537109375,4476773.0
2022-09-20,1266.9875093757912,1278.682778693106,1263.6251670352358,1269.862548828125,3780649.0
2022-09-21,1275.7101497740111,1289.4034081593395,1260.7499752950464,1273.4686279296875,2887754.0
2022-09-22,1264.0636720936595,1287.0156853547733,1260.165249049423,1277.1234130859375,2010645.0
2022-09-23,1271.8605278372688,1284.627839609978,1228.9778740251309,1239.990966796875,4639618.0
2022-09-26,1218.2571777766873,1226.9798515813975,1185.4130118519988,1205.0025634765625,3345338.0
2022-09-27,1211.0450439429612,1221.0835304476702,1190.188457739756,1204.3690185546875,3588217.0
2022-09-28,1201.7863385725727,1229.708817383936,1180.4912265157857,1210.8502197265625,3361451.0
2022-09-29,1223.1302360802154,1235.7513331591656,1214.066354870094,1226.3951416015625,3474302.0
2022-09-30,1225.0305591711897,1250.1266553755363,1201.7375786471805,1235.994873046875,3320684.0
2022-10-03,1237.7003951660895,1243.6942436957438,1210.508992761538,1219.57275390625,3150821.0
2022-10-04,1232.876178462568,1245.497274361428,1223.1301217158282,1228.34423828125,3011962.0
2022-10-06,1235.8000331179694,1244.5714844571348,1222.6428561092214,1224.98193359375,3531469.0
2022-10-07,1228.0031933283008,1229.9036268726634,1201.6400613119326,1207.3902587890625,3501889.0
2022-10-10,1202.663363664647,1214.894712074524,1187.0696733740194,1211.434814453125,2230590.0
2022-10-11,1217.5260995957894,1217.5260995957894,1194.379215573056,1198.326416015625,1569478.0
2022-10-12,1204.2716505367478,1227.3697598326453,1198.862540893445,1216.2105712890625,2884899.0
2022-10-13,1223.1301740768492,1241.7938973399157,1208.9983911891088,1216.5028076171875,2137351.0
2022-10-14,1235.5564326626925,1239.6985070770615,1196.8158543165343,1199.0574951171875,1696759.0
2022-10-17,1195.8411975395388,1207.2928145493918,1166.1157235990695,1198.7650146484375,2158727.0
2022-10-18,1204.7588786912577,1235.166529418658,1202.17614975178,1221.960693359375,2722206.0
2022-10-19,1227.9543781205982,1232.6813108418266,1212.409465122985,1216.69775390625,1449579.0
2022-10-20,1209.680502646208,1222.155502734375,1192.478807851839,1218.257080078125,1831346.0
2022-10-21,1221.278358818713,1236.6771762139854,1212.5556855351356,1224.835693359375,1750934.0
2022-10-24,1228.9777698422013,1245.546066501454,1228.9777698422013,1238.675048828125,318933.0
2022-10-25,1238.6750404803115,1251.2474775369817,1227.6132898146789,1248.8597412109375,2809493.0
2022-10-27,1250.7114414742457,1266.8410931254389,1246.5693675834827,1261.285888671875,3279938.0
2022-10-28,1267.6208903485683,1282.483626837982,1257.241316153681,1278.341552734375,2111224.0
2022-10-31,1284.7740111974124,1324.001892062723,1283.1658879392833,1314.353271484375,4306893.0
2022-11-01,1326.4382564315786,1331.8473652417829,1315.0840770993416,1319.664794921875,3405472.0
2022-11-02,1319.6649577908702,1326.4384201365335,1304.607227634837,1318.008056640625,2298917.0
2022-11-03,1305.9715654973395,1320.5906501857428,1294.812378440025,1301.4884033203125,1931917.0
2022-11-04,1304.0223900459655,1317.666869463487,1297.200150337205,1304.3148193359375,2204968.0
2022-11-07,1310.8446776604922,1321.1754743743638,1302.6579659167064,1316.9847412109375,2599224.0
2022-11-09,1330.1906502917443,1330.1906502917443,1297.2002690465913,1303.583984375,2459869.0
2022-11-10,1304.9971170267124,1304.9971170267124,1257.826174290063,1265.233154296875,2792546.0
2022-11-11,1271.9579425909114,1285.2613348940426,1246.0822312687617,1254.4150390625,5308986.0
2022-11-14,1270.8859180534455,1276.4411233279309,1235.848888376264,1245.6923828125,3794391.0
2022-11-15,1251.929857458242,1263.381474963184,1242.8659764406273,1258.898193359375,3192070.0
2022-11-16,1256.217887095344,1262.114298782067,1243.5967916956893,1254.0250244140625,2478281.0
2022-11-17,1247.6902574591809,1252.3684127369545,1222.3018485676669,1227.3697509765625,2319979.0
2022-11-18,1218.3057970734085,1224.055875027724,1186.3386853013185,1195.9873046875,4525364.0
2022-11-21,1187.0698251205622,1203.540686389638,1171.4761328365482,1187.3134765625,4120736.0
2022-11-22,1189.6525410093343,1204.0766348298669,1185.071822569434,1197.25439453125,2469455.0
2022-11-23,1203.2482699380962,1208.8522531625902,1192.917472483551,1204.3203125,2396267.0
2022-11-24,1210.3628624599778,1225.0793849770732,1207.195393883068,1222.204345703125,2133523.0
2022-11-25,1226.054137135844,1235.5077661217686,1214.358867147267,1228.7830810546875,1370326.0
2022-11-28,1226.9311693713564,1239.6984805578595,1214.3587317414251,1218.9393310546875,2126619.0
2022-11-29,1224.1048373384651,1232.8762891983745,1216.8440719981566,1225.1768798828125,2435651.0
2022-11-30,1230.0498420697502,1282.5811136017803,1225.7128942509837,1272.4451904296875,7536690.0
2022-12-01,1281.6064371624534,1283.5068706027785,1255.2920844602586,1260.6036376953125,2613761.0
2022-12-02,1253.7815627737298,1260.9450104598195,1228.0032873846617,1232.4864501953125,2892150.0
2022-12-05,1237.2131997533263,1237.2131997533263,1220.791116951875,1227.808349609375,2764806.0
2022-12-06,1216.7951482791086,1233.3146663804346,1216.7951482791086,1230.9757080078125,1686075.0
2022-12-07,1229.9525061085756,1236.6773098488975,1220.596314325291,1234.4356689453125,1731982.0
2022-12-08,1240.624175799505,1249.4444042444663,1237.261834000273,1241.9886474609375,1906386.0
2022-12-09,1248.957241724199,1252.0272735646606,1224.5920984989905,1233.26611328125,1308941.0
2022-12-12,1231.804174551693,1244.863914794984,1224.59206853939,1231.901611328125,1723401.0
2022-12-13,1235.800079576129,1253.29420503874,1234.8254738351386,1250.76025390625,2164600.0
2022-12-14,1254.3174527579474,1258.2158752995415,1244.035315716327,1253.7813720703125,1436837.0
2022-12-15,1253.2455341920918,1260.6525139589558,1249.2008966114354,1254.268798828125,2417555.0
2022-12-16,1245.497365942186,1254.3175955347,1218.2571829202602,1219.8165283203125,2136354.0
2022-12-19,1219.1343011258366,1262.016952179156,1213.4328815412412,1257.8748779296875,2767603.0
2022-12-20,1255.2434120754522,1255.2921899505,1231.0244832916885,1242.865966796875,1286604.0
2022-12-21,1247.3978215132388,1251.8809838036211,1226.5412363696826,1233.558349609375,1251993.0
2022-12-22,1233.558479388779,1245.2050897592455,1198.0829244253111,1202.61474609375,1557590.0
2022-12-23,1189.0190345360506,1198.7650921961822,1177.3237653438928,1193.502197265625,1913648.0
2022-12-26,1193.5020744080523,1215.7231311739174,1185.4129187650888,1205.635986328125,1677560.0
2022-12-27,1211.678555932681,1216.7952359396363,1192.8686180332302,1202.9071044921875,1304940.0
2022-12-28,1198.6187361329328,1223.1300920505796,1193.89192251949,1220.54736328125,1959508.0
2022-12-29,1216.0154600173053,1235.4101368540669,1207.0979132167315,1230.29345703125,1289676.0
2022-12-30,1233.2173231533657,1233.2173231533657,1213.384120559194,1217.4774169921875,1372710.0
2023-01-02,1219.2317081811425,1238.7238218211285,1211.044996658264,1230.78076171875,1718385.0
2023-01-03,1230.9270017019296,1232.8762131060498,1215.040881170181,1217.574951171875,1510751.0
2023-01-04,1220.5474006575032,1223.9098616387953,1199.7395931647732,1204.8074951171875,1344532.0
2023-01-05,1208.511057953407,1223.1301433318758,1199.739606726326,1220.83984375,2745160.0
2023-01-06,1220.8398884310527,1242.5735247735442,1216.4541626570006,1232.77880859375,2214972.0
2023-01-09,1240.6243071374422,1280.5344828647335,1239.3573910801722,1277.0745849609375,3634805.0
2023-01-10,1277.22062275261,1292.7168753919923,1272.591246210775,1281.5089111328125,3139930.0
2023-01-11,1282.0938364627918,1286.479562243166,1267.4747505282105,1279.2674560546875,2041750.0
2023-01-12,1282.581215784776,1293.3018794425516,1276.733581062353,1286.3822021484375,2448619.0
2023-01-13,1291.3525756178308,1303.0478442271997,1278.2928352099505,1294.422607421875,2600139.0
2023-01-16,1299.1493241177484,1301.342186817872,1269.862376912374,1282.191162109375,1651972.0
2023-01-17,1285.456208676036,1290.2318006536727,1270.983337056707,1287.3079833984375,1607137.0
2023-01-18,1286.8204914180585,1291.3524312917682,1274.8815727136628,1288.5748291015625,1179938.0
2023-01-19,1284.1403412132988,1294.9584398020197,1278.9750028091626,1286.0408935546875,2066881.0
2023-01-20,1290.4266732054125,1291.3525009953175,1278.341539213335,1281.36279296875,1332666.0
2023-01-23,1287.7951673457314,1311.7704428304455,1278.975057489237,1294.71484375,1681075.0
2023-01-24,1301.196053893862,1301.196053893862,1287.502915110948,1290.280517578125,1408040.0
2023-01-25,1291.255052029882,1298.174728364468,1272.8837592851737,1278.1953125,1359090.0
2023-01-27,1284.6276683594087,1305.7766820978754,1253.9763686156368,1286.67431640625,1914769.0
2023-01-30,1286.5769466821523,1307.920835072426,1271.8604245674485,1297.784912109375,2402331.0
2023-01-31,1316.0101850417775,1350.316259677088,1301.3910988669986,1343.7376708984375,5265862.0
2023-02-01,1351.3394700634751,1354.70181186447,1288.428629701316,1317.715576171875,3010838.0
2023-02-02,1313.8172517258502,1343.201518186508,1296.7128742295802,1318.0567626953125,2029111.0
2023-02-03,1324.6839943392906,1356.6023303995644,1316.253750372989,1352.752685546875,1803085.0
2023-02-06,1356.5536266603226,1356.5536266603226,1325.463682662609,1341.057373046875,1504382.0
2023-02-07,1347.7823371297525,1349.828985443559,1326.4384470676418,1331.99365234375,1413825.0
2023-02-08,1338.669675885613,1344.9558349171668,1325.4637213676426,1338.182373046875,1241238.0
2023-02-09,1337.159008285872,1350.8034879622585,1328.387557065338,1337.3538818359375,1866387.0
2023-02-10,1343.5428212882475,1351.7294145157198,1316.4975113827838,1330.775390625,3282665.0
2023-02-13,1340.0828043619792,1348.8542554450758,1291.4012984389608,1318.6414794921875,4401219.0
2023-02-14,1323.5144486060397,1342.0319556189372,1315.7176035479777,1328.53369140625,2373179.0
2023-02-15,1329.5569663861793,1348.025814644849,1325.5124481568569,1344.322265625,2007214.0
2023-02-16,1345.0533512985392,1361.5242120168075,1328.5824905802706,1333.4068603515625,2646301.0
2023-02-17,1325.4148982268102,1337.6950245199257,1298.467147341314,1307.4334716796875,2150027.0
2023-02-20,1308.0182289388408,1320.5418878417383,1298.7594751939912,1312.0628662109375,1497314.0
2023-02-21,1320.1033586606172,1327.802767123153,1306.9461823284516,1317.5206298828125,2118816.0
2023-02-22,1312.696407719484,1318.4952638987495,1277.8542548311234,1286.23583984375,2196484.0
2023-02-23,1291.5960989152793,1292.5707045360416,1271.8603350948422,1280.5830078125,1847879.0
2023-02-24,1286.674288162228,1287.0154953045574,1245.740852242279,1247.6900634765625,2824384.0
2023-02-27,1237.798024253848,1252.7581980439672,1216.697786928948,1225.46923828125,2019964.0
2023-02-28,1231.609177566277,1260.4088236377204,1228.0031840584013,1237.359375,3407211.0
2023-03-01,1243.548157023988,1272.396582351606,1236.8234725366883,1239.8447265625,2338935.0
2023-03-02,1246.082176399532,1246.082176399532,1218.2571358290277,1219.767822265625,1563750.0
2023-03-03,1225.9565322366718,1244.5226994153784,1221.4245919434554,1236.384765625,1493291.0
2023-03-06,1237.3108161848595,1251.6374735696072,1235.800129636957,1238.1878662109375,1570410.0
2023-03-08,1237.749290024765,1259.141838433479,1226.3464504528654,1257.192626953125,2370800.0
2023-03-09,1258.215931097244,1261.9194802641643,1213.335292008667,1216.4541015625,3596577.0
2023-03-10,1217.2825839779498,1224.7870006785136,1194.2331341541776,1195.548828125,2664696.0
2023-03-13,1191.6502816933055,1199.7395561834403,1152.4224042470153,1163.14306640625,3842775.0
2023-03-14,1162.0223430441597,1162.119779813312,1127.4725019949522,1131.322265625,5379592.0
2023-03-15,1137.3649412708546,1144.5770478116456,1123.9153339658544,1130.8837890625,2226887.0
2023-03-16,1130.5425567811806,1145.4052929802433,1111.196658375172,1137.41357421875,3604480.0
2023-03-17,1143.115082164847,1156.126044839557,1122.7457986555698,1141.7506103515625,3683701.0
2023-03-20,1140.2399348997344,1149.2063790662023,1115.923569339417,1137.9984130859375,2082268.0
2023-03-21,1140.8734507058136,1145.161739738067,1127.0340968435328,1130.8350830078125,2209422.0
2023-03-22,1137.8521352657797,1150.5220091488245,1129.7142016042153,1134.5384521484375,2211909.0
2023-03-23,1131.517298158807,1145.161778929025,1124.50018420801,1135.366943359375,2594282.0
2023-03-24,1131.0786995779004,1140.824756636965,1117.9701814512048,1121.5762939453125,1839876.0
2023-03-27,1112.5124631544302,1121.3813516815933,1096.918771161026,1109.00390625,2446528.0
2023-03-28,1114.559101532079,1119.82199632718,1094.8721131534885,1099.647705078125,1903339.0
2023-03-29,1105.1540689910553,1123.184274164754,1103.2536354933472,1115.2413330078125,4003003.0
2023-03-31,1118.457534736351,1133.466487078161,1116.7519746741093,1129.275634765625,2343070.0
2023-04-03,1131.809577398875,1150.0346552799765,1125.9619435584684,1140.191162109375,2546562.0
2023-04-05,1142.237926876346,1143.504961926069,1122.6970342080804,1126.108154296875,2028469.0
2023-04-06,1124.6951294857256,1145.1618519460378,1119.1399238346737,1141.507080078125,2029418.0
2023-04-10,1141.5068754158744,1160.7553371358008,1141.5068754158744,1158.416259765625,2586918.0
2023-04-11,1169.5268116882762,1173.6201079410173,1158.026417118507,1171.18359375,2443384.0
2023-04-12,1172.937977340328,1182.147953753709,1168.1623855454393,1176.690185546875,2469405.0
2023-04-13,1182.6351989704442,1191.162998556243,1169.088275376195,1173.9613037109375,4470196.0
2023-04-17,1187.995583483016,1187.995583483016,1172.840536063714,1182.14794921875,1956198.0
2023-04-18,1182.1966966537918,1186.9722883074007,1172.0607737292878,1174.107421875,2075066.0
2023-04-19,1174.0587311031177,1187.0209149877164,1172.8404740291655,1184.6331787109375,1818732.0
2023-04-20,1187.069679350553,1193.794482116327,1183.7073374528743,1187.6544189453125,2172677.0
2023-04-21,1190.91945032463,1190.91945032463,1178.347131308023,1181.953125,1015815.0
2023-04-24,1179.662807120519,1186.192617966161,1165.6284607224177,1177.080078125,1389756.0
2023-04-25,1177.080060762231,1184.1459522468317,1168.9421267775003,1179.126708984375,1360260.0
2023-04-26,1181.222101671374,1186.3387815672277,1174.6922911067388,1182.7327880859375,1708865.0
2023-04-27,1179.3216566813294,1193.8919640834035,1179.3216566813294,1192.9173583984375,1340045.0
2023-04-28,1193.8919997632022,1197.5467711910487,1180.7348226229549,1195.7437744140625,2333102.0
2023-05-02,1198.7649697187103,1209.290758504408,1186.5823988882355,1205.879638671875,2607580.0
2023-05-03,1205.879653767755,1210.4602528691885,1198.862421499305,1204.0765380859375,1307304.0
2023-05-04,1203.6379992202249,1206.6105940939158,1196.815759548531,1200.4217529296875,1541188.0
2023-05-05,1201.4938369785689,1210.8012491205584,1177.372348263925,1180.4422607421875,4753718.0
2023-05-08,1186.0462980323357,1208.3647912086528,1182.8788296702282,1200.519287109375,3513667.0
2023-05-09,1207.5364726054586,1218.2571353969518,1202.712221937456,1213.8226318359375,1846359.0
2023-05-10,1218.25710012405,1223.9098606567936,1203.6380149225613,1216.94140625,2108081.0
2023-05-11,1218.2571349133957,1228.8315830503593,1212.5557153160858,1219.524169921875,4100467.0
2023-05-12,1224.4946256446128,1246.3258171253035,1219.5241603671934,1243.548095703125,2427624.0
2023-05-15,1247.3978483286355,1255.0484792127263,1240.28317919261,1253.0018310546875,2647630.0
2023-05-16,1254.3174857063293,1258.89808472486,1226.8823125551105,1230.390869140625,1571371.0
2023-05-17,1232.8761886537716,1239.405999139896,1228.6853366298633,1231.0244140625,1643851.0
2023-05-18,1237.7003984609698,1237.7003984609698,1209.7292638753418,1213.871337890625,1900447.0
2023-05-19,1221.0835235471648,1230.3909367388123,1206.0257938751945,1228.39306640625,1588996.0
2023-05-22,1227.2722897073572,1237.2132207612467,1219.5242215892165,1233.412353515625,917769.0
2023-05-23,1233.4122425856085,1238.480144437595,1224.640791631496,1236.3360595703125,1803955.0
2023-05-24,1228.00318146422,1245.546084056566,1222.6428501165587,1243.304443359375,1369297.0
2023-05-25,1247.4952812154831,1248.2750133544114,1225.6154310979582,1245.3511962890625,2040166.0
2023-05-26,1257.2412775458138,1259.9702209302034,1236.1410416130743,1249.2982177734375,3508112.0
2023-05-29,1287.9414628742995,1315.7177259782857,1265.038228385048,1296.371826171875,6185862.0
2023-05-30,1296.1767522426096,1301.3909877092517,1286.4794734964662,1294.71484375,2493657.0
2023-05-31,1291.3525168510707,1294.51998528863,1270.1548434612514,1285.5048828125,5629378.0
2023-06-01,1285.505029557786,1303.73011013696,1279.4625212829883,1285.4075927734375,2364455.0
2023-06-02,1291.2064088307743,1310.844738559412,1286.772024034262,1307.336181640625,2313841.0
2023-06-05,1315.5228467686873,1365.422611980964,1312.1603856567149,1359.96484375,5105293.0
2023-06-06,1359.9648266105596,1378.9696378868398,1352.8014984620463,1375.363525390625,2335838.0
2023-06-07,1386.6689814319436,1386.6689814319436,1359.574896480228,1370.6854248046875,2491079.0
2023-06-08,1376.8252983727273,1379.6030195389967,1342.519228471104,1345.9791259765625,1776230.0
2023-06-09,1345.6867550173156,1351.7780403469249,1328.3875046812248,1335.84326171875,1881329.0
2023-06-12,1342.9093143750636,1349.6341179826404,1334.5277285465384,1346.3204345703125,1389300.0
2023-06-13,1348.0259647106864,1353.240081670607,1333.4555373896642,1338.2799072265625,2516583.0
2023-06-14,1339.1081965389992,1345.930436259358,1331.3113511443034,1343.64013671875,905086.0
2023-06-15,1346.7101953188835,1371.4650847657624,1336.6717090842926,1357.382080078125,1720070.0
2023-06-16,1363.4733814368428,1373.9991706401072,1358.0156132823597,1368.2001953125,2132678.0
2023-06-19,1373.7066893449692,1379.4081087099264,1360.5495128241057,1366.9332275390625,1476764.0
2023-06-20,1366.9818857599803,1374.096554722556,1345.6379978426728,1360.988037109375,1042428.0
2023-06-21,1358.6490459853744,1367.7615849652334,1335.8432501153293,1339.351806640625,2008628.0
2023-06-22,1343.9812720741684,1356.651146285165,1339.741761036112,1343.6888427734375,1296616.0
2023-06-23,1341.9346540461531,1344.5660419301887,1333.7479421163157,1338.3773193359375,1258590.0
2023-06-26,1340.082751294396,1369.2234836438988,1335.1609452378398,1362.1575927734375,2281046.0
2023-06-27,1370.9778426618811,1381.0163293412409,1358.2105313011532,1366.787109375,2737379.0
2023-06-28,1373.1705298044135,1377.8486843314222,1354.8480156761875,1359.5748291015625,2611913.0
2023-06-30,1367.0307744408626,1423.8989959683038,1364.4480454179502,1416.6868896484375,4114865.0
2023-07-03,1432.670352517487,1460.0080894853252,1422.2421193084183,1430.67236328125,3615176.0
2023-07-04,1449.2387599366295,1449.2387599366295,1424.97105280534,1427.2613525390625,1595700.0
2023-07-05,1426.7739925110618,1440.4672504297716,1420.097967140435,1437.884521484375,1456527.0
2023-07-06,1440.3210143434292,1513.4652199396642,1435.2531122761425,1509.4693603515625,5628945.0
2023-07-07,1507.6176167078806,1551.523533146924,1500.2106370071406,1524.4295654296875,6905845.0
2023-07-10,1527.2071209149938,1538.9023892308712,1506.6916234893904,1512.0032958984375,2276342.0
2023-07-11,1518.6793125211657,1535.9785634739976,1511.0286816685043,1529.5948486328125,1563376.0
2023-07-12,1529.1563538226148,1539.5359283931243,1502.5009115382747,1530.9593505859375,2658457.0
2023-07-13,1535.9785067752568,1554.3011406117575,1518.87413000314,1527.109619140625,1859405.0
2023-07-14,1538.976753716034,1543.113066050839,1519.2803717898437,1523.072021484375,2174792.0
2023-07-17,1535.3328831810268,1535.3328831810268,1506.2807215044131,1512.9775390625,1520990.0
2023-07-18,1512.68204623798,1518.7387073806087,1502.8338558327848,1511.4017333984375,1059058.0
2023-07-19,1506.9701122512995,1525.9771686341608,1500.864282025467,1521.0037841796875,1081196.0
2023-07-20,1526.5188585113192,1530.162641009638,1507.314886508302,1521.89013671875,1538263.0
2023-07-21,1525.4354229659225,1529.030036550234,1495.792393535268,1500.371826171875,1668783.0
2023-07-24,1498.8945804442071,1533.3632468801777,1491.9515581180942,1523.3673095703125,2129706.0
2023-07-25,1527.897386916297,1545.6734179235316,1524.5490984956086,1541.9803466796875,1996604.0
2023-07-26,1546.313675453096,1550.1052048013298,1508.7428041649537,1521.397705078125,2100855.0
2023-07-27,1476.243763209911,1477.2285822647543,1416.514463490239,1425.4271240234375,11879512.0
2023-07-28,1437.8358193439274,1448.668828941724,1427.9876288004757,1445.5174560546875,4714146.0
2023-07-31,1454.3808604072328,1456.54741428888,1435.472262006242,1452.8050537109375,2460789.0
2023-08-01,1452.8049542987922,1481.1677898508876,1447.8808592527453,1470.679443359375,4184243.0
2023-08-02,1470.6795525370485,1474.274166230946,1443.0061603673305,1462.7518310546875,3188395.0
2023-08-03,1462.4562816460311,1478.755084925654,1425.6240253241049,1446.846923828125,2222395.0
2023-08-04,1458.516927613677,1479.6412469118986,1394.2574883653365,1442.4151611328125,8066091.0
2023-08-07,1466.3956682588012,1507.7580712587137,1458.2709105266756,1503.7203369140625,9257291.0
2023-08-08,1506.773171260983,1510.7124475257176,1462.4563132827188,1476.93310546875,3426948.0
2023-08-09,1482.1526828187357,1514.2085912549394,1469.5962398247564,1511.4510498046875,3713003.0
2023-08-10,1511.2047797390774,1532.4276776163488,1508.545816483294,1521.9393310546875,3600607.0
2023-08-11,1525.0414826374567,1535.923660258078,1509.776788416712,1522.9732666015625,2402812.0
2023-08-14,1521.4961293489262,1527.2081278737544,1500.8642185262624,1523.3673095703125,1875450.0
2023-08-16,1535.382126426069,1549.12030353585,1515.2425055307938,1546.7567138671875,2361632.0
2023-08-17,1549.1203834380958,1555.0785868458795,1536.4654825437171,1549.61279296875,2377711.0
2023-08-18,1544.9349086102084,1558.5254597975204,1521.151504140998,1529.079345703125,2202570.0
2023-08-21,1522.5302130261964,1529.079283587498,1508.496541916479,1515.193359375,1487526.0
2023-08-22,1514.651676122622,1531.3935997208562,1511.4510142582535,1526.9619140625,975607.0
2023-08-23,1522.57962463753,1531.2459606270434,1512.7806024172023,1519.0341796875,1405076.0
2023-08-24,1526.518889955231,1531.3444073585729,1504.8528698132334,1518.7879638671875,2111147.0
2023-08-25,1507.659628741382,1523.7613974582907,1485.3041623811162,1496.974365234375,1455320.0
2023-08-28,1504.8035516177183,1529.4240285748144,1500.962733168977,1525.73095703125,2132512.0
2023-08-29,1531.2951599146502,1540.6016518200545,1516.6213320738782,1537.15478515625,1325882.0
2023-08-30,1545.1810234476477,1564.877403606317,1536.120736661525,1559.1654052734375,3140040.0
2023-08-31,1564.8282352453416,1565.8623433702858,1543.359251347047,1551.4840087890625,3512885.0
2023-09-01,1553.0595964927911,1580.1421195768444,1551.0899584503147,1567.7825927734375,2147299.0
2023-09-04,1581.5209115172029,1581.5209115172029,1540.453885649026,1552.46875,2200142.0
2023-09-05,1553.650496648228,1560.0518204213618,1541.4880055227077,1547.2984619140625,1078759.0
2023-09-06,1553.0595703125,1556.9003884740168,1535.037334440778,1553.0595703125,1301466.0
2023-09-07,1548.332381132234,1553.945921553175,1536.563842188716,1541.9803466796875,1514369.0
2023-09-08,1541.3402949879464,1554.0444849731766,1536.3177417985776,1543.753173828125,1223910.0
2023-09-11,1543.851687470402,1564.8775512298348,1540.2570737089122,1558.082275390625,1921950.0
2023-09-12,1558.180690667532,1565.3206289534437,1490.0805478797813,1534.298828125,3770868.0
2023-09-13,1540.2569564473572,1544.787099922887,1506.8715674272196,1513.6175537109375,2382637.0
2023-09-14,1521.5453633860152,1551.4838851944544,1514.9962929564874,1542.2265625,2220196.0
2023-09-15,1555.669381382988,1586.2479396742335,1547.9877449776664,1576.793701171875,5425897.0
2023-09-18,1584.327713787963,1644.6478831551813,1577.7786427846586,1616.53125,6887528.0
2023-09-20,1595.5053270289918,1639.7237266437803,1595.5053270289918,1609.1943359375,6116670.0
2023-09-21,1612.936647592309,1631.0572214826257,1551.1884225807107,1559.2147216796875,2898266.0
2023-09-22,1556.0140919944463,1593.3879266868128,1542.325083217644,1582.751953125,3827771.0
2023-09-25,1588.4638038085736,1595.4068260458248,1558.3283655822524,1565.320556640625,3231962.0
2023-09-26,1565.3206885468812,1582.2103603510318,1557.9838342537323,1570.9833984375,1479841.0
2023-09-27,1570.6387148393096,1575.3166055561126,1559.214837342763,1565.074462890625,1991198.0
2023-09-28,1571.7219183869247,1572.6575686168849,1520.5606167082524,1532.427734375,2369699.0
2023-09-29,1550.1052057991194,1552.5672534576313,1526.568006140311,1530.655029296875,1254881.0
2023-10-03,1572.9528965000889,1573.7407998058818,1509.776852306145,1514.060791015625,3436776.0
2023-10-04,1508.545858843956,1514.553230965569,1478.9519985014088,1498.9930419921875,2580901.0
2023-10-05,1509.7276107586022,1527.2574380180097,1490.0805187054607,1514.6024169921875,1991367.0
2023-10-06,1521.5455066483537,1530.408878531742,1516.9660737985012,1525.3370361328125,1743027.0
2023-10-09,1516.621314063754,1517.852337857637,1491.0160191509892,1492.19775390625,2123175.0
2023-10-10,1498.352971042969,1520.4129429180837,1496.1371280688052,1514.5040283203125,1956653.0
2023-10-11,1516.621351440599,1535.480660471103,1516.621351440599,1532.6739501953125,1536986.0
2023-10-12,1535.3329313541212,1546.2152301731664,1531.9845224700173,1542.8668212890625,1731806.0
2023-10-13,1536.8101196991468,1550.4991284678724,1526.7650135271667,1538.73046875,1465554.0
2023-10-16,1539.124395813461,1553.3058138780348,1534.8404570796747,1550.6468505859375,1089610.0
2023-10-17,1551.0899630188733,1559.8548763771432,1544.7870972209507,1552.6656494140625,997962.0
2023-10-18,1552.6656940840137,1555.4724043401252,1538.0411551982374,1550.9422607421875,1212994.0
2023-10-19,1529.768637680068,1554.9308123366302,1529.768637680068,1545.7227783203125,1239578.0
2023-10-20,1542.2267083655042,1551.0900802526623,1521.643965161891,1534.5943603515625,1435102.0
2023-10-23,1524.7460607435405,1550.9915118942338,1523.022627443814,1541.3895263671875,4069167.0
2023-10-25,1550.1051783843975,1552.6656838605315,1523.515064142734,1545.279541015625,2510769.0
2023-10-26,1530.408818921685,1534.5450108859563,1477.228589692746,1483.2359619140625,3343802.0
2023-10-27,1485.451745293294,1510.6630881706817,1484.4177574522314,1487.8646240234375,3341111.0
2023-10-30,1479.296661476296,1492.443971666061,1440.987176633503,1475.06201171875,2637486.0
2023-10-31,1471.5165651171974,1474.5696003224757,1433.453405300879,1436.45703125,2555737.0
2023-11-01,1442.6615069652976,1462.456346603158,1427.9876785014,1432.517822265625,2627536.0
2023-11-02,1442.7599482282983,1455.0701866944105,1430.4497097621868,1447.3885498046875,2091122.0
2023-11-03,1457.5321055724555,1465.5091153500618,1438.278846226171,1446.6990966796875,2456723.0
2023-11-06,1459.304853209898,1469.54687471283,1451.1800963990834,1465.7061767578125,1271868.0
2023-11-07,1465.6569727907151,1474.2741396053757,1452.6081201856575,1457.2860107421875,1940908.0
2023-11-08,1462.505645458706,1466.7895844795232,1451.623346369541,1464.8199462890625,1342202.0
2023-11-09,1464.8198298320535,1535.037353609196,1464.8198298320535,1528.4884033203125,4831782.0
2023-11-10,1526.4694831822733,1527.4543022036812,1492.2963112262848,1500.962646484375,4872228.0
2023-11-13,1503.080086902333,1519.8712999239658,1490.0805234268023,1516.8675537109375,1968032.0
2023-11-15,1525.484599962513,1527.2573222133103,1510.2691948089505,1520.708251953125,2782942.0
2023-11-16,1520.7574924596104,1559.904048758485,1515.144072096072,1545.6734619140625,3224223.0
2023-11-17,1551.090046911422,1571.7712475369076,1548.775746122957,1560.4951171875,2035309.0
2023-11-20,1565.665401508038,1565.665401508038,1517.2122312595309,1528.6361083984375,2918577.0
2023-11-21,1529.4240045292213,1547.5446993281853,1525.6324751808734,1536.071533203125,2213144.0
2023-11-22,1536.3177243299597,1540.897156974762,1511.697247978518,1520.0189208984375,1269475.0
2023-11-23,1532.9692506724596,1537.253189333006,1511.7956419056654,1522.3824462890625,1552635.0
2023-11-24,1525.4847795637377,1535.825380070787,1524.0075509198737,1529.6209716796875,1239270.0
2023-11-28,1529.620858288196,1548.1355040056646,1518.7386802154026,1542.27587890625,2596766.0
2023-11-29,1552.0748305879513,1598.7552778356169,1543.4576638572123,1594.5205078125,3581220.0
2023-11-30,1590.5320607346189,1634.799629110719,1589.2024588384138,1622.735595703125,5214960.0
2023-12-01,1630.8603452543448,1640.7085357450112,1596.5885942599582,1600.8233642578125,2489755.0
2023-12-04,1637.6064243945018,1649.5720005614123,1614.5616332984475,1631.697509765625,3001010.0
2023-12-05,1635.6860002388369,1682.070953905562,1615.694125240796,1660.4542236328125,3423953.0
2023-12-06,1662.4729482603595,1684.483629110588,1658.5829612541622,1676.555908203125,2279220.0
2023-12-07,1677.146832557958,1680.1012896910606,1656.1209700041445,1666.9539794921875,2461051.0
2023-12-08,1673.2075401561603,1682.2186583681807,1637.310934423903,1643.2198486328125,1942667.0
2023-12-11,1648.5870224226076,1649.0301428901564,1622.0953670152749,1627.117919921875,2037178.0
2023-12-12,1637.754102220039,1644.6478356629375,1601.8082064106393,1610.5731201171875,2051527.0
2023-12-13,1614.1184613550738,1645.1402621681823,1604.8119691980105,1640.8563232421875,2247441.0
2023-12-14,1650.5567847817797,1683.8928867317002,1645.6819784028555,1677.6885986328125,3326228.0
2023-12-15,1701.6688380941696,1713.1911727403274,1672.222724844117,1698.7635498046875,3858594.0
2023-12-18,1693.888778450666,1705.5588602355112,1672.9613734843424,1684.8284912109375,1739425.0
2023-12-19,1693.888783732578,1697.680313071336,1665.6245247885597,1673.55224609375,1660221.0
2023-12-20,1684.0405189398548,1685.9608679359903,1615.6940551219038,1621.9476318359375,3047660.0
2023-12-21,1610.1790746893105,1628.0535636903037,1595.800741246221,1609.0465087890625,3211338.0
2023-12-22,1605.2550707451337,1626.9210901048837,1598.115132547034,1609.4405517578125,2751274.0
2023-12-26,1615.9896397795296,1643.6630316677083,1609.6867736733789,1637.0155029296875,1203594.0
2023-12-27,1644.6478629902358,1666.116967013145,1635.0458769637958,1662.3253173828125,1793638.0
2023-12-28,1663.3101171621838,1713.5358896407663,1662.7685388049726,1708.119384765625,2963938.0
2023-12-29,1703.7368634480451,1731.311795342002,1688.964578504854,1703.14599609375,2273255.0
2024-01-01,1703.1461366921203,1703.7370040951928,1673.207612692331,1677.4423828125,1307485.0
2024-01-02,1677.7376976595365,1679.1164683632098,1624.4097224361217,1631.0572509765625,2857334.0
2024-01-03,1646.6174229015633,1652.7232528182788,1623.031055152011,1630.1217041015625,1927812.0
2024-01-04,1641.5949792312783,1649.0302912941872,1613.3305989757762,1616.7774658203125,2835768.0
2024-01-05,1622.9325012222532,1636.2768474025936,1611.6563712153743,1617.0728759765625,1709313.0
2024-01-08,1623.1295665352548,1628.2998666281358,1581.7178767520716,1591.6153564453125,1492195.0
2024-01-09,1600.3308570513148,1611.9517692078443,1590.4826671617682,1605.156494140625,2542484.0
2024-01-10,1620.027440400637,1622.440199139895,1596.7364443417152,1608.0126953125,1954233.0
2024-01-11,1618.9441505288587,1626.1825469061716,1601.1681175991987,1603.9256591796875,2228002.0
2024-01-12,1605.255100622251,1609.0466300373412,1577.187756838365,1599.789306640625,3061539.0
2024-01-15,1610.1791266377109,1615.989583003568,1591.5660227817682,1610.7208251953125,1405514.0
2024-01-16,1613.133544479406,1615.1031825068535,1592.9940437356229,1595.75146484375,2236688.0
2024-01-17,1587.5283958461405,1590.4828531585092,1566.8471946595594,1573.4454345703125,2548169.0
2024-01-18,1575.710479788221,1598.6568117370043,1556.654255216716,1592.6986083984375,2328588.0
2024-01-19,1600.281677039302,1633.8148139846246,1597.622713674839,1630.417236328125,2836976.0
2024-01-23,1594.4221413759751,1622.5879439189223,1564.1389537000575,1570.9833984375,2772880.0
2024-01-24,1570.7864238106467,1607.5202233759717,1551.090042320858,1603.3839111328125,2543323.0
2024-01-25,1606.8308123430868,1617.8115693024995,1579.5513714817423,1610.671630859375,2038472.0
2024-01-29,1610.6715856784729,1620.0273668242664,1600.330985464701,1615.103271484375,3075670.0
2024-01-30,1624.9020836065383,1634.3071532744657,1589.9410086193473,1595.75146484375,2569098.0
2024-01-31,1590.5320109394422,1633.1254336776694,1584.6230968023472,1626.4779052734375,3154787.0
2024-02-01,1634.0609945675144,1676.752875972025,1620.5690217861732,1626.083984375,4065784.0
2024-02-02,1629.875498571687,1661.438996646,1624.9514034098393,1635.5382080078125,3304158.0
2024-02-05,1651.2461100537091,1686.8473439836962,1639.8222327227595,1677.6885986328125,3525423.0
2024-02-06,1684.9761785143187,1703.7370303165235,1680.101372092479,1701.4227294921875,2219874.0
2024-02-07,1705.1649686504525,1725.4030490766634,1689.6540679524176,1694.8736572265625,1213661.0
2024-02-08,1702.7521970519936,1717.4260254540604,1650.1136650738376,1660.3065185546875,2550690.0
2024-02-09,1660.404938746491,1664.0980102294684,1603.2854331431126,1621.4061279296875,2033950.0
2024-02-12,1628.8906412586125,1649.6211294896705,1615.6448736713985,1635.24267578125,1197925.0
2024-02-13,1644.6477747955253,1653.905097691101,1598.804401010017,1621.750732421875,2075130.0
2024-02-14,1606.239945710187,1654.1514187780244,1599.2477541714377,1631.89453125,4368695.0
2024-02-15,1655.530200276224,1757.8036400231963,1642.7767207690697,1738.2550048828125,9887134.0
2024-02-16,1760.8564975081842,1836.342903282045,1749.8757408320787,1807.6846923828125,7188957.0
2024-02-19,1808.177066550848,1828.267279016129,1792.3706726965193,1820.4873046875,2682236.0
2024-02-20,1809.5065778556216,1831.763464727696,1792.8631115789087,1825.5098876953125,1830562.0
2024-02-21,1821.8168372275136,1861.012564418648,1818.6653440462403,1831.4188232421875,4466234.0
2024-02-22,1842.5472249753525,1887.898192073695,1824.8697704290853,1881.34912109375,3360123.0
2024-02-23,1897.1060428566288,1918.2796512031653,1872.2393632868584,1900.6513671875,3323441.0
2024-02-26,1905.6247949733704,1921.381899221212,1895.973520534701,1900.5037841796875,2436063.0
2024-02-27,1896.761512242546,1927.2416141057847,1885.977791607163,1920.988037109375,2821465.0
2024-02-28,1922.317578188164,1923.4994332286503,1868.25110622107,1872.78125,2010429.0
2024-02-29,1873.963000629436,1921.2836064773128,1863.8194360284533,1903.064453125,5539065.0
2024-03-01,1904.2460524380008,1952.206811331151,1901.193137488317,1942.9986572265625,3384932.0
2024-03-04,1937.138981849552,1944.9682448484527,1889.9169586706887,1891.8865966796875,1645331.0
2024-03-05,1895.7767527389576,1938.1239737092303,1893.85640359578,1909.8104248046875,2208384.0
2024-03-06,1915.4730104533912,1949.843218591849,1892.8221727976445,1940.733642578125,1673183.0
2024-03-07,1900.8486088725056,1902.8182470714323,1855.694677205549,1868.7435302734373,18323831.0
2024-03-11,1883.958818031236,1884.64814327036,1844.8615503440096,1865.5919189453125,3250782.0
2024-03-12,1863.27767870146,1869.531255746691,1848.1607300345,1866.3798828125,3186510.0
2024-03-13,1867.216977236853,1872.535024316721,1816.25258980436,1825.55908203125,4270994.0
2024-03-14,1825.559052725884,1866.822995593321,1816.5972232777085,1861.8497314453125,2388133.0
2024-03-15,1846.535723220643,1853.5279144491376,1761.6443689919804,1772.181884765625,5504948.0
2024-03-18,1780.503521456017,1839.0510850597125,1773.708366306514,1827.8734130859373,3404076.0
2024-03-19,1827.8734121947527,1836.6874944431493,1799.0674555124674,1815.9078369140625,2189225.0
2024-03-20,1823.8355802055944,1830.8278915907963,1792.912358401855,1816.4002685546875,1550415.0
2024-03-21,1831.714079897596,1846.5356541685885,1816.9910837018908,1837.5245361328125,2072960.0
2024-03-22,1837.5245973651308,1876.523407637306,1819.2069871088088,1850.278076171875,3786990.0
2024-03-26,1849.6871140152025,1888.3905512356089,1832.8467320997688,1835.6534423828125,4092744.0
2024-03-27,1841.5130714106588,1871.0576413989024,1827.134738059813,1852.59228515625,4196597.0
2024-03-28,1852.592449692744,1933.1505788850948,1841.9563554654744,1892.18212890625,3790854.0
2024-04-01,1908.579321844748,1934.036870283092,1863.0807297514152,1886.864013671875,2765845.0
2024-04-02,1886.864048123569,1947.479709938224,1872.5841716158045,1942.013916015625,3431715.0
2024-04-03,1937.1390730167363,1972.8880526493629,1926.5029791807167,1959.1005859375,3615370.0
2024-04-04,1968.653214794627,1984.41031906512,1933.3966459025344,1972.2969970703125,3007920.0
2024-04-05,1965.0586322924785,1996.6712991896727,1962.0057173354148,1982.7362060546875,2767027.0
2024-04-08,1987.3647712883776,2055.317283289814,1986.2814944158456,2046.552490234375,2781568.0
2024-04-09,2063.1958130739067,2066.790306264242,2038.673916051676,2059.157958984375,2853137.0
2024-04-10,2066.593498393277,2076.589556064624,2038.575444358408,2044.6812744140625,2280814.0
2024-04-12,2052.3628003217405,2055.8096668289986,2020.5038094309232,2039.5108642578125,4008660.0
2024-04-15,2024.049333688506,2052.2643030348668,2004.106748111476,2022.276611328125,2024919.0
2024-04-16,2015.9737899357744,2042.2684092519355,1996.966735074436,2000.462890625,1981730.0
2024-04-18,2000.463047925913,2055.317422667299,1985.8876774358453,1994.2093505859373,3539862.0
2024-04-19,2003.121746344572,2055.317150747847,1967.8651798117228,2051.279296875,3253248.0
2024-04-22,2092.2973755255125,2100.619048469854,2033.6513525973976,2058.911865234375,2449171.0
2024-04-23,2064.180825504444,2081.907569234921,2025.625254064396,2031.2879638671875,2886136.0
2024-04-24,2023.803227893884,2059.1090884082537,2021.7843006745647,2027.2008056640625,1929834.0
2024-04-25,2028.727145837472,2081.8580829534853,2010.9019459296137,2065.017822265625,3084498.0
2024-04-26,2067.6769543258984,2071.074532076244,2007.8491950184173,2013.8565673828125,2952484.0
2024-04-29,2014.4472909987348,2036.9505016184803,1970.6228449222529,2030.74609375,2724604.0
2024-04-30,2041.5792676090607,2136.072611439007,2041.5792676090607,2123.61474609375,5745143.0
2024-05-02,2132.231864913233,2170.541230567572,2132.231864913233,2151.977294921875,3347541.0
2024-05-03,2176.4499303536822,2176.4499303536822,2139.3715921935564,2159.7080078125,3859227.0
2024-05-06,2167.045028994725,2205.9946704822955,2156.753718016173,2191.173095703125,2111447.0
2024-05-07,2202.055404938113,2202.941645913056,2131.985625413572,2158.23095703125,1727823.0
2024-05-08,2158.427908409919,2161.6778594289585,2127.209191966538,2149.26904296875,1993202.0
2024-05-09,2152.3713115701594,2222.4903794769825,2151.829613008622,2178.96142578125,3998822.0
2024-05-10,2178.2722154663875,2197.771441235866,2149.860088349504,2159.757568359375,3045912.0
2024-05-13,2174.4805174831176,2174.529806523734,2127.209201885659,2151.091064453125,2575573.0
2024-05-14,2141.9814418053866,2245.7322252868,2141.9814418053866,2235.440673828125,3830189.0
2024-05-15,2246.6676775411493,2281.973295133852,2221.7517082579507,2267.348876953125,2569084.0
2024-05-16,2284.238304709438,2357.5580287089247,2251.493074059725,2335.744384765625,7444517.0
2024-05-17,2388.530927091648,2519.1177860181,2388.530927091648,2476.426025390625,9796445.0
2024-05-21,2465.00216098794,2498.4367207179066,2429.548674054034,2484.353759765625,3747292.0
2024-05-22,2483.418112370865,2496.516253622696,2452.1993970495114,2482.778076171875,2974921.0
2024-05-23,2481.7440316682923,2577.665311956656,2462.293855229622,2569.58984375,4715263.0
2024-05-24,2550.4846385760484,2565.453841309871,2533.348641402269,2540.587158203125,2919241.0
2024-05-27,2541.965602045822,2550.4351420739204,2502.425213248318,2510.40234375,3328559.0
2024-05-28,2511.2886011253154,2542.753521981959,2509.318963006786,2514.046142578125,1549203.0
2024-05-29,2472.142097264072,2508.3341984788726,2462.6386893092977,2495.186767578125,2720451.0
2024-05-30,2479.77455290004,2493.020322023854,2440.381787961199,2455.646484375,3367101.0
2024-05-31,2479.528300562072,2530.19719540596,2457.271292624771,2468.202880859375,8769724.0
2024-06-03,2535.958153027292,2614.0543459353344,2531.37860052687,2594.01318359375,2701157.0
2024-06-04,2594.2598147542963,2598.937705660658,2411.034166008779,2533.841064453125,6372249.0
2024-06-05,2533.84071798109,2711.896041904246,2532.757561337816,2699.339599609375,4242881.0
2024-06-06,2703.3282528164086,2719.971598344896,2630.3530661021664,2658.86376953125,4992660.0
2024-06-07,2627.842141522748,2824.067347187593,2627.842141522748,2814.0712890625,6447821.0
2024-06-10,2817.567239912259,2842.187715619287,2757.493279187111,2764.9287109375,2021106.0
2024-06-11,2778.174739954572,2811.6585900639147,2770.690018462271,2792.50390625,2298974.0
2024-06-12,2792.5037368081244,2805.355673642436,2739.8159170389126,2745.232421875,2580846.0
2024-06-13,2806.734257143888,2835.3925873116177,2746.315513013741,2818.256591796875,2492637.0
2024-06-14,2831.354716992457,2901.2768682642704,2821.5065266724832,2884.14111328125,3515019.0
2024-06-18,2919.988582207201,2967.7523077508945,2911.765246687281,2916.935546875,4887512.0
2024-06-19,2929.83673197665,2931.806370115794,2882.0237180620616,2889.3115234375,3512298.0
2024-06-20,2900.34128503941,2909.893981387593,2813.9234165677085,2827.6123046875,4024418.0
2024-06-21,2840.956857184244,2876.5579709549406,2782.1632058608006,2796.8369140625,8400461.0
2024-06-24,2793.439202554911,2879.561579380233,2770.345244190196,2871.535400390625,2699784.0
2024-06-25,2876.8533346463296,2902.261713992445,2847.1611367322216,2865.232421875,1910886.0
2024-06-26,2862.918419135928,2868.728755665164,2801.416514290439,2808.211669921875,3282318.0
2024-06-27,2798.8558101109097,2860.899411812876,2750.6489644944254,2845.093017578125,6900180.0
2024-06-28,2811.6585453948364,2852.0361287087376,2811.6585453948364,2823.131591796875,2548169.0
2024-07-01,2797.871096453987,2850.1157984186766,2795.162843896701,2832.192138671875,1718501.0
2024-07-02,2846.323816693061,2847.1117199774294,2806.734141105387,2821.654052734375,1507890.0
2024-07-03,2827.415321727884,2851.050977499904,2821.6049858576584,2834.259765625,1019710.0
2024-07-04,2846.126934619717,2877.641142892323,2841.252128614414,2858.732666015625,1502213.0
2024-07-05,2862.998466472152,2862.998466472152,2817.365088281674,2857.6416015625,1966103.0
2024-07-08,2857.641632523133,2895.338771436734,2824.8053435915176,2828.624755859375,1631998.0
2024-07-09,2832.5927902342946,2916.5680279012136,2814.6369514158905,2902.18359375,2902129.0
2024-07-10,2906.647760662118,2906.647760662118,2676.397511821845,2710.225830078125,14481615.0
2024-07-11,2735.9688823290912,2735.9688823290912,2669.552527310803,2676.54638671875,4314565.0
2024-07-12,2668.213336919688,2700.603261060401,2665.7332619714625,2682.3994140625,3398732.0
2024-07-15,2701.1488501029403,2717.1700369404543,2686.516408319489,2709.283447265625,2017720.0
2024-07-16,2732.992862104299,2744.7981638252827,2718.162062791897,2734.778564453125,1925983.0
2024-07-18,2734.034508649503,2803.4269543614964,2714.689924861889,2796.978759765625,4122844.0
2024-07-19,2797.4747572444453,2797.4747572444453,2721.1381024449315,2727.387939453125,2042568.0
2024-07-22,2729.12403633582,2796.532422849909,2703.281607756652,2782.39599609375,2208103.0
2024-07-23,2801.492551995673,2831.749465181179,2721.5348419127736,2798.86376953125,2572524.0
2024-07-24,2800.500661542339,2807.841586589813,2741.6235847626963,2783.14013671875,2276082.0
2024-07-25,2777.4855177553463,2804.468684105085,2759.628978556941,2788.992919921875,1857122.0
2024-07-26,2799.1118444819404,2874.3075220290307,2767.763600728381,2864.7841796875,2352661.0
2024-07-29,2876.8867916675545,2921.528138434809,2852.5820584276044,2909.623779296875,2388937.0
2024-07-30,2921.528179814356,2926.488329525416,2881.450267026915,2898.810791015625,2290006.0
2024-07-31,2913.5919821493057,2955.8525551728085,2850.0524149985067,2884.624755859375,4238740.0
2024-08-01,2903.175657131394,2903.175657131394,2797.6237670218666,2805.857421875,4971708.0
2024-08-02,2787.9018703594743,2787.9018703594743,2712.0612276673046,2727.735107421875,3041513.0
2024-08-05,2658.293005350739,2707.448138675949,2614.792636595744,2657.5986328125,3731770.0
2024-08-06,2666.874289240377,2726.842454117056,2604.7731145533608,2611.96533203125,3069277.0
2024-08-07,2676.0008447045843,2683.193061988776,2639.791750791065,2659.483642578125,2479171.0
2024-08-08,2639.295626916683,2694.8493029577785,2635.3275071994617,2661.566650390625,2673182.0
2024-08-09,2712.209856953295,2742.962785104557,2683.440988682759,2727.239013671875,2279076.0
2024-08-12,2727.239179395318,2735.0267117783114,2687.111614308192,2695.990234375,2321474.0
2024-08-13,2696.43685697053,2716.8228798438963,2682.5484368824914,2696.38720703125,1292521.0
2024-08-14,2707.051516244151,2749.857513926392,2693.659111225326,2723.370361328125,2609359.0
2024-08-16,2766.771629130405,2822.3749582480204,2754.0239469407784,2817.8115234375,4376092.0
2024-08-19,2837.1064118408203,2837.1064118408203,2738.002714802525,2743.111572265625,2500718.0
2024-08-20,2757.5952511156265,2761.0177060011893,2726.594315205072,2749.212646484375,1762399.0
2024-08-21,2751.891071350175,2758.7856310387847,2733.0425023683247,2747.32763671875,1497501.0
2024-08-22,2749.014300932306,2753.6271433380057,2702.339243182688,2711.168212890625,2346622.0
2024-08-23,2711.1683125111367,2746.9310420866937,2703.5793799661824,2737.0107421875,1943539.0
2024-08-26,2742.913321295045,2776.6919914955047,2731.1579110209364,2770.839111328125,2765969.0
2024-08-27,2775.6501798370828,2777.683889695287,2751.841460782552,2758.636962890625,1604159.0
2024-08-28,2759.728171229661,2804.4688212876663,2758.637083542164,2775.699951171875,1851275.0
2024-08-29,2767.118776384046,2779.3205507418925,2719.7987550653484,2735.621826171875,2237121.0
2024-08-30,2757.8433072100943,2799.0622007622155,2742.962857710759,2783.040771484375,4895220.0
2024-09-02,2826.094986771696,2826.094986771696,2734.530573404303,2754.8671875,2270687.0
2024-09-03,2757.8433428779776,2775.799182383996,2750.502417907957,2762.65478515625,1592710.0
2024-09-04,2738.9948361631423,2757.7441063274014,2709.333235974329,2727.685791015625,1697000.0
2024-09-05,2734.2330201300224,2738.0027825449547,2690.286042971224,2701.39697265625,2360312.0
2024-09-06,2701.2976410809906,2717.070820917417,2658.739651729622,2676.59619140625,2835519.0
2024-09-09,2666.7252837826136,2692.667012978482,2638.8493867668367,2687.260498046875,1269082.0
2024-09-10,2669.8005843038454,2693.3612954519053,2655.664157615009,2668.560546875,2034126.0
2024-09-11,2660.1282747543005,2686.4170680718426,2623.026452006712,2633.095458984375,2034245.0
2024-09-12,2643.7599514765034,2729.669846402413,2614.5943663381445,2719.054931640625,3730285.0
2024-09-13,2733.042466170512,2736.564220872597,2690.1371715564014,2717.269287109375,2102332.0
2024-09-16,2718.360472814659,2762.1090913287017,2710.275525444641,2735.42333984375,1234752.0
2024-09-17,2742.962747939389,2771.2356008566667,2723.4198068179862,2765.43212890625,1387175.0
2024-09-18,2759.3314508979747,2825.301446038983,2755.512038511881,2785.818603515625,2526756.0
2024-09-19,2789.588292071604,2829.2694911053395,2769.946050110941,2775.203857421875,2807727.0
2024-09-20,2776.3942791109785,2936.408764622085,2776.1959215523334,2927.331787109375,12492909.0
2024-09-23,2939.1366663341864,3032.5361870869665,2932.589171937808,3025.492919921875,3925490.0
2024-09-24,2995.93057458058,3073.854578858387,2995.93057458058,3049.7978515625,3697722.0
2024-09-25,3020.731277793649,3123.902395327488,3010.364612980414,3066.414306640625,4218815.0
2024-09-26,3047.51601722392,3171.718118966089,3021.375931070653,3155.74658203125,4753617.0
2024-09-27,3145.7270407807223,3196.4198692209,3127.424136238795,3158.276123046875,6803795.0
2024-09-30,3137.9394425924897,3153.6632141935884,3062.396458702613,3070.2333984375,3554400.0
2024-10-01,3080.74895599129,3160.0617006714733,3071.126314083089,3140.270751953125,4028211.0
2024-10-03,3060.4123892558628,3145.7269647748267,3047.9623649708187,3104.905029296875,3237011.0
2024-10-04,3102.127463923846,3132.4340289017414,2985.514288835084,2993.40087890625,4281562.0
2024-10-07,3003.8667420740658,3042.5062608754542,2959.126093654679,3035.81005859375,2732276.0
2024-10-08,3049.5001148271017,3151.579901428586,3041.563875100811,3140.6181640625,6060165.0
2024-10-09,3139.5763629112894,3178.7615450465446,3119.9341219083262,3127.870361328125,2432656.0
2024-10-10,3130.84651317926,3194.6340872194346,3129.854483232118,3168.84130859375,2507231.0
2024-10-11,3174.4958093354744,3184.912123709856,3096.125444042505,3109.369140625,1652856.0
2024-10-14,3125.886307106923,3148.7029954799664,3090.173229653464,3129.755126953125,2425178.0
2024-10-15,3151.679180053283,3167.502009461928,3061.950118691862,3130.648193359375,2245701.0
2024-10-16,3112.989947263078,3122.8109467770937,3027.824080158088,3043.5478515625,1972106.0
2024-10-17,3030.6515810505507,3040.86953825705,2928.670850931719,2940.97216796875,3622197.0
2024-10-18,2921.8754868316764,2965.028789312872,2891.469623789534,2940.624755859375,3407751.0
2024-10-21,2936.16069541889,2977.478646674825,2869.843395233673,2974.30419921875,5059952.0
2024-10-22,2981.050147171847,2984.968617229165,2855.26069485222,2864.18896484375,4195638.0
2024-10-23,2853.226772132832,2901.588230980345,2759.083229120929,2771.235595703125,7913897.0
2024-10-24,2740.978779759051,2819.547504160087,2740.978779759051,2803.823974609375,3992102.0
2024-10-25,2802.4846176651263,2802.5342676017467,2657.945901929289,2699.164794921875,4532596.0
2024-10-28,2708.2419188663025,2812.305769713308,2692.2701388771093,2758.83544921875,2813985.0
2024-10-29,2739.986829790899,2775.650259458735,2681.010695380092,2725.007080078125,3156567.0
2024-10-30,2667.816481052345,2733.885771065188,2647.7775249669007,2686.119384765625,5677865.0
2024-10-31,2686.1195447104064,2730.066521530106,2650.307407531937,2706.803466796875,3833325.0
2024-11-01,2757.8432841808585,2818.257811765744,2757.8432841808585,2795.193115234375,1061709.0
2024-11-04,2782.148109413808,2948.065125387942,2782.148109413808,2860.96484375,7559263.0
2024-11-05,2852.5822387513394,2884.823213454667,2799.607934116724,2876.34130859375,3562624.0
2024-11-06,2886.807236688905,2930.2581981749395,2862.403202346185,2911.16162109375,2902347.0
2024-11-07,2948.0650197332257,2948.858692136448,2835.171962378425,2868.305908203125,4251557.0
2024-11-08,2886.8072914743225,2967.1120712981915,2828.525529146448,2951.18994140625,4455563.0
2024-11-11,2938.740116011968,2985.613532692672,2866.0242698439965,2907.2431640625,2628672.0
2024-11-12,2907.838167614137,2922.42095957364,2857.046282148242,2875.448486328125,2414528.0
2024-11-13,2853.078294306624,2871.9268644011395,2760.720203965569,2776.642333984375,3949602.0
2024-11-14,2792.564298033508,2819.745821676406,2714.4419397847905,2784.826416015625,2478112.0
2024-11-18,2821.333170967392,2851.788441919673,2777.733503209442,2824.2099609375,2405351.0
2024-11-19,2822.3253087884914,2974.105896572196,2822.3253087884914,2925.44677734375,5230405.0
2024-11-21,2938.888686217872,2950.297030485047,2894.7433540535867,2912.847900390625,3821808.0
2024-11-22,2920.536108333793,3039.083684742044,2873.6130442955828,2988.9365234375,4827125.0
2024-11-25,3050.4922452327405,3124.547187739079,2998.311370436358,3021.32666015625,6299837.0
2024-11-26,3029.1634078734287,3043.647141808812,2928.9683843937446,2961.40771484375,2144702.0
2024-11-27,3001.8331443626566,3045.5321145098164,2962.2512440520063,2980.851806640625,3593911.0
2024-11-28,2971.129700604098,2976.0402004182206,2868.9506157419205,2875.59716796875,4457143.0
2024-11-29,2879.8630167914685,2967.806377177945,2879.8630167914685,2942.460205078125,3542836.0
2024-12-02,2960.217456427566,3002.1307230274538,2938.2934970204665,2992.359130859375,2318823.0
2024-12-03,3017.457497907875,3017.457497907875,2963.838229828564,3003.17236328125,2308865.0
2024-12-04,2979.066051927002,3027.5268136855943,2979.066051927002,3007.5869140625,3364025.0
2024-12-05,3025.6417903724314,3074.3009093514693,2992.012070913794,3047.119384765625,3797063.0
2024-12-06,3050.988131532132,3074.3008355123,3041.514197007612,3048.508056640625,2688767.0
2024-12-09,3038.984463544929,3048.508047979184,3015.7710595043013,3026.931396484375,1879542.0
2024-12-10,3023.657623940532,3056.6922695645653,2981.347643642983,3042.45654296875,2061909.0
2024-12-11,3027.6754247775016,3090.1733119862115,3023.50894740255,3047.565673828125,2409385.0
2024-12-12,3060.214013637909,3061.4044011293927,3020.731173505833,3043.002197265625,1958999.0
2024-12-13,3026.683450126903,3068.448008902681,2976.089921462049,3056.841064453125,2467964.0
2024-12-16,3064.777214367668,3067.505296715673,3015.7710319759826,3060.263671875,2300493.0
2024-12-17,3030.750737134003,3069.0925970646617,3003.8666291432064,3017.259033203125,2564201.0
2024-12-18,3001.9820286790614,3037.595808193738,3000.444333766322,3026.8818359375,2014105.0
2024-12-19,2982.042084527656,3020.731253288993,2946.825020655157,2990.623046875,2372390.0
2024-12-20,2990.622926787257,3000.890533424168,2863.345680728781,2883.186279296875,8046336.0
2024-12-23,2894.7434051276664,2918.9488391219534,2868.057896248932,2886.11279296875,2142508.0
2024-12-24,2886.211927241869,2926.6867988691497,2877.680614729851,2905.358154296875,1858546.0
2024-12-26,2901.6876175618804,2960.6637499311414,2900.0508650145143,2951.933837890625,2162163.0
2024-12-27,2963.39188614965,3039.579836495552,2954.3149087769457,3025.145751953125,2290315.0
2024-12-30,3003.916496748452,3020.334641724635,2967.2113866652467,2978.966796875,2336275.0
2024-12-31,2970.53432690849,2994.839060204899,2947.519280960648,2983.13330078125,1536411.0
2025-01-01,2983.1333335663185,3062.346779067685,2971.328031947151,3057.436279296875,1686613.0
2025-01-02,3075.292940609911,3202.372078033688,3060.4621408352887,3185.507568359375,4298090.0
2025-01-03,3189.376422744382,3211.2507324964145,3150.389595638589,3165.121337890625,2257218.0
2025-01-06,3184.0195716544536,3209.217036671877,3065.4719871467905,3080.947509765625,2657204.0
2025-01-07,3085.213247368235,3106.3435344467307,3057.188400346321,3084.072509765625,1978328.0
2025-01-08,3110.013828780857,3110.013828780857,3032.635494284874,3061.503662109375,2715102.0
2025-01-09,3079.06275460563,3132.7314321521985,3060.7598495911584,3101.581787109375,2434207.0
2025-01-10,3085.2131680664056,3124.497651264405,3030.6515203996364,3068.199951171875,2341303.0
2025-01-13,3029.31229547808,3042.40728515983,2969.5921382550227,2975.74267578125,2207294.0
2025-01-14,2976.089830300049,3053.914530923433,2975.742522941923,3025.1953125,2851530.0
2025-01-15,3032.73493839456,3039.5301984174966,2927.4804609975404,2936.65673828125,2440803.0
2025-01-16,2954.4140592970352,2973.5106368725,2921.5283615450107,2956.8447265625,2598449.0
2025-01-17,2946.279262167889,2946.6762194594685,2879.962206214023,2894.0986328125,2002830.0
2025-01-20,2886.807146073031,2912.550274761421,2854.3678152416883,2865.081787109375,2905527.0
2025-01-21,2876.986219232072,2883.83112916227,2786.5128920123034,2798.814208984375,3381309.0
2025-01-22,2825.3013902657644,2829.170210319732,2783.4874233797523,2803.923095703125,3133157.0
2025-01-23,2803.923026730672,2876.2915637376304,2787.60418235832,2863.44482421875,2650506.0
2025-01-24,2852.0862590149627,2872.918889080812,2767.7637087484336,2779.07275390625,2665366.0
2025-01-27,2750.204799507101,2824.210091707678,2732.199309807606,2809.0322265625,2022141.0
2025-01-28,2812.405070412617,2901.6877710606364,2761.8115400454058,2847.721435546875,2432787.0
2025-01-29,2860.964812243056,2910.119946188632,2833.535280175316,2901.04296875,1808565.0
2025-01-30,2901.042868854463,2984.9188070153195,2895.7354117665523,2947.767333984375,3055352.0
2025-01-31,2946.3291036911505,3025.5427961683185,2931.5479535505624,2966.02099609375,2412370.0
2025-02-01,2966.169669858871,3074.2512888216206,2966.169669858871,3052.228271484375,2674573.0
2025-02-03,3032.238938648293,3162.5419314150686,3020.48328648836,3148.0087890625,3664084.0
2025-02-04,3199.2967306263213,3244.483745291652,3112.8414135277903,3163.63330078125,3862456.0
2025-02-05,3163.6332403851457,3192.997182329855,3116.958181619888,3153.415283203125,2264208.0
2025-02-06,3144.735110586192,3155.498733000355,3096.373647923391,3114.924560546875,2341341.0
2025-02-07,3142.7509873976887,3194.2868965961334,3085.213248360736,3172.958251953125,4790111.0
2025-02-10,3183.622603266351,3244.880455298883,3103.863488752934,3112.24609375,3852783.0
2025-02-11,3121.769504821768,3128.8624219949743,3046.623237077278,3061.354736328125,2470280.0
2025-02-12,3044.093579762511,3050.492124560431,2931.54782932948,2963.391845703125,4609887.0
2025-02-13,3000.8408935749344,3022.715202008741,2947.370577132125,2954.26513671875,2481783.0
2025-02-14,2975.097853875709,2995.9304830625683,2883.8807473750685,2919.1474609375,1959802.0
2025-02-17,2917.361706631392,2931.448483391808,2769.995610067944,2809.379150390625,4773279.0
2025-02-18,2821.333200210535,2822.3252301684147,2733.9352640433867,2767.813232421875,2301836.0
2025-02-19,2728.082414950537,2760.472096562841,2706.2577556309325,2735.42333984375,2671072.0
2025-02-20,2723.2214573709143,2821.8291355223178,2668.610161292472,2816.8193359375,3799854.0
2025-02-21,2792.7626155477847,2792.7626155477847,2632.2027164037945,2648.0751953125,8940621.0
2025-02-24,2647.7278673659985,2695.14694617592,2610.179437861698,2687.607421875,6167313.0
2025-02-25,2718.162019336489,2781.602285180946,2706.406367739902,2755.71044921875,4916248.0
2025-02-27,2814.3889965829894,2817.365086463056,2681.9529969200253,2704.8193359375,2669767.0
2025-02-28,2673.620125163145,2677.488945249453,2551.699493973278,2564.496826171875,7549863.0
2025-03-03,2592.96801009134,2674.463176068161,2574.317798028891,2591.0830078125,4340806.0
2025-03-04,2540.5886212639016,2606.360253299035,2529.6762921604645,2592.521484375,1984876.0
2025-03-05,2640.7340163715703,2715.0866109790786,2621.5877903369205,2704.868896484375,3665710.0
2025-03-06,2726.0984336149177,2744.7982959490487,2673.520843738065,2720.54296875,3706264.0
2025-03-07,2699.6112859240566,2743.905328521271,2686.5165383703697,2706.109130859375,1886774.0
2025-03-10,2673.520778059323,2712.854669622974,2643.859178735405,2681.060302734375,2520931.0
2025-03-11,2663.352525816283,2663.600533314729,2592.3230813832943,2624.5146484375,3616140.0
2025-03-12,2624.514494107862,2656.65616713856,2615.090209721074,2632.153076171875,3447155.0
2025-03-13,2655.763455281349,2664.939732247182,2597.432046237956,2622.43115234375,2446428.0
2025-03-17,2613.99903648766,2705.31544595459,2613.99903648766,2683.58984375,2527623.0
2025-03-18,2683.58984375,2683.58984375,2683.58984375,2683.58984375,0.0
2025-03-19,2772.723729477036,2809.329538007949,2757.396915082217,2766.870849609375,2438912.0
2025-03-20,2781.4040319156816,2824.3093281726065,2778.675949494721,2805.56005859375,2354374.0
2025-03-21,2816.472403741644,2869.9427226081257,2759.0833727113204,2779.519287109375,3824316.0
2025-03-24,2792.86196199926,2799.6572218284987,2687.805845153216,2752.58544921875,5395134.0
2025-03-25,2752.5856045247733,2780.114437144424,2703.3314116886268,2714.194091796875,3576766.0
2025-03-26,2729.372207113055,2772.7238699865816,2715.235779511156,2720.394287109375,3111504.0
2025-03-27,2713.2018332790203,2729.074312011183,2674.066301343993,2711.2177734375,4325599.0
2025-03-28,2713.995562709942,2717.8643826043176,2613.9988961561635,2644.553466796875,6074446.0
2025-04-01,2631.657124130426,2706.257728621197,2602.243290524088,2616.875732421875,3300417.0
2025-04-02,2610.1300199068187,2638.7995877225744,2604.3761979307183,2616.528564453125,2243574.0
2025-04-03,2586.966256155402,2631.2602991825,2579.526031087368,2590.63671875,2361203.0
2025-04-04,2594.108723332173,2610.52686778552,2536.6702849090243,2575.85546875,3598415.0
2025-04-07,2405.672549234822,2504.5282336069004,2405.672549234822,2471.39453125,3937471.0
2025-04-08,2489.995264523981,2529.676463958626,2434.4415853154774,2503.536376953125,4253527.0
2025-04-09,2519.756176764347,2551.451486533107,2495.897807045389,2502.990966796875,3347213.0
2025-04-11,2528.684431069624,2583.24608022962,2511.869571267462,2559.78466796875,3600209.0
2025-04-15,2585.230176999185,2668.560696902459,2585.230176999185,2624.911376953125,3287861.0
2025-04-16,2638.799759658733,2643.759909582904,2597.432157730115,2613.602294921875,3070954.0
2025-04-17,2611.0227996408507,2661.4179689847347,2581.658616566358,2658.044921875,2638979.0
2025-04-21,2678.3814882766324,2751.891002340358,2644.6524709444143,2741.970703125,3120955.0
2025-04-22,2742.9628471383867,2799.5085550179124,2734.0345774731986,2794.647705078125,3193757.0
2025-04-23,2807.444884070858,2899.703673547391,2803.476764093373,2894.545166015625,3906215.0
2025-04-24,2894.5450714587305,2904.6637286318046,2842.165841028046,2878.275634765625,2488496.0
2025-04-25,2878.2755351818114,2916.1712721735707,2808.5360250244426,2841.3720703125,2299310.0
2025-04-28,2895.6362195095176,2921.528298934882,2859.3280674610387,2907.2431640625,1864672.0
2025-04-29,2926.4883129510827,2945.8328967146576,2878.6725184462334,2886.410400390625,2051228.0
2025-04-30,2885.616919482819,2925.397177263029,2863.990616991064,2905.45751953125,2689753.0
2025-05-02,2926.48833766527,2976.089834913834,2887.005497416451,2893.94970703125,2868096.0
2025-05-05,2925.396986669802,3019.739130631516,2914.28629980552,2997.41845703125,4049197.0
2025-05-06,3125.489635144685,3134.516962308668,3031.643505663436,3043.944580078125,5683215.0
2025-05-07,2997.815243470502,3100.0936293685554,2997.815243470502,3095.0341796875,2942902.0
2025-05-08,3102.474504142808,3111.998088956338,2984.522234818344,3008.92626953125,3323894.0
2025-05-09,2937.996148645794,3032.735013767293,2931.448653759468,2958.332763671875,2308852.0
2025-05-12,3020.4335255566752,3087.3955468542435,3009.521196160035,3079.955322265625,2166730.0
2025-05-13,3025.691419302203,3086.205247688247,3010.8109696990773,3029.461181640625,2681662.0
2025-05-14,3013.291037690517,3085.213210606587,2993.9464532510224,3077.07861328125,2236302.0
2025-05-15,3060.4123230178493,3145.42923927342,3048.507963900762,3119.23974609375,3590003.0
2025-05-16,3110.0140601201333,3124.398495166941,3090.173460055571,3110.609375,2269659.0
2025-05-19,3090.173434284337,3131.8386940724404,3078.864389219781,3103.06982421875,2011149.0
2025-05-20,3103.2680293156227,3110.311538811685,3024.798605886781,3039.083740234375,2667772.0
2025-05-21,3038.587713565781,3107.037779591259,3023.806564301972,3066.06689453125,1395136.0
2025-05-22,3052.0796013365434,3065.174348925289,2956.7454212568737,2982.33984375,3870830.0
2025-05-23,2995.9305881133573,3006.6445605098133,2960.4158658153005,2988.688720703125,1828093.0
2025-05-26,3013.787018886935,3076.284906375374,3003.5690618585927,3055.650634765625,2164190.0
2025-05-27,3055.650667851693,3060.4124601508584,2990.573647079151,3015.57275390625,2599143.0
2025-05-28,3015.4734292634766,3020.5328789513123,2969.1456784430707,2973.907470703125,1491995.0
2025-05-29,2975.097767082866,3004.759365181861,2963.391765442311,2985.01806640625,2093429.0
2025-05-30,2981.0501487209067,2993.351223837699,2933.432708741338,2953.074951171875,3700191.0
2025-06-02,2953.074920115665,3014.283122006738,2938.6904852731127,3001.783447265625,2967741.0
2025-06-03,3017.7551035127403,3040.3734347788195,3002.8746542843737,3022.21923828125,3204094.0
2025-06-04,3020.8305540015576,3062.39651280439,3015.870404158985,3029.064208984375,1584653.0
2025-06-05,3053.468191807066,3070.332700988586,2970.931348251763,3017.3583984375,3504632.0
2025-06-06,3017.358321442344,3088.089861448809,3002.874587636936,3081.740966796875,2028071.0
2025-06-09,3105.0537862199794,3115.966115820114,3053.4682281102546,3062.793212890625,1364639.0
2025-06-10,3077.277036693918,3082.137886779174,3035.413419449941,3043.052001953125,1787253.0
2025-06-11,3060.412505893112,3099.10167533552,3051.4842360217863,3056.146728515625,1749787.0
2025-06-12,3063.388426430681,3069.340606015715,2983.034002032726,2995.13671875,2278398.0
2025-06-13,2908.631776810961,2994.44236640651,2908.631776810961,2982.0419921875,2003184.0
2025-06-16,2977.0819786339007,3020.731297880782,2964.284888732629,2999.501953125,1673726.0
2025-06-17,3018.747142579605,3018.747142579605,2970.1376749534465,2983.232421875,1455355.0
2025-06-18,2976.089777852992,3050.3927224287986,2962.7966737231704,3016.8623046875,2161043.0
2025-06-19,3013.78692885251,3082.13769418589,3010.0171666776564,3070.13427734375,2482920.0
2025-06-20,3075.292790123237,3177.4718731499124,3065.67014821891,3159.02001953125,8315834.0
2025-06-23,3138.386069671237,3159.0200990264307,3097.8118991023425,3110.013916015625,1731432.0
2025-06-24,3129.9538021095764,3190.9636442292385,3111.79960552769,3124.99365234375,2834887.0
2025-06-25,3154.655251115204,3199.792613984934,3135.310667028177,3189.872314453125,2078771.0
2025-06-26,3200.189278928195,3212.192938051462,3158.1273064505344,3190.169921875,2907261.0
2025-06-27,3179.4559336963066,3215.6650262329417,3161.6986947822907,3177.76953125,5098406.0
2025-06-30,3179.852851450725,3194.138228706202,3135.806816518025,3157.829833984375,2083572.0
2025-07-01,3162.5914363148963,3192.352334398161,3142.94919514098,3150.786376953125,1407074.0
2025-07-02,3142.7508768259927,3177.17426759974,3128.5648001235795,3139.97314453125,1559309.0
2025-07-03,3139.973226191099,3195.328547195574,3139.576511079309,3149.099853515625,2102806.0
2025-07-04,3161.10009765625,3177.0,3134.10009765625,3162.5,968006.0
2025-07-07,3162.5,3173.0,3152.10009765625,3160.199951171875,853459.0
2025-07-08,3150.0,3168.0,3123.0,3157.89990234375,1513129.0
2025-07-09,3145.0,3189.0,3141.0,3176.300048828125,1245661.0
2025-07-10,3172.10009765625,3192.60009765625,3137.60009765625,3162.39990234375,1701384.0
2025-07-11,3158.0,3162.39990234375,3062.39990234375,3073.199951171875,3041614.0
2025-07-14,3072.800048828125,3104.800048828125,3053.60009765625,3092.10009765625,2958843.0
2025-07-15,3086.10009765625,3148.300048828125,3082.89990234375,3128.60009765625,2826720.0
2025-07-16,3128.60009765625,3210.0,3082.39990234375,3196.5,2892812.0
2025-07-17,3186.300048828125,3238.0,3171.0,3195.0,3267180.0
2025-07-18,3208.0,3252.0,3176.699951171875,3192.39990234375,2040381.0
2025-07-21,3177.0,3253.60009765625,3152.800048828125,3246.699951171875,2436535.0
2025-07-22,3246.699951171875,3271.89990234375,3210.5,3257.199951171875,1854072.0
2025-07-23,3260.0,3303.0,3248.0,3268.800048828125,2159800.0
2025-07-24,3255.0,3286.5,3243.699951171875,3260.89990234375,1469406.0
2025-07-25,3256.0,3259.0,3214.0,3246.39990234375,1475856.0
2025-07-28,3246.39990234375,3256.89990234375,3199.199951171875,3209.800048828125,1939520.0
2025-07-29,3203.0,3225.89990234375,3186.60009765625,3199.39990234375,1824673.0
2025-07-30,3195.0,3241.60009765625,3151.89990234375,3208.89990234375,2199654.0
2025-07-31,3225.0,3238.199951171875,3135.60009765625,3203.10009765625,4465859.0
2025-08-01,3205.0,3205.0,3116.699951171875,3159.300048828125,3781457.0
2025-08-04,3170.0,3223.0,3160.0,3200.199951171875,2684012.0
2025-08-05,3195.0,3222.0,3170.10009765625,3212.199951171875,1805644.0
2025-08-06,3212.199951171875,3240.10009765625,3178.60009765625,3227.5,1866321.0
2025-08-07,3198.0,3229.60009765625,3161.10009765625,3211.10009765625,2374621.0
2025-08-08,3207.0,3214.89990234375,3135.60009765625,3144.199951171875,1721037.0
2025-08-11,3150.89990234375,3230.0,3130.300048828125,3186.199951171875,2046761.0
2025-08-12,3186.10009765625,3253.0,3185.10009765625,3236.5,3315978.0
2025-08-13,3255.0,3300.0,3238.699951171875,3282.199951171875,2436029.0
2025-08-14,3273.199951171875,3313.5,3262.0,3265.39990234375,1508721.0
2025-08-18,3350.0,3432.0,3335.300048828125,3383.10009765625,5787481.0
2025-08-19,3400.0,3403.89990234375,3338.10009765625,3354.0,2596242.0
2025-08-20,3354.10009765625,3404.199951171875,3335.0,3395.60009765625,2957816.0
2025-08-21,3410.0,3410.0,3370.0,3375.10009765625,1964795.0
2025-08-22,3380.0,3420.0,3375.39990234375,3403.0,2509867.0
2025-08-25,3428.0,3429.0,3381.800048828125,3398.89990234375,1859766.0
2025-08-26,3395.0,3414.0,3318.10009765625,3340.0,3121147.0
2025-08-28,3375.0,3375.0,3287.300048828125,3295.300048828125,2936346.0
2025-08-29,3271.0,3280.0,3187.0,3199.5,3017333.0
2025-09-01,3191.10009765625,3324.89990234375,3191.10009765625,3315.39990234375,3525653.0
2025-09-02,3325.0,3330.0,3223.0,3234.5,3073147.0
2025-09-03,3269.0,3293.699951171875,3232.800048828125,3286.0,2672582.0
2025-09-04,3527.0,3550.0,3463.39990234375,3481.5,7599892.0
2025-09-05,3511.0,3577.800048828125,3481.5,3561.300048828125,3700589.0
2025-09-08,3585.0,3715.199951171875,3579.10009765625,3701.39990234375,4623253.0
2025-09-09,3702.199951171875,3723.800048828125,3673.10009765625,3696.300048828125,2879204.0
2025-09-10,3702.0,3708.89990234375,3591.39990234375,3604.39990234375,2298054.0
2025-09-11,3620.0,3647.89990234375,3580.0,3595.699951171875,1949785.0
2025-09-12,3594.89990234375,3641.0,3582.0,3589.89990234375,2839127.0
2025-09-15,3590.0,3603.39990234375,3526.60009765625,3530.300048828125,2550010.0
2025-09-16,3545.0,3619.89990234375,3528.89990234375,3608.0,2464781.0
2025-09-17,3608.0,3644.89990234375,3593.10009765625,3633.199951171875,2237577.0
2025-09-18,3636.10009765625,3650.0,3603.300048828125,3642.199951171875,2480106.0
2025-09-19,3601.0,3636.699951171875,3584.5,3592.10009765625,4018133.0
2025-09-22,3600.0,3616.60009765625,3569.300048828125,3584.800048828125,1664021.0
2025-09-23,3610.0,3679.199951171875,3606.800048828125,3614.60009765625,2522957.0
2025-09-24,3614.5,3626.300048828125,3568.0,3574.89990234375,1319976.0
2025-09-25,3579.89990234375,3584.10009765625,3521.800048828125,3530.0,2106222.0
2025-09-26,3510.0,3547.5,3391.60009765625,3396.5,3046110.0
2025-09-29,3419.0,3458.0,3405.0,3418.10009765625,3175658.0
2025-09-30,3420.0,3454.0,3393.10009765625,3427.0,2599569.0
2025-10-01,3419.199951171875,3501.0,3415.5,3468.5,2364412.0
2025-10-03,3462.10009765625,3492.39990234375,3404.199951171875,3462.0,2357251.0
2025-10-06,3462.0,3480.0,3425.10009765625,3472.0,1155877.0
2025-10-07,3468.10009765625,3521.39990234375,3465.10009765625,3492.800048828125,1508864.0
2025-10-08,3500.0,3509.699951171875,3422.60009765625,3426.5,1444696.0
2025-10-09,3450.0,3475.0,3424.0,3442.89990234375,1997822.0
2025-10-10,3425.0,3473.89990234375,3395.699951171875,3454.89990234375,1416261.0
2025-10-13,3432.0,3470.0,3432.0,3459.699951171875,1090491.0
2025-10-14,3469.89990234375,3487.10009765625,3428.0,3459.800048828125,1518420.0
2025-10-15,3461.0,3500.0,3460.0,3497.199951171875,1318788.0
2025-10-16,3503.0,3573.199951171875,3498.300048828125,3560.800048828125,2125492.0
2025-10-17,3561.0,3656.0,3560.10009765625,3647.199951171875,3339279.0
2025-10-20,3674.0,3676.0,3593.0,3599.10009765625,2827082.0
2025-10-21,3608.199951171875,3628.10009765625,3604.300048828125,3621.199951171875,286950.0
2025-10-23,3632.10009765625,3650.0,3600.0,3623.60009765625,3724825.0
2025-10-24,3630.0,3655.300048828125,3615.10009765625,3625.0,1654492.0
2025-10-27,3626.800048828125,3635.300048828125,3593.0,3611.60009765625,1440726.0
2025-10-28,3605.0,3624.89990234375,3562.0,3579.10009765625,2850949.0
2025-10-29,3580.0,3583.5,3522.10009765625,3534.699951171875,2526396.0
2025-10-30,3540.0,3550.0,3496.0,3502.10009765625,2103319.0
2025-10-31,3516.10009765625,3526.699951171875,3483.699951171875,3487.199951171875,1915565.0
2025-11-03,3511.0,3590.0,3511.0,3548.89990234375,1776476.0
2025-11-04,3548.60009765625,3632.800048828125,3537.199951171875,3584.300048828125,3494282.0
2025-11-06,3625.0,3674.699951171875,3586.300048828125,3618.5,4535851.0
2025-11-07,3615.60009765625,3718.0,3566.800048828125,3690.199951171875,2595891.0
2025-11-10,3690.199951171875,3715.800048828125,3645.10009765625,3663.89990234375,1620846.0
2025-11-11,3699.89990234375,3759.0,3670.0,3749.10009765625,3043891.0
2025-11-12,3761.0,3781.0,3740.0,3754.300048828125,1984769.0
2025-11-13,3748.199951171875,3754.10009765625,3690.199951171875,3699.5,1599012.0
2025-11-14,3700.0,3716.800048828125,3660.5,3698.0,1847028.0
2025-11-17,3710.0,3754.5,3682.300048828125,3734.89990234375,2093879.0
2025-11-18,3718.5,3732.699951171875,3688.0,3694.800048828125,2613538.0
2025-11-19,3695.0,3746.5,3667.800048828125,3722.5,1626006.0
2025-11-20,3744.800048828125,3759.0,3711.10009765625,3716.699951171875,1815568.0
2025-11-21,3730.0,3779.0,3726.0,3749.60009765625,3184127.0
2025-11-24,3745.10009765625,3749.5,3677.199951171875,3690.800048828125,4059888.0
2025-11-25,3687.0,3695.800048828125,3653.0,3669.300048828125,1713890.0
2025-11-26,3681.0,3708.0,3669.300048828125,3686.39990234375,2116444.0
2025-11-27,3701.5,3717.60009765625,3665.0,3681.199951171875,1993243.0
2025-11-28,3692.0,3768.89990234375,3690.10009765625,3757.300048828125,2944357.0
2025-12-01,3790.0,3795.0,3730.0,3741.60009765625,1830070.0
2025-12-02,3722.800048828125,3748.0,3705.5,3716.5,2285910.0
2025-12-03,3736.0,3740.0,3640.0,3649.39990234375,2002281.0
2025-12-04,3675.0,3678.199951171875,3620.199951171875,3671.60009765625,1983902.0
2025-12-05,3659.300048828125,3721.5,3642.5,3717.10009765625,2393069.0
2025-12-08,3720.0,3725.0,3671.60009765625,3681.699951171875,1500171.0
2025-12-09,3658.0,3674.39990234375,3604.5,3635.89990234375,3901181.0
2025-12-10,3660.0,3694.89990234375,3626.199951171875,3630.0,1593882.0
2025-12-11,3623.39990234375,3669.10009765625,3615.89990234375,3665.199951171875,981435.0
2025-12-12,3665.39990234375,3695.0,3661.300048828125,3679.60009765625,1078953.0
2025-12-15,3632.0,3665.39990234375,3603.60009765625,3608.0,1703749.0
2025-12-16,3581.0,3633.5,3577.89990234375,3621.0,1394344.0
2025-12-17,3647.89990234375,3647.89990234375,3594.0,3612.800048828125,1209351.0
2025-12-18,3600.0,3611.89990234375,3540.10009765625,3586.60009765625,2446128.0
2025-12-19,3571.0,3615.0,3560.0,3603.60009765625,1647699.0
2025-12-22,3600.0,3625.0,3576.89990234375,3616.699951171875,1400389.0
2025-12-23,3619.199951171875,3637.5,3605.0,3625.10009765625,1413578.0
2025-12-24,3624.60009765625,3658.0,3612.10009765625,3636.699951171875,842786.0
2025-12-26,3636.699951171875,3647.0,3614.60009765625,3623.10009765625,829881.0
2025-12-29,3622.699951171875,3640.199951171875,3588.10009765625,3592.10009765625,1034506.0
2025-12-30,3590.0,3666.0,3575.199951171875,3660.300048828125,2062050.0
2025-12-31,3653.0,3723.60009765625,3640.39990234375,3709.199951171875,1868257.0
2026-01-01,3725.0,3774.0,3721.10009765625,3761.0,1497849.0
2026-01-02,3759.89990234375,3812.0,3743.199951171875,3802.39990234375,1478169.0
2026-01-05,3805.89990234375,3839.89990234375,3785.0,3790.300048828125,1573939.0
2026-01-06,3788.0,3819.10009765625,3758.10009765625,3785.60009765625,1299461.0
2026-01-07,3800.0,3808.60009765625,3718.5,3748.800048828125,1046709.0
2026-01-08,3730.0,3756.800048828125,3693.199951171875,3724.0,1260967.0
2026-01-09,3712.10009765625,3748.5,3667.10009765625,3677.300048828125,1235825.0
2026-01-12,3675.300048828125,3717.0,3598.800048828125,3682.0,1665224.0
2026-01-13,3717.0,3717.0,3631.5,3661.5,1700952.0
2026-01-14,3663.0,3682.0,3635.10009765625,3646.5,1572753.0
2026-01-16,3650.10009765625,3729.89990234375,3650.10009765625,3658.199951171875,2089926.0
2026-01-19,3689.0,3689.0,3614.0,3657.39990234375,1715775.0
2026-01-20,3646.0,3677.5,3540.0,3557.5,1753391.0
2026-01-21,3543.0,3586.699951171875,3517.10009765625,3553.300048828125,1587282.0
2026-01-22,3600.0,3620.0,3533.39990234375,3573.699951171875,2106994.0
2026-01-23,3573.699951171875,3596.0,3534.800048828125,3555.0,1922549.0
2026-01-27,3437.199951171875,3497.699951171875,3344.10009765625,3393.5,7139500.0
2026-01-28,3379.0,3456.89990234375,3376.0,3449.199951171875,3964381.0
2026-01-29,3449.199951171875,3479.60009765625,3321.0,3384.39990234375,5592441.0
2026-01-30,3283.0,3452.39990234375,3282.800048828125,3431.800048828125,5291078.0
2026-02-01,3283.0,3525.0,3343.0,3363.800048828125,1608396.0
2026-02-02,3355.0,3472.10009765625,3343.699951171875,3463.199951171875,2950600.0
2026-02-03,3638.0,3643.800048828125,3513.0,3527.89990234375,5492113.0
2026-02-04,3549.0,3620.0,3519.10009765625,3574.0,2394793.0
2026-02-05,3592.0,3598.800048828125,3528.10009765625,3572.0,1251417.0
2026-02-06,3577.0,3590.0,3530.60009765625,3578.0,1461950.0
2026-02-09,3593.800048828125,3619.10009765625,3557.10009765625,3609.60009765625,1294170.0
2026-02-10,3616.300048828125,3699.0,3601.0,3675.800048828125,1917299.0
2026-02-11,3704.699951171875,3787.0,3666.10009765625,3674.89990234375,4786961.0
2026-02-12,3698.199951171875,3699.0,3582.199951171875,3593.10009765625,2553818.0
2026-02-13,3530.0,3596.5,3520.300048828125,3533.39990234375,1631712.0
2026-02-16,3535.0,3549.5,3469.0,3509.699951171875,1561311.0
2026-02-17,3509.699951171875,3515.800048828125,3462.0,3489.199951171875,1991517.0
2026-02-18,3491.10009765625,3545.0,3483.199951171875,3530.5,1682397.0
2026-02-19,3534.89990234375,3546.5,3421.300048828125,3431.800048828125,2479298.0
2026-02-20,3443.0,3449.89990234375,3402.5,3412.800048828125,2260561.0
2026-02-23,3425.0,3457.60009765625,3416.89990234375,3447.10009765625,1788642.0
2026-02-24,3415.0,3441.0,3390.0,3433.199951171875,1929306.0
2026-02-25,3435.0,3500.89990234375,3425.39990234375,3491.300048828125,2273028.0
2026-02-26,3505.0,3507.0,3461.60009765625,3484.60009765625,1997937.0
2026-02-27,3460.0,3488.10009765625,3381.10009765625,3397.39990234375,3765349.0
2026-03-02,3299.89990234375,3374.89990234375,3283.0,3334.300048828125,2996822.0
2026-03-04,3240.0,3278.10009765625,3207.89990234375,3264.300048828125,4536811.0
2026-03-05,3277.300048828125,3360.60009765625,3276.199951171875,3348.0,2304657.0
2026-03-06,3315.0,3367.0,3315.0,3332.5,2084449.0
2026-03-09,3250.0,3250.0,3142.89990234375,3187.60009765625,3960915.0
2026-03-10,3278.0,3309.39990234375,3228.89990234375,3293.699951171875,2672001.0
2026-03-11,3276.0,3292.89990234375,3156.0,3168.199951171875,4574935.0
2026-03-12,3115.10009765625,3142.800048828125,3020.0,3031.199951171875,6967982.0
2026-03-13,2965.0,3025.0,2922.60009765625,2931.10009765625,7217573.0
2026-03-16,2902.0,3043.699951171875,2896.0,3036.10009765625,5378442.0
2026-03-17,3052.0,3139.300048828125,3024.5,3128.89990234375,3491683.0
2026-03-18,3140.10009765625,3236.199951171875,3140.10009765625,3214.60009765625,3746369.0
2026-03-19,3136.300048828125,3147.89990234375,3032.60009765625,3045.39990234375,3059364.0
2026-03-20,3059.199951171875,3106.60009765625,3043.199951171875,3066.10009765625,4471840.0
2026-03-23,3015.10009765625,3019.699951171875,2935.0,2955.800048828125,3978599.0
2026-03-24,3030.0,3057.300048828125,2965.89990234375,3031.300048828125,3943843.0
2026-03-25,3099.89990234375,3157.89990234375,3082.89990234375,3128.10009765625,3328193.0
2026-03-27,3100.0,3105.199951171875,3030.0,3041.300048828125,3154383.0
2026-03-30,2980.0,3023.699951171875,2945.0,2954.699951171875,5416176.0
2026-04-01,3079.89990234375,3079.89990234375,3010.10009765625,3031.5,3522639.0
2026-04-02,2975.0,3028.800048828125,2928.10009765625,3011.699951171875,3297900.0
2026-04-06,3006.10009765625,3030.0,2961.0,3021.60009765625,2554721.0
2026-04-07,3001.60009765625,3017.0,2949.5,3006.60009765625,2292561.0
2026-04-08,3125.0,3231.0,3109.0,3210.10009765625,4227771.0
2026-04-09,3179.89990234375,3199.89990234375,3131.0,3166.800048828125,3039008.0
2026-04-10,3180.0,3270.0,3180.0,3259.800048828125,2801347.0
2026-04-13,3194.60009765625,3249.199951171875,3183.10009765625,3220.199951171875,3182883.0
2026-04-15,3250.0,3301.89990234375,3225.0,3256.5,2591177.0
2026-04-16,3273.0,3288.0,3201.0,3222.300048828125,2678151.0
2026-04-17,3210.0,3242.5,3185.0,3200.199951171875,2180162.0
2026-04-20,3207.0,3235.5,3162.60009765625,3221.60009765625,3201466.0
2026-04-21,3212.0,3262.300048828125,3212.0,3247.300048828125,1972188.0
2026-04-22,3214.10009765625,3249.89990234375,3143.0,3149.699951171875,3096787.0
2026-04-23,3105.0,3114.699951171875,3032.199951171875,3047.699951171875,4540875.0
2026-04-24,3047.699951171875,3089.0,3035.0,3038.39990234375,2300917.0
2026-04-27,3050.0,3114.0,3050.0,3102.39990234375,1816150.0
2026-04-28,3115.89990234375,3144.0,3075.0,3088.10009765625,2645344.0
2026-04-29,3100.0,3192.0,3092.0,3152.300048828125,3917359.0
2026-04-30,3105.39990234375,3117.300048828125,3047.0,3097.5,3331158.0
2026-05-01,3097.5,3097.5,3097.5,3097.5,0.0
2026-05-04,3131.5,3172.0,3081.5,3106.5,2873467.0
2026-05-05,3114.0,3222.0,3070.199951171875,3210.800048828125,6454419.0
2026-05-06,3245.0,3315.699951171875,3243.5,3300.800048828125,6007370.0
2026-05-07,3311.89990234375,3381.699951171875,3305.0,3381.0,2463218.0
