Date,Open,High,Low,Close,Volume
2020-01-01,7007.363792594302,7038.662966457895,6917.171226411224,6945.3359375,634725.0
2020-01-02,6960.438423611708,6998.814021192905,6945.619994973198,6962.57568359375,616838.0
2020-01-03,6961.720888974127,6964.617878097322,6863.929185369783,6890.763671875,571967.0
2020-01-06,6839.232092719635,6848.731026181746,6674.425597152016,6689.52880859375,748516.0
2020-01-07,6744.242618401264,6806.555713385005,6674.330376805239,6719.16552734375,590500.0
2020-01-08,6706.246621169079,6760.057983234566,6630.68279554582,6682.689453125,793313.0
2020-01-09,6782.238356023167,6877.227688740578,6746.1424095905495,6865.73388671875,798184.0
2020-01-10,6897.555634645149,6981.621198018001,6871.908513616145,6963.193359375,747847.0
2020-01-13,6964.617297668467,7000.713241109737,6915.032684573116,6984.2802734375,537399.0
2020-01-14,6986.464966407693,7040.988747073884,6958.538197170383,7016.67138671875,548522.0
2020-01-15,7018.714904722986,7128.949846402126,6984.566052044615,7108.0048828125,692726.0
2020-01-16,7082.87944033395,7144.1475586068045,7049.348392138563,7088.72119140625,640207.0
2020-01-17,7094.753380290076,7190.597525854979,7060.129582404737,7143.34033203125,750738.0
2020-01-20,7144.385450230294,7152.222070468207,7049.205949814691,7076.32568359375,407828.0
2020-01-21,7040.134756272589,7062.124695164116,6922.632760134528,6936.73876953125,442561.0
2020-01-22,6972.217190037109,7005.416148150592,6751.794623662866,6778.05908203125,1048435.0
2020-01-23,6787.367417756882,6858.229549913744,6766.232292066358,6788.982421875,589326.0
2020-01-24,6790.597537150183,6848.731196913556,6754.929226636828,6771.267578125,645723.0
2020-01-27,6745.667399541635,6862.979224345323,6707.196720152571,6790.59716796875,573149.0
2020-01-28,6820.1870390674185,6858.182773597833,6614.107488382031,6646.451171875,1614448.0
2020-01-29,6658.751838638098,6759.67799881717,6625.505574108521,6659.03662109375,1001252.0
2020-01-30,6668.251073419576,6695.797979563332,6631.2052341228,6668.6787109375,579174.0
2020-01-31,6682.49943957305,6710.046345578397,6550.036631893713,6567.08740234375,868935.0
2020-02-03,6440.277622437329,6691.856996660911,6440.277622437329,6659.98779296875,1010531.0
2020-02-04,6668.250641362527,6853.479825844819,6650.202669541175,6838.8515625,973311.0
2020-02-05,6853.480028763303,6869.248350005524,6673.570333938269,6688.103515625,718489.0
2020-02-06,6720.495206372468,6763.572960988347,6627.215497275295,6669.77099609375,875714.0
2020-02-07,6686.299272930712,6696.748099753021,6587.510364792511,6622.4189453125,645814.0
2020-02-10,6625.5058650917335,6638.899453582035,6507.814176251187,6547.51953125,593773.0
2020-02-11,6601.7584476908205,6733.793616644637,6565.947284685944,6681.31201171875,743160.0
2020-02-12,6702.542213321965,6753.741369478057,6656.804943646112,6690.38330078125,599364.0
2020-02-13,6696.748185007718,6702.447545165172,6578.011515060773,6654.05029296875,723169.0
2020-02-14,6649.300861289856,6733.746752454226,6555.214109053014,6567.37255859375,614859.0
2020-02-17,6573.261867919065,6630.255467929924,6535.266134578492,6560.67578125,463548.0
2020-02-18,6578.011335288014,6582.760801956092,6398.291331041901,6441.32177734375,830678.0
2020-02-19,6506.769259976338,6511.471417449368,6292.663397819844,6418.04931640625,1033939.0
2020-02-20,6422.229056404591,6466.446407126972,6383.283428344749,6418.99951171875,682513.0
2020-02-24,6373.784484618544,6373.784484618544,6117.123111649288,6146.18994140625,1091346.0
2020-02-25,6179.436582130275,6183.806184639748,6057.042721795689,6093.138671875,964897.0
2020-02-26,6031.822504441038,6049.728086055823,5876.087311103489,5922.4423828125,1580738.0
2020-02-27,5917.835721899063,6020.471515466303,5857.802275117151,5974.63916015625,1492657.0
2020-02-28,5854.239929255915,6048.303415769794,5797.389184242138,5968.27490234375,1468843.0
2020-03-02,6080.220097513995,6116.885610213958,5936.833509076726,5970.22216796875,1219764.0
2020-03-03,6001.425864482748,6100.357158833672,5965.804865761934,6066.06591796875,849199.0
2020-03-04,6069.8179760704825,6102.114347148166,5897.887294745168,6064.451171875,904360.0
2020-03-05,6090.620461254155,6140.109992539961,6013.014460708028,6046.97314453125,645853.0
2020-03-06,5885.919164104441,6155.309015638301,5794.491927568147,6122.96533203125,1140899.0
2020-03-09,5985.277546519633,6054.6197558349695,5774.7811032870495,5890.38330078125,1082030.0
2020-03-11,5851.343314885052,5994.729908427647,5799.099178145007,5838.32958984375,937029.0
2020-03-12,5641.701450973059,5641.701450973059,5277.179873850076,5360.390625,1345964.0
2020-03-13,5058.37221391704,5759.67828328491,4562.38503398935,5546.04736328125,1480205.0
2020-03-16,5356.068531007881,5402.993167938278,5129.423893612289,5205.65283203125,933412.0
2020-03-17,5226.312976947587,5458.989528104906,5226.312976947587,5323.15478515625,1238640.0
2020-03-18,5386.845431772212,5403.753348641776,5046.3559595209335,5084.44677734375,973395.0
2020-03-19,4625.979914974391,4841.225808298631,4419.4254517253385,4578.0576171875,2554559.0
2020-03-20,4625.030484699298,4963.192500011056,4571.456595261239,4824.6982421875,1614552.0
2020-03-23,4345.761629240854,4549.988678483867,3933.507957745656,4008.882080078125,1531965.0
2020-03-24,4123.4872340217125,4341.012821810465,3828.0703877234514,4261.6494140625,1746431.0
2020-03-25,4216.576881847443,4900.880007305386,4094.1357130492784,4755.119140625,1728819.0
2020-03-26,4772.692154270452,4863.454284542846,4511.993721011429,4633.580078125,1338787.0
2020-03-27,4844.456324834768,4879.127433826232,4326.764423455365,4413.2998046875,1339426.0
2020-03-30,4357.588804837832,4407.458209956987,4056.04494969128,4111.56640625,1528082.0
2020-03-31,4227.025431321007,4244.170820859083,3999.051026036278,4073.427490234375,2140261.0
2020-04-01,4075.042587125317,4203.135801770359,3980.1483315308087,4033.579833984375,1323842.0
2020-04-03,4037.0466281510967,4053.194814663701,3800.618272503103,3810.4970703125,1724808.0
2020-04-07,3942.0566702856304,4381.762127564846,3913.559875078746,4325.48095703125,2688172.0
2020-04-08,4185.705323971033,4678.225058562882,4185.705323971033,4462.6943359375,2798833.0
2020-04-09,4554.216529984135,5128.474390958127,4498.885240250238,5059.74951171875,3786650.0
2020-04-13,5020.186106311053,5075.659782442749,4750.416408261414,5018.4287109375,2192268.0
2020-04-15,5041.55895150696,5081.929418852988,4788.4123739136285,4839.04150390625,2094519.0
2020-04-16,4765.615206800079,4966.042714999166,4720.970216822083,4873.712890625,1752169.0
2020-04-17,5058.181804272394,5322.204831581999,4950.559079296258,5229.16259765625,2192902.0
2020-04-20,5235.812003456485,5294.658080421954,5015.436752222468,5064.2138671875,1555307.0
2020-04-21,4874.187053463286,4874.187053463286,4639.753584636114,4750.51123046875,1843169.0
2020-04-22,4758.015151482308,4985.277104964469,4740.917073477381,4921.25439453125,1991584.0
2020-04-23,4909.999458343848,4981.811499075698,4792.212665379128,4897.9833984375,1454061.0
2020-04-24,4844.455895882621,4882.451628399347,4777.96336397835,4792.8291015625,1070808.0
2020-04-27,4892.046159826557,4963.193083708459,4741.440280882547,4802.99365234375,1432313.0
2020-04-28,4834.957204001186,4863.454004810624,4740.205341309807,4799.5263671875,1172062.0
2020-04-29,4844.455764087465,4844.455764087465,4759.962570676024,4814.48681640625,1038094.0
2020-04-30,4865.353535574427,5153.1712086082125,4865.353535574427,5090.2880859375,2341081.0
2020-05-04,4840.656695787868,4873.190544263287,4597.483988935102,4641.4638671875,1742771.0
2020-05-05,4744.717072166671,4777.535700423088,4559.487877157161,4587.84228515625,1570620.0
2020-05-06,4598.624193084903,4749.467082085893,4473.997991324911,4600.5712890625,2214528.0
2020-05-07,4654.002789833534,4688.056561546565,4497.745322963931,4511.32861328125,1530808.0
2020-05-08,4629.779935140629,4634.529401631336,4405.130170130215,4420.94580078125,1828141.0
2020-05-11,4511.99351127216,4763.335389947313,4493.138035098872,4690.38330078125,3176473.0
2020-05-12,4667.775708162176,4735.218132923982,4455.046916644499,4703.20654296875,3124672.0
2020-05-13,4986.939899648369,5051.010389218461,4736.405538023177,4783.7578125,3304845.0
2020-05-14,4659.226744375894,4887.201141654225,4609.024789545541,4857.8017578125,2590674.0
2020-05-15,4853.955495600596,4866.494274579091,4712.563763792526,4844.83642578125,2182462.0
2020-05-18,4825.838317018174,4839.706853364935,4446.023349806085,4484.3994140625,3164086.0
2020-05-19,4599.383733414461,4654.477549304184,4517.455429612934,4564.5224609375,2108177.0
2020-05-20,4515.792604320275,4673.474887096288,4507.718511527527,4646.83056640625,1518296.0
2020-05-21,4644.9786180560895,4819.568835392761,4607.980085459837,4797.056640625,1868166.0
2020-05-22,4758.965554691819,4891.95062009239,4683.686508741855,4877.037109375,1935875.0
2020-05-26,4939.444747194161,5020.9453999968455,4902.066356199981,4983.2822265625,1508751.0
2020-05-27,5005.937968057631,5025.885728461656,4878.082230038336,4981.62060546875,1534655.0
2020-05-28,5003.088012328759,5219.66368478195,4958.443027217794,5194.34912109375,2325084.0
2020-05-29,5105.676478589439,5382.807848380782,5105.676478589439,5329.6611328125,3386733.0
2020-06-01,5404.893201541673,5570.791983585197,5382.9505722310905,5503.30224609375,2340994.0
2020-06-02,5507.244208326808,5555.926242853435,5343.245213069888,5404.98828125,2110719.0
2020-06-03,5442.888392832337,5539.777505584326,5325.101628310311,5342.19970703125,1652859.0
2020-06-04,5374.496258215322,5433.342333313014,5292.80543491972,5405.0830078125,1642049.0
2020-06-05,5441.273881762648,5495.133020139498,5386.94026052674,5458.27734375,1236658.0
2020-06-08,5556.8766406099,5556.8766406099,5415.817464348264,5447.44873046875,1176769.0
2020-06-09,5465.685966236044,5497.032444665969,5338.400265944832,5378.58056640625,1336806.0
2020-06-10,5371.6464612729815,5452.387389514927,5333.650730335595,5391.21435546875,1432292.0
2020-06-11,5354.548776068581,5403.943229919133,5129.708836188193,5154.263671875,1766481.0
2020-06-12,4940.395310147155,5327.286685825289,4940.395310147155,5283.0693359375,2064628.0
2020-06-15,5243.411690179428,5305.154762618135,5120.922747869195,5201.37890625,1530562.0
2020-06-16,5309.903869244068,5331.323778932951,5129.424131291229,5226.50341796875,1184933.0
2020-06-17,5172.168646328068,5522.156993055113,5172.168646328068,5439.27880859375,3454833.0
2020-06-18,5409.642474795762,5469.485754148199,5358.348235350815,5428.0703125,1580214.0
2020-06-19,5462.836058021624,5637.616415294442,5421.040755195515,5601.85302734375,1854589.0
2020-06-22,5604.370862528621,5675.612865018392,5515.413441516085,5600.5712890625,1497563.0
2020-06-23,5604.370434468699,5706.199181109148,5568.796745083199,5591.546875,1398070.0
2020-06-24,5640.466676513709,5640.466676513709,5442.888860967254,5466.96875,1268449.0
2020-06-25,5392.544594570548,5553.83630126893,5367.847367257031,5473.5703125,1266203.0
2020-06-26,5509.38129744227,5518.880230713722,5409.642498092022,5466.541015625,1063057.0
2020-06-29,5442.88901234379,5509.381548271201,5366.897542712462,5394.15966796875,1102655.0
2020-06-30,5461.88632814127,5580.1480408114585,5396.771329703111,5545.76171875,2015814.0
2020-07-01,5545.761648139959,5590.121849018436,5485.633590158278,5512.32568359375,1284965.0
2020-07-02,5556.875884162973,5661.364148651508,5474.0450016969335,5650.39306640625,1470941.0
2020-07-03,5650.392663738735,5688.53078479617,5588.269274408796,5634.86181640625,1059779.0
2020-07-06,5664.641760537651,5839.659612652768,5628.118175207934,5816.76708984375,1385081.0
2020-07-07,5832.344803920585,5936.833065880074,5787.36726385046,5914.748046875,1799721.0
2020-07-08,5914.748800906153,5922.585421552152,5720.828153683637,5741.53564453125,1204072.0
2020-07-09,5775.351903587893,5790.550198071019,5634.150341668628,5701.5927734375,1043427.0
2020-07-10,5680.362418465725,5780.196305573357,5624.318708985878,5657.232421875,1168821.0
2020-07-13,5699.360261358082,5755.641443938993,5630.777774020356,5688.76904296875,1035069.0
2020-07-14,5652.815759325459,5660.1774333524745,5461.887181334463,5482.54736328125,1602929.0
2020-07-15,5518.879979752652,5585.182345446367,5466.635849135372,5510.61572265625,1246705.0
2020-07-16,5517.930054616925,5623.368208526802,5463.786137744285,5580.95556640625,1018658.0
2020-07-17,5602.471334644765,5657.565152449003,5557.826344355124,5622.89404296875,810152.0
2020-07-20,5637.616328274793,5638.566221506178,5520.779460814338,5573.49853515625,912610.0
2020-07-21,5622.893282412581,5841.843683898534,5604.370363414854,5823.6533203125,1854694.0
2020-07-22,5810.497327320139,5821.89604694215,5642.0814304309615,5702.58935546875,1140092.0
2020-07-23,5711.708820028808,5784.850609342331,5668.916309339606,5762.005859375,701651.0
2020-07-24,5708.859213532535,5744.337824036898,5634.862611997028,5700.025390625,793324.0
2020-07-27,5706.959185009096,5759.060927455497,5631.01502697282,5740.490234375,902597.0
2020-07-28,5746.854760027338,6003.658519628937,5728.949177640098,5967.98974609375,1774828.0
2020-07-29,5955.783651594704,5979.578293112749,5812.349764023612,5875.232421875,2057197.0
2020-07-30,5874.187994527799,6073.285740534134,5860.889487154677,5951.4619140625,2217867.0
2020-07-31,5951.082084344811,6060.177432875915,5897.888054540612,5948.94482421875,1613555.0
2020-08-03,6060.31911727319,6114.890671653037,5818.143640375874,5856.2822265625,1836582.0
2020-08-04,5888.389075053386,6057.327705806127,5875.090567705306,6040.32470703125,1223516.0
2020-08-05,6068.773272118589,6267.111273425266,6060.319314427313,6199.2412109375,2278663.0
2020-08-06,6207.505101169914,6255.854574999802,6111.993056261698,6227.2626953125,1233252.0
2020-08-07,6172.406713644211,6411.3048805388735,6157.066029487353,6344.33740234375,1567980.0
2020-08-10,6354.786936886051,6391.547997517862,6246.49908773732,6277.75048828125,1601750.0
2020-08-11,6331.039379883125,6377.109208829011,6279.745137345437,6316.03125,880808.0
2020-08-12,6278.74760329712,6438.424301046968,6261.791914590527,6393.06689453125,1114981.0
2020-08-13,6450.238124167478,6490.540243118971,6378.403029822321,6451.8671875,1087096.0
2020-08-14,6459.8705486267545,6464.806409528637,6279.731983150809,6314.3798828125,905793.0
2020-08-17,6383.194806864361,6507.743967805766,6314.379170165394,6487.08935546875,1028536.0
2020-08-18,6487.0900459209,6637.0855554703685,6479.901762715654,6606.607421875,1322527.0
2020-08-19,6636.222371766009,6723.152854905286,6598.891037635814,6699.7666015625,1326450.0
2020-08-20,6604.6899465719,6708.105277962636,6594.098929485644,6684.8154296875,958157.0
2020-08-21,6755.068368618242,6771.361808213377,6662.099919163649,6683.185546875,971836.0
2020-08-24,6694.687093242587,6804.907424770561,6665.933963278769,6788.134765625,961177.0
2020-08-25,6804.9072059966575,6877.4611221343175,6781.569155995568,6814.44384765625,1047620.0
2020-08-26,6814.492249567446,6860.49726053499,6682.227843035757,6717.3544921875,992395.0
2020-08-27,6750.276649713717,6831.456509240078,6671.492884412017,6802.99072265625,1158891.0
2020-08-28,6828.868167088534,6858.579733850604,6736.331200384102,6808.8369140625,1019984.0
2020-08-31,6841.328179787037,6862.413808808516,6508.223350326673,6555.666015625,1580774.0
2020-09-01,6575.314150367287,6726.98691741202,6519.293279230782,6618.63525390625,1117127.0
2020-09-02,6618.491247589902,6689.894853113825,6567.598114350592,6633.107421875,776392.0
2020-09-03,6637.180988057386,6821.10508674995,6633.10762788421,6778.646484375,947751.0
2020-09-04,6694.687512499724,7019.597901438508,6675.566492681467,6891.26318359375,2185292.0
2020-09-07,6924.712816469467,6996.595648474341,6832.942400943246,6909.521484375,1348919.0
2020-09-08,6919.920155471345,6975.509541761836,6840.992717718365,6923.75390625,1145062.0
2020-09-09,6900.751500727626,6954.759559195336,6825.226796497861,6915.36767578125,1273303.0
2020-09-10,6962.09100039641,6996.019599174264,6870.080987175312,6931.08544921875,978701.0
2020-09-11,6977.378372353333,7044.420805323075,6876.790153574144,6894.6171875,1383019.0
2020-09-14,6918.9616575747,6938.70556751041,6790.531007607252,6832.55859375,1003491.0
2020-09-15,6866.247400363359,6876.79021462969,6713.855812331844,6759.6689453125,894418.0
2020-09-16,6779.988695842634,6871.040282795568,6748.360249848458,6764.60595703125,920570.0
2020-09-17,6756.506399989361,6817.271255077558,6652.515912096766,6791.345703125,1133411.0
2020-09-18,6850.912512843695,6851.870950520366,6643.506693209539,6675.27880859375,1143550.0
2020-09-21,6675.278604787181,6696.5079050798495,6316.104096420909,6351.5185546875,1290480.0
2020-09-22,6397.571121872936,6408.066201020519,6049.993812122461,6172.865234375,2665724.0
2020-09-23,6193.424405966895,6277.71918872115,6114.832514711977,6231.0908203125,1456226.0
2020-09-24,6167.546430407305,6217.193314711297,6009.547886296645,6035.953125,1237674.0
2020-09-25,6129.2093698266135,6247.624165843951,6067.869354241172,6227.64111328125,1316468.0
2020-09-28,6305.560964277888,6440.70066574668,6270.386117197196,6424.4072265625,1099583.0
2020-09-29,6468.496095053483,6530.123452518856,6393.737953786011,6462.505859375,1199391.0
2020-09-30,6431.11683023443,6498.159733118544,6393.737760729342,6463.1767578125,812841.0
2020-10-01,6553.988501622612,6621.84569980132,6493.7983366289245,6513.82958984375,1255993.0
2020-10-05,6579.6746764501695,6591.751084821564,6464.662154793356,6535.44287109375,833476.0
2020-10-06,6572.965871248442,6651.365889400341,6546.1296151395245,6605.93603515625,756192.0
2020-10-07,6632.388995853743,6776.154653278318,6580.201875013756,6754.0146484375,1101957.0
2020-10-08,6795.322774878336,6843.244656224446,6729.190578620704,6785.5947265625,851205.0
2020-10-09,6766.570448488796,6861.455784806131,6710.022621794626,6768.87060546875,839682.0
2020-10-12,6814.491909096824,6857.62160472402,6713.855952633369,6840.0341796875,799712.0
2020-10-13,6838.453266417554,6886.375153358112,6730.149801931894,6740.5966796875,819414.0
2020-10-14,6747.401492509525,6780.946812429672,6639.529515218319,6711.31640625,779630.0
2020-10-15,6736.8582432969015,6756.889496588777,6572.678061011493,6606.12744140625,681316.0
2020-10-16,6608.427968617825,6689.895173452128,6577.7579620919705,6608.33203125,657914.0
2020-10-19,6685.10255691062,6689.894745123458,6541.336910525444,6567.1669921875,548457.0
2020-10-20,6533.669585349024,6660.1833575752335,6526.96052167036,6560.12255859375,659864.0
2020-10-21,6617.0538167855,6658.841793698668,6483.495430985136,6576.65576171875,911967.0
2020-10-22,6544.212287350286,6574.882292211915,6493.60696652345,6528.44580078125,584523.0
2020-10-23,6572.965148133117,6828.580646644251,6548.04577020202,6808.02197265625,1758998.0
2020-10-26,6804.907507701635,6863.659550115524,6646.813025662356,6761.5859375,1559351.0
2020-10-27,6773.279258489688,6910.096240822984,6759.861130625127,6860.88037109375,1461819.0
2020-10-28,6895.911817948495,7027.265523274737,6814.492344583112,6887.38134765625,1645177.0
2020-10-29,6818.325663697387,6899.792866595093,6696.316734081918,6821.8720703125,1434852.0
2020-10-30,6784.828563732158,6814.492399275495,6595.01015462935,6675.66259765625,1360249.0
2020-11-02,6752.097231940678,6760.243951875252,6565.29782962654,6582.88525390625,1059351.0
2020-11-03,6651.557406939034,6673.841082689946,6567.646376413788,6626.01513671875,926491.0
2020-11-04,6626.01481884745,6760.818976605218,6622.324740410229,6665.02294921875,901404.0
2020-11-05,6728.231790959885,6809.603047654844,6689.558741128102,6798.005859375,843221.0
2020-11-06,6797.240213999455,6838.453035375932,6603.635797300655,6620.50439453125,1378439.0
2020-11-09,6699.432078778762,6740.309354858657,6531.753208698805,6586.52783203125,1479540.0
2020-11-10,6683.2818681208855,6684.144368433923,6480.42862710704,6511.0986328125,1695413.0
2020-11-11,6573.9241020252775,6617.053797985495,6472.425644462994,6572.3427734375,1481918.0
2020-11-12,6572.007250103539,6641.973201577589,6509.708800160893,6552.69482421875,1418041.0
2020-11-13,6594.051164316922,6594.051164316922,6503.958023409104,6526.24169921875,970632.0
2020-11-14,6565.297616943796,6574.786055668671,6550.9210528191015,6567.4541015625,128193.0
2020-11-17,6579.674897415794,6706.092738118309,6577.758021990472,6691.28515625,1243068.0
2020-11-18,6689.847947557678,6776.15508216606,6659.225673393181,6761.107421875,1400300.0
2020-11-19,6738.77558071973,6833.660914597024,6627.788680409641,6673.88916015625,1305695.0
2020-11-20,6670.294569816209,6728.232313040019,6617.053545474116,6676.3330078125,923474.0
2020-11-23,6747.401613537978,6751.23536445476,6644.46549501979,6697.3232421875,735755.0
2020-11-24,6756.985817511292,6909.377412544525,6756.985817511292,6860.88037109375,1910670.0
2020-11-25,6948.672979114155,6950.925401194468,6725.357006130211,6762.44873046875,947742.0
2020-11-26,6785.738271057476,6802.990148017791,6616.094814281039,6703.55224609375,1068945.0
2020-11-27,6747.688457743094,6815.45018737181,6641.97297123986,6743.37548828125,2123905.0
2020-12-01,6844.970086236306,6844.970086236306,6685.294741962157,6806.537109375,1076695.0
2020-12-02,6814.491723373647,6919.919865366769,6809.699535101232,6906.98095703125,1106734.0
2020-12-03,6948.673338895171,7459.37696195885,6948.290057411836,7417.4453125,3846792.0
2020-12-04,7473.897147279578,7555.028804582021,7323.662038554768,7478.8330078125,2393536.0
2020-12-07,7503.415905050555,7509.358405214421,7370.384956745233,7421.5654296875,1037296.0
2020-12-08,7425.975231868643,7680.104892108327,7379.970222688248,7440.064453125,1885285.0
2020-12-09,7451.853217117424,7475.766425246962,7372.302886953984,7388.8359375,822760.0
2020-12-10,7437.476626122996,7523.736019982671,7389.5547406454,7414.47412109375,1186739.0
2020-12-11,7456.597370754846,7471.692764123836,7379.970091505976,7412.12548828125,706875.0
2020-12-14,7485.398162893136,7499.774727866683,7336.840324833158,7376.90283203125,1038032.0
2020-12-15,7376.9030534545855,7466.229633699615,7322.990933185573,7442.50830078125,891801.0
2020-12-16,7494.982876164321,7570.699455092324,7447.06099076685,7472.31591796875,963504.0
2020-12-17,7475.71818625893,7506.388192919963,7308.087524699645,7374.2197265625,734075.0
2020-12-18,7393.388828117249,7405.848518908736,7228.297925130058,7245.5498046875,1078328.0
2020-12-21,7245.78932181263,7283.16839371087,6975.60581622766,7069.53271484375,970306.0
2020-12-22,7073.270426037512,7128.859814209623,6905.63976116422,7088.0302734375,1138240.0
2020-12-23,7092.821635364952,7241.571340468961,7086.687728223854,7140.3125,951805.0
2020-12-24,7195.231280300154,7219.67144116434,7106.048841282762,7136.57470703125,589281.0
2020-12-28,7154.73737933587,7229.495519401268,7144.194564711263,7171.9892578125,521320.0
2020-12-29,7207.451498003625,7231.41244048369,7109.978196799856,7142.61328125,538719.0
2020-12-30,7185.407399126393,7317.671801031081,7121.192073563972,7296.490234375,1029800.0
2020-12-31,7298.166968588157,7377.094400614922,7264.957198474874,7331.66455078125,908515.0
2021-01-01,7335.882296237975,7426.454660621891,7332.048545364582,7371.6318359375,767574.0
2021-01-04,7417.349656878811,7432.876535434509,7324.956352501946,7382.1748046875,598645.0
2021-01-05,7341.632676933981,7354.092366855671,7270.70828814898,7337.27197265625,562668.0
2021-01-06,7335.88231043322,7426.933893852499,7241.476194993232,7311.5380859375,840678.0
2021-01-07,7356.967319704659,7384.186855064972,7238.216989785747,7251.5869140625,642968.0
2021-01-08,7284.126055506361,7725.007369392272,7284.126055506361,7681.78173828125,2557157.0
2021-01-11,7762.386599834217,7943.531317375725,7554.788909308269,7890.57763671875,2182019.0
2021-01-12,7821.81028653491,7982.827824598611,7801.6830942769475,7847.73583984375,1514072.0
2021-01-13,7847.687743309059,7907.11087961648,7773.888041765972,7801.5390625,877225.0
2021-01-14,7825.451389352983,7840.019828551988,7689.976604480357,7810.73974609375,718274.0
2021-01-15,7818.119709565248,7877.878391606825,7667.549058717204,7691.22265625,751177.0
2021-01-18,7678.044270962752,7690.456226140257,7423.099847535454,7505.18994140625,771183.0
2021-01-19,7571.658061376902,7658.204801136759,7509.359608973168,7593.31884765625,779892.0
2021-01-20,7554.405868451131,7830.435923020266,7533.559848705025,7806.42724609375,999226.0
2021-01-21,7863.981155762489,7923.404291857221,7688.060106986574,7741.0615234375,769494.0
2021-01-22,7748.968717933008,7962.700322645322,7667.501514343112,7714.3212890625,1172914.0
2021-01-25,7779.638319681157,7825.355982279334,7619.675171248919,7649.77001953125,753043.0
2021-01-27,7660.744690223254,7753.760880463371,7495.461924062274,7543.76708984375,1080785.0
2021-01-28,7514.151573927654,7652.693556377081,7247.705893117463,7273.1044921875,2085637.0
2021-01-29,7365.5937702394685,7365.5937702394685,6871.9983516743,6907.125,3069968.0
2021-02-01,6963.241730918002,7164.321772192158,6854.746396617835,7092.2470703125,1611478.0
2021-02-02,7221.731625182894,7446.8207968245615,7178.841541118684,7336.552734375,1700845.0
2021-02-03,7360.801838447187,7395.737081242501,7165.1368675499625,7273.77587890625,1491567.0
2021-02-04,7284.12636002945,7442.268577056405,7216.125019513001,7322.4638671875,1198036.0
2021-02-05,7360.801521030173,7414.474032121018,7150.903665157047,7182.67578125,1128089.0
2021-02-08,7202.658762152318,7320.5465901955295,7163.842038284432,7259.78173828125,912372.0
2021-02-09,7265.916376156051,7360.801710708149,7259.2073120968125,7310.05224609375,925127.0
2021-02-10,7289.110582638793,7355.9134095310355,7194.081110301838,7304.9248046875,1015600.0
2021-02-11,7284.126374689044,7422.141400735783,7253.120822115141,7348.67724609375,818869.0
2021-02-12,7303.391024527229,7356.009159313685,7213.106008302097,7253.935546875,756833.0
2021-02-15,7284.126387177634,7331.185770986961,7264.957633527166,7280.91552734375,470093.0
2021-02-16,7321.505942440152,7474.85598181578,7308.3274234313085,7377.14306640625,1321126.0
2021-02-17,7360.753964896101,7371.823733382253,7160.775559957031,7191.35009765625,1023548.0
2021-02-18,7260.022087169292,7264.047244817752,7149.945420971512,7185.9345703125,821462.0
2021-02-19,7138.443870660078,7175.247784129424,6982.218528163086,7018.63916015625,1013887.0
2021-02-22,7018.6391449075145,7020.5560202714105,6762.736283827314,6791.9208984375,1502068.0
2021-02-23,6822.9256651975975,6826.32839960228,6649.6403275690855,6680.78955078125,1589884.0
2021-02-24,6618.012450734365,6743.567791943084,6591.655413457725,6663.9697265625,1225254.0
2021-02-25,6771.363127835085,6775.19687907519,6627.597456331156,6642.3095703125,1740066.0
2021-02-26,6613.220555580248,6780.947163873951,6538.654284916553,6580.77734375,2687534.0
2021-03-01,6687.019311645247,6740.548146615093,6629.5607888142895,6723.43994140625,1417600.0
2021-03-02,6766.569801421736,6934.296389983889,6737.816671953938,6914.26513671875,1395296.0
2021-03-03,6944.456075393812,6960.461703690628,6806.057769442356,6828.5810546875,796258.0
2021-03-04,6785.737887950149,6876.981330361489,6719.60569666928,6835.193359375,906310.0
2021-03-05,6833.661238430516,7010.972224280396,6776.154972749474,6947.71533203125,1821165.0
2021-03-08,6962.954278818396,7033.782734563901,6916.086766693643,6957.77880859375,977572.0
2021-03-09,7024.773149815816,7024.773149815816,6954.42391658342,6998.08056640625,678485.0
2021-03-10,7015.763561788113,7079.978884006666,6949.631364279455,6969.8544921875,659270.0
2021-03-12,6996.595036213401,7009.0547260039175,6767.911713076174,6801.265625,946720.0
2021-03-15,6848.037019851247,6865.241162890234,6719.606374552428,6794.65185546875,700250.0
2021-03-16,6804.906986663447,6900.750747038988,6804.906986663447,6853.1162109375,796357.0
2021-03-17,6862.414479331271,6871.951122401756,6750.756478375672,6771.02734375,688581.0
2021-03-18,6828.868850281695,6941.006065086321,6766.570397612458,6818.08642578125,984545.0
2021-03-19,6766.522158677948,6852.781548253438,6618.491274594932,6817.89404296875,838756.0
2021-03-22,6808.741172328815,6845.64102243223,6757.177413145393,6806.10546875,533767.0
2021-03-23,6841.328136007349,6924.71221387687,6833.66063459406,6887.57275390625,757590.0
2021-03-24,6839.410966792979,6860.8798762303295,6756.937595454682,6772.51220703125,457147.0
2021-03-25,6756.986241704629,6765.612181587656,6474.486710535489,6504.7734375,1338767.0
2021-03-26,6602.677127743718,6612.213769782683,6489.581482356324,6502.47265625,911299.0
2021-03-30,6527.918880018836,6589.258890049846,6459.869806390685,6567.02294921875,1088817.0
2021-03-31,6567.502616264958,6651.461854322366,6512.776196720167,6574.1162109375,735382.0
2021-04-01,6661.142271656281,6700.917437738833,6570.09068664803,6636.126953125,660759.0
2021-04-05,6621.366943635077,6621.366943635077,6445.110341721981,6487.2333984375,668129.0
2021-04-06,6534.867292789106,6562.374639636803,6440.700796764974,6470.69970703125,628262.0
2021-04-07,6507.792460197788,6598.844048374341,6493.463628337233,6579.67529296875,598115.0
2021-04-08,6595.009658196335,6650.886387593955,6523.94159801448,6543.1103515625,604553.0
2021-04-09,6565.29871724882,6589.499270914592,6496.291197885037,6543.3505859375,641327.0
2021-04-12,6459.726329784443,6459.726329784443,6231.905504690868,6249.5888671875,1020746.0
2021-04-13,6249.013844928037,6560.88938095324,6199.941647171774,6532.51953125,995718.0
2021-04-15,6562.040072317877,6562.279681758283,6278.725776385008,6368.10009765625,1267365.0
2021-04-16,6397.571430439074,6502.8559018093465,6331.486966071368,6371.78955078125,1000325.0
2021-04-19,6230.180349563506,6258.597932643394,6148.37760151721,6241.1064453125,772219.0
2021-04-20,6340.065442463635,6401.118111697039,6285.961446617664,6370.39990234375,914142.0
2021-04-22,6350.560852980201,6397.476100465373,6272.975129236556,6373.70703125,667911.0
2021-04-23,6287.350787005273,6435.621274009528,6287.350787005273,6398.62548828125,709306.0
2021-04-26,6412.140304432679,6506.833765197974,6325.689033776201,6362.97216796875,937344.0
2021-04-27,6392.731381927549,6430.158184913178,6270.099097585633,6295.7373046875,1610651.0
2021-04-28,6295.7372255674045,6373.610283543025,6272.974331697608,6300.5771484375,1406270.0
2021-04-29,6359.233858435955,6371.166594468417,6279.683532851903,6292.76611328125,757075.0
2021-04-30,6265.402824021229,6286.967671038185,6154.128119816316,6187.337890625,849997.0
2021-05-03,6162.754552726656,6346.774595358617,6134.001421065411,6323.62841796875,834923.0
2021-05-04,6363.978879364876,6372.173334873346,6212.593450650376,6237.75244140625,507170.0
2021-05-05,6285.146908339745,6324.730196995153,6213.551427052519,6316.2001953125,499160.0
2021-05-06,6316.10468869099,6430.158779427595,6302.399216242722,6389.56884765625,520125.0
2021-05-07,6401.40484064288,6473.814615375053,6364.02577359915,6424.455078125,605050.0
2021-05-10,6397.763960479915,6491.642658833284,6383.29145662112,6482.873046875,541534.0
2021-05-11,6402.506965941411,6468.49548959643,6383.434150923786,6456.65869140625,406046.0
2021-05-12,6450.285261598663,6555.713401089874,6407.15556817044,6534.1962890625,770204.0
2021-05-14,6555.713669910881,6557.774217306188,6421.724270694403,6456.41943359375,647029.0
2021-05-17,6437.347128725163,6554.18059650517,6419.18454622182,6438.64111328125,995827.0
2021-05-18,6505.875132167712,6578.716397642778,6436.340663964997,6528.01513671875,805827.0
2021-05-19,6516.417836206172,6570.0426120075535,6479.038766400018,6494.27783203125,432774.0
2021-05-20,6498.974680254974,6531.466095230878,6449.807009571699,6457.81005859375,470476.0
2021-05-21,6498.207707243765,6551.40100042253,6463.9435589349205,6531.41748046875,434363.0
2021-05-24,6519.293131823642,6675.5184744415865,6519.293131823642,6586.00048828125,1027484.0
2021-05-25,6651.50969166122,6659.224927705861,6601.718667535689,6624.529296875,438736.0
2021-05-26,6638.139374685119,6757.944084739355,6624.721247159045,6741.93798828125,691574.0
2021-05-27,6730.149482771076,6775.196054358977,6662.2440785991175,6679.25634765625,922091.0
2021-05-28,6698.137581099671,6754.110247321109,6652.036635665128,6680.310546875,393809.0
2021-05-31,6665.934173225156,6804.907639093976,6636.270339350018,6791.77685546875,718277.0
2021-06-01,6812.143577397407,6846.120380508412,6754.158097484099,6796.42529296875,642841.0
2021-06-02,6769.877313420538,6898.547581376819,6769.877313420538,6886.087890625,598862.0
2021-06-03,6900.751287363895,6929.504417727912,6867.253703294957,6909.8564453125,401590.0
2021-06-04,6900.751111317456,6969.758622430631,6853.883603617185,6914.84033203125,575591.0
2021-06-07,6920.878796265717,7024.246398266039,6911.390356407532,6973.25732421875,520482.0
2021-06-08,7013.367945170343,7060.2836582847285,6991.994971425365,7031.81787109375,538816.0
2021-06-09,7006.37132115943,7034.16601390176,6900.751301543722,6938.13037109375,443778.0
2021-06-10,6956.341087776896,6976.899764408638,6875.880052646111,6900.65576171875,278027.0
2021-06-11,6942.923129937107,6942.923129937107,6887.717021391522,6923.5625,253689.0
2021-06-14,6895.95908521747,6913.1632287124885,6800.16305221754,6879.52197265625,322353.0
2021-06-15,6882.684925276302,6928.402591621483,6858.867654385676,6868.404296875,207625.0
2021-06-16,6868.164580825895,6894.761227088513,6776.154561322785,6818.5654296875,283007.0
2021-06-17,6766.569778989744,6804.044784535966,6643.027260050091,6679.6875,595255.0
2021-06-18,6699.335375117502,6699.335375117502,6537.50308736932,6670.10302734375,797389.0
2021-06-21,6584.466830538119,6637.1809026894425,6557.6305756247175,6613.1240234375,443795.0
2021-06-22,6651.557574465177,6996.5474084797415,6641.973197556726,6963.43310546875,1757310.0
2021-06-23,6964.104454683928,7168.155752957693,6939.136871128617,7123.7802734375,2227399.0
2021-06-24,7139.209816867112,7236.203889306703,7102.118562491673,7214.59130859375,1041762.0
2021-06-25,7226.620136210616,7346.4248466915615,7226.620136210616,7331.08984375,1216123.0
2021-06-28,7378.053260500658,7378.053260500658,7256.71495661752,7280.5322265625,433364.0
2021-06-29,7280.292736070534,7285.084924548727,7142.80466143632,7176.30224609375,480219.0
2021-06-30,7193.554313956682,7328.789969968249,7181.190560954949,7203.52197265625,729267.0
2021-07-01,7188.282273486046,7288.91822531485,7183.537819990694,7269.17431640625,584331.0
2021-07-02,7308.086979800783,7317.192137349387,7232.897360007195,7259.06298828125,434905.0
2021-07-05,7280.579668133652,7370.385462327212,7267.832634697951,7283.59912109375,484183.0
2021-07-06,7284.126264455397,7339.6679144167265,7176.254292299668,7202.611328125,425103.0
2021-07-07,7215.118940670754,7265.916138313627,7124.690250892095,7139.78564453125,395336.0
2021-07-08,7145.152625161486,7186.365443790854,7078.061990183443,7093.5888671875,391940.0
2021-07-09,7074.228449692441,7138.347836285288,7038.191099665201,7117.07080078125,400686.0
2021-07-12,7188.282681641296,7274.350199087953,7141.366969477589,7159.62548828125,496478.0
2021-07-13,7207.451680341073,7216.269494591678,7096.272904420919,7121.52783203125,350032.0
2021-07-14,7126.942716863719,7139.402406928166,7006.179567008308,7022.2333984375,460178.0
2021-07-15,7051.225592085287,7052.184029708243,6965.924643642227,7003.3037109375,430055.0
2021-07-16,7028.223246133924,7028.223246133924,6970.525112748253,6999.9970703125,281552.0
2021-07-19,6950.302690430624,6993.719730009705,6853.883766514025,6867.73291015625,386598.0
2021-07-20,6881.582433028165,6963.049634533373,6847.510161240549,6932.09228515625,413816.0
2021-07-22,6998.512422172868,7020.556490333643,6945.127252519076,6996.1640625,439934.0
2021-07-23,6996.594981658952,7068.477806812983,6974.550915278383,6990.70068359375,436330.0
2021-07-26,7003.30442951368,7054.101628742395,6881.582838909022,6935.0634765625,431758.0
2021-07-27,6940.334785679485,7015.764020471496,6863.228752886136,6939.32861328125,417171.0
2021-07-28,6977.426507879027,7008.096514507066,6769.445525432632,6867.25390625,739427.0
2021-07-29,6833.6607290475085,6833.6607290475085,6647.723817205262,6702.833984375,1519226.0
2021-07-30,6709.063891456671,6800.1154728407255,6675.4226346320775,6687.69091796875,715546.0
2021-08-02,6804.907719920952,6812.048268033199,6738.775518135805,6782.81591796875,433760.0
2021-08-03,6828.82086370592,6920.878617405924,6791.585465540392,6900.17626953125,470570.0
2021-08-04,6919.920655756593,6947.33206940315,6712.418879860291,6807.6875,484122.0
2021-08-05,6821.286966710676,6828.955315645625,6757.626765946691,6778.41259765625,495133.0
2021-08-06,6804.696686207198,6914.366040927938,6792.880966879394,6849.06591796875,517575.0
2021-08-09,6882.054106326892,6910.99056367655,6788.492894229666,6830.69189453125,264983.0
2021-08-10,6795.437917943932,6853.021186212195,6747.01739031411,6753.72119140625,356726.0
2021-08-11,6753.768940013486,6843.471955069364,6679.643289829569,6772.57763671875,414311.0
2021-08-12,6773.05954747219,6833.633004709169,6737.371253075085,6763.4140625,330283.0
2021-08-13,6780.776174843481,6799.9705964216055,6726.616869006741,6753.9619140625,431784.0
2021-08-16,6734.960007192418,6769.201479481044,6568.575388325151,6584.828125,750966.0
2021-08-17,6558.929414942552,6696.859842345021,6507.229524183527,6641.3017578125,752517.0
2021-08-18,6697.583757925977,6697.583757925977,6578.2208790718505,6597.6083984375,434144.0
2021-08-20,6573.398192798434,6669.515359046262,6539.638994449506,6608.025390625,657982.0
2021-08-23,6660.20700896309,6672.746138741007,6559.893970739749,6583.9111328125,537302.0
2021-08-24,6548.802098607374,6609.086380389974,6501.635770734858,6562.0166015625,646993.0
2021-08-25,6595.582961429751,6595.582961429751,6462.475262003411,6473.51953125,722194.0
2021-08-26,6462.475070030743,6463.77730472412,6357.339281578004,6374.3154296875,1199429.0
2021-08-27,6394.715939935404,6457.267009461222,6366.020619717737,6389.98974609375,1428388.0
2021-08-30,6452.82931506501,6568.575132375592,6417.960981794384,6555.939453125,819447.0
2021-08-31,6578.220698043688,6628.377219495047,6523.771747425902,6603.3955078125,938326.0
2021-09-01,6558.88197235043,6578.220982010331,6464.74194152219,6544.365234375,1108476.0
2021-09-02,6609.762319588835,6615.790748284095,6470.385048154442,6552.08203125,741052.0
2021-09-03,6529.993408334838,6711.32852809362,6512.245809956893,6619.79296875,1196077.0
2021-09-06,6679.498817646074,6707.4707260521,6595.583092427993,6604.16748046875,897444.0
2021-09-07,6635.997723455582,6684.225152761602,6610.726833081821,6633.34521484375,743783.0
2021-09-08,6609.183084185552,6615.211512504965,6516.4898761520735,6540.8447265625,847767.0
2021-09-09,6510.7029225738725,6576.726461340072,6501.057436762652,6561.1005859375,515702.0
2021-09-13,6593.171635006562,6650.996509155852,6571.758468738406,6630.017578125,508397.0
2021-09-14,6665.030279392803,6708.434962833132,6608.218465706208,6650.03173828125,817280.0
2021-09-15,6692.037825860064,6692.037825860064,6636.094010077435,6664.06591796875,310138.0
2021-09-16,6668.21313471241,6702.647705470241,6626.44837193561,6685.23779296875,556648.0
2021-09-17,6708.434747633826,6814.293944406337,6703.6120051840535,6765.77734375,980793.0
2021-09-20,6732.452228671953,6766.742211691199,6661.365284188923,6703.998046875,550405.0
2021-09-21,6667.440939547654,6693.6768449061,6502.020885857612,6536.74462890625,1085249.0
2021-09-22,6578.220533288043,6603.298793385622,6544.461337002841,6588.83056640625,548623.0
2021-09-23,6624.519304677592,6635.9973379915045,6579.185523763229,6603.974609375,432740.0
2021-09-24,6607.157624751654,6788.299655622879,6605.2285276349385,6705.78271484375,1649962.0
2021-09-27,6726.761272622442,7183.9572639076505,6726.761272622442,7140.98681640625,2646138.0
2021-09-28,7183.957326619331,7254.899681379828,7073.516521853231,7160.66357421875,1346961.0
2021-09-29,7128.496429202936,7200.355299912038,7032.52384349078,7122.27490234375,643556.0
2021-09-30,7122.949878948593,7145.423671694231,7042.216977216084,7077.9052734375,625717.0
2021-10-01,6964.040380709813,6964.040380709813,6838.649071915868,6908.3857421875,901588.0
2021-10-04,6925.458359794982,6959.169518890166,6878.966932835274,6916.10205078125,466994.0
2021-10-05,6910.79683719458,7041.203981514569,6901.97131269961,7000.93408203125,546004.0
2021-10-06,7013.135685635577,7023.359994062696,6910.266680967337,6944.02587890625,726695.0
2021-10-07,6978.460596550453,7287.164166119244,6969.104287392862,7226.8798828125,1646727.0
2021-10-08,7281.087804024954,7303.513557739309,7138.768383354069,7166.595703125,630622.0
2021-10-11,7157.142988769681,7537.753451192737,7156.756792591807,7427.794921875,1069536.0
2021-10-12,7415.352714771679,7475.251274013128,7359.553486874045,7421.04345703125,406814.0
2021-10-13,7465.605409959106,7475.202855948144,7172.912978463222,7216.896484375,1084436.0
2021-10-14,7272.6961606721425,7291.9871319206095,7181.064047241923,7231.1240234375,831546.0
2021-10-18,7142.481629988287,7432.135355642512,7142.481629988287,7385.5478515625,913963.0
2021-10-19,7398.280557889291,7493.192042057966,7316.100832137928,7384.24609375,658869.0
2021-10-20,7345.036785365824,7395.530993245357,7248.581935919128,7321.646484375,488082.0
2021-10-21,7378.79629204688,7378.79629204688,7219.645783787046,7306.6962890625,563128.0
2021-10-22,7330.569475175252,7354.683190554118,7124.686384882093,7146.244140625,224520.0
2021-10-25,7094.254459182759,7133.848988068262,6963.702721066012,7003.201171875,248058.0
2021-10-26,7007.445197793265,7077.8092027238445,6954.588125777101,7038.6484375,292203.0
2021-10-27,7026.735879752549,7196.737554262691,6987.189390930332,7095.4599609375,1218064.0
2021-10-28,6992.976464283855,7262.760861921912,6978.556276151888,7108.43310546875,961511.0
2021-10-29,7089.431566459181,7282.341268947866,7036.2368101921165,7217.1376953125,819875.0
2021-11-01,7138.623683707381,7394.22904462921,7138.623683707381,7345.5673828125,1005690.0
2021-11-02,7376.81910609945,7629.578859576034,7360.276722060768,7515.52099609375,1302733.0
2021-11-03,7515.521111547005,7564.230812979048,7438.212640003015,7460.0595703125,656492.0
2021-11-04,7499.076111434655,7542.721935134327,7461.265618316377,7472.74365234375,53365.0
2021-11-08,7484.848749707347,7603.150535814671,7400.016515884644,7412.169921875,428433.0
2021-11-09,7435.70514063503,7489.237587814332,7271.442702813783,7308.9150390625,632879.0
2021-11-10,7301.632576715634,7311.278062285932,7195.532235442355,7245.35107421875,562432.0
2021-11-11,7245.688482931759,7299.22092579687,7178.170086525312,7189.21435546875,486991.0
2021-11-12,7263.0507274981555,7276.554407469599,7178.170453391936,7214.6787109375,349666.0
2021-11-15,7187.815965913569,7311.133595164401,7187.815965913569,7237.1044921875,314414.0
2021-11-16,7277.517987832561,7840.573140304033,7267.9205424556,7764.95263671875,2619355.0
2021-11-17,7750.146964999886,8053.979733385072,7730.904034613785,7981.3974609375,2377268.0
2021-11-18,7942.092352088012,8071.341851138266,7717.449100544856,7829.384765625,1337493.0
2021-11-22,7868.787258345202,7897.579127442757,7529.796473984092,7585.595703125,672298.0
2021-11-23,7570.837771359339,7671.970776390538,7528.301088057738,7575.56396484375,567198.0
2021-11-24,7586.656184611302,7617.955971650832,7365.871128381802,7397.556640625,571078.0
2021-11-25,7369.150480253385,7445.7355363382685,7171.418039356533,7304.04345703125,1007618.0
2021-11-26,7253.404105798062,7253.404105798062,6877.230222651619,6916.29443359375,1154876.0
2021-11-29,6911.955090554847,6954.395227867771,6742.86991369425,6896.0400390625,733010.0
2021-11-30,6896.040136225209,6992.9772694080375,6766.838664355818,6817.236328125,1287938.0
2021-12-01,6936.067747248586,7118.3674001800255,6877.278332160902,7015.40185546875,1669583.0
2021-12-02,7026.735631334951,7094.688259699652,6988.780554698344,7065.26953125,618573.0
2021-12-03,7046.026947486009,7069.176111995203,6895.316241045942,6953.14111328125,603798.0
2021-12-06,6937.99727137666,6944.749110789928,6772.09493150779,6793.17041015625,609507.0
2021-12-07,6876.266131962038,7004.3579820537525,6839.806387710751,6931.82421875,637151.0
2021-12-08,6968.862660429805,7232.039803329634,6897.582623052259,7171.3212890625,930339.0
2021-12-09,7204.213102470673,7204.213102470673,7065.318111607669,7158.63818359375,615037.0
2021-12-10,7118.367869605268,7209.99997632783,7097.099763749094,7162.3994140625,431682.0
2021-12-13,7219.645400711348,7307.322763688124,7161.77249168761,7249.93212890625,883009.0
2021-12-14,7250.318314833076,7288.417982361446,7193.409950676778,7227.5068359375,749704.0
2021-12-15,7210.965329609433,7369.151299921892,7188.828750863285,7299.65576171875,529018.0
2021-12-16,7322.370871042184,7350.825055418888,7143.447101486981,7186.65869140625,595582.0
2021-12-17,7214.822908545069,7214.822908545069,6984.295812937813,7037.9248046875,1081907.0
2021-12-20,6944.74881888355,7061.989494236194,6786.41828549166,7028.27880859375,867425.0
2021-12-21,7047.473156462332,7142.433138493854,7025.770816625145,7055.81640625,415744.0
2021-12-22,7046.50951542505,7189.744976795336,7046.50951542505,7160.5673828125,368978.0
2021-12-23,7215.78762305188,7234.114045299973,7094.254507090841,7125.2646484375,249919.0
2021-12-24,7177.205712538874,7185.742061343465,6995.050625895686,7057.6982421875,357447.0
2021-12-27,7019.115864871404,7070.140385464539,6931.438501897962,7031.076171875,190180.0
2021-12-28,7060.495498949561,7098.112893001341,6997.896391247333,7038.7451171875,214533.0
2021-12-29,7038.986239948416,7103.900169880864,6983.765834690347,7089.47998046875,287776.0
2021-12-30,7089.431658661686,7132.980930370702,6998.185274003631,7024.08349609375,296041.0
2021-12-31,7031.606594716379,7185.404041225903,7031.606594716379,7163.17138671875,313398.0
2022-01-03,7156.950488570049,7336.30848603521,7156.950488570049,7257.1669921875,456599.0
2022-01-04,7330.569044974721,7377.831924343636,7253.405160290776,7359.60205078125,495182.0
2022-01-05,7354.538559271606,7531.195542905681,7335.970998538904,7499.703125,710043.0
2022-01-06,7506.116567893493,7619.402979733314,7411.542774081676,7602.66796875,739981.0
2022-01-07,7602.668574181955,7663.145488500595,7557.720515464668,7625.72119140625,523116.0
2022-01-10,7668.161305874704,7940.164008800071,7643.227630579014,7837.5361328125,827930.0
2022-01-11,7812.843124469942,7873.079368799457,7783.231296091281,7855.138671875,688923.0
2022-01-12,7909.298005652786,7909.298005652786,7827.311379984434,7881.0849609375,288174.0
2022-01-13,7885.184260199526,7967.170885534933,7670.08993726075,7790.70654296875,684931.0
2022-01-14,7669.125461376302,7856.247878620297,7669.125461376302,7797.603515625,299536.0
2022-01-17,7836.7639042632945,8072.210771493286,7812.939837558697,7972.47607421875,862249.0
2022-01-18,7956.512467488479,7956.512467488479,7611.734420807309,7634.5458984375,785199.0
2022-01-19,7647.905193445432,7774.261049207993,7581.351345753701,7731.53173828125,681632.0
2022-01-20,7716.388273618802,7851.42506840713,7714.024941321621,7751.44970703125,522850.0
2022-01-21,7687.451653771298,7951.737946510738,7577.541162252774,7899.2666015625,1041476.0
2022-01-24,7898.687461001716,8037.389343304763,7670.860922840646,7766.83349609375,1153538.0
2022-01-25,7706.742026563101,8356.84767436079,7608.261536760395,8297.6240234375,2162832.0
2022-01-27,8349.13265082538,8653.592792069949,8102.25624917696,8507.51171875,2899559.0
2022-01-28,8483.203522246535,8613.41756153059,8220.219013537962,8247.8056640625,1045088.0
2022-01-31,8319.230877359181,8410.862985573573,8249.590286727864,8292.5126953125,561419.0
2022-02-01,8384.821329368091,8479.153997992476,8054.945694415383,8255.9580078125,819689.0
2022-02-02,8275.537412974885,8375.175090164521,8141.030928798928,8213.3720703125,580433.0
2022-02-03,8246.889270762002,8486.097287036737,8220.557286391097,8288.9921875,810019.0
2022-02-04,8333.60388158843,8372.281903930018,8191.042844002474,8247.4208984375,404421.0
2022-02-07,8242.06770935517,8309.586110719109,8102.2081636727235,8209.900390625,446099.0
2022-02-08,8311.225375942955,8477.512974730878,8136.979309965948,8294.5869140625,998182.0
2022-02-09,8316.337118081952,8671.097865906813,8316.337118081952,8632.1787109375,1403525.0
2022-02-10,8729.165341822098,8729.165341822098,8478.28661302898,8493.28515625,811887.0
2022-02-11,8428.225739540276,8550.723412797499,8365.819256193276,8427.40625,671572.0
2022-02-14,8198.662129047154,8309.633243946644,8029.866144037359,8069.798828125,995540.0
2022-02-15,8111.853037126633,8357.089497850706,8060.249691408884,8317.0126953125,682766.0
2022-02-16,8410.863060748728,8426.682033190204,8241.10252190793,8278.671875,422704.0
2022-02-17,8271.003309769712,8351.35001067624,8222.77588522295,8249.2529296875,305313.0
2022-02-18,8246.889999701416,8339.438620308674,8218.001582600626,8265.3125,385273.0
2022-02-21,8241.150555136834,8414.9623860113,8144.261468370386,8307.3671875,626049.0
2022-02-22,8193.840253860048,8352.797672750774,8087.594850130615,8317.109375,620828.0
2022-02-23,8381.92701261908,8478.333829881036,8348.360911014475,8390.462890625,557954.0
2022-02-24,8104.137134696784,8282.81975838193,7865.893636449926,7919.0888671875,947351.0
2022-02-25,7967.171030565014,8165.868032053681,7918.50936778292,8059.86376953125,1344343.0
2022-02-28,8005.753116451268,8044.287020141133,7826.443631808321,8019.40185546875,961303.0
2022-03-02,7907.07965331358,7908.33337801111,7488.754768493506,7537.17529296875,1783011.0
2022-03-03,7643.082518893734,7658.467256269543,7290.540032692868,7326.2763671875,1050154.0
2022-03-04,7216.75178888689,7252.633181037174,6877.230721032281,6990.3720703125,2511658.0
2022-03-07,6744.123435206803,6780.631691875622,6491.411716095793,6529.0771484375,2469925.0
2022-03-08,6467.29825281065,6611.980540345564,6304.819855520547,6565.0068359375,2840376.0
2022-03-09,6630.306936653207,6827.171395958099,6536.745724425194,6777.73828125,1827539.0
2022-03-10,6997.799544014441,7137.514491957839,6922.853935285613,6956.130859375,1535070.0
2022-03-11,6944.749842946752,6944.749842946752,6829.004012230973,6850.75439453125,1024452.0
2022-03-14,6800.067035024516,7074.963361972315,6763.414191431476,7057.3603515625,1023874.0
2022-03-15,7061.460018366234,7349.860038239408,7058.566372681888,7157.046875,1586111.0
2022-03-16,7301.632164492694,7326.469288434,7176.240859157945,7220.4169921875,584457.0
2022-03-17,7305.490695554196,7467.486812424012,7263.050559482849,7420.27197265625,1133271.0
2022-03-21,7565.918392321484,7658.515047811395,7378.795984352288,7432.37646484375,1354525.0
2022-03-22,7441.443671784276,7532.159270227099,7269.464390881629,7491.310546875,1093502.0
2022-03-23,7523.478217215391,7584.051673960492,7341.178552721325,7373.82861328125,808597.0
2022-03-24,7329.893173772929,7383.618713216323,7259.529643797804,7289.044921875,565485.0
2022-03-25,7248.582635218039,7274.914623268958,7123.191318840349,7152.56201171875,686637.0
2022-03-28,7161.772879790027,7271.731412893874,7150.198297358043,7212.26708984375,599515.0
2022-03-29,7267.872472027116,7294.976377298135,7138.622981482771,7175.42041015625,446257.0
2022-03-30,7254.369687878749,7359.457441417303,7224.468682650157,7329.21875,589206.0
2022-03-31,7329.170646633067,7381.449369644278,7261.121930636977,7293.2412109375,434317.0
2022-04-01,7305.490142299455,7454.995155774028,7250.848565439871,7427.0712890625,449386.0
2022-04-04,7378.796404398978,7517.691395540606,7361.096844319723,7499.171875,491029.0
2022-04-05,7505.152162623821,7619.933438469116,7455.960187261552,7486.68115234375,488132.0
2022-04-06,7464.641385608509,7570.7417283423165,7402.910277108839,7469.6572265625,393628.0
2022-04-07,7388.200371120591,7473.321776225378,7350.872155791076,7369.6328125,458566.0
2022-04-08,7435.511534896582,7456.442426428814,7248.967943006908,7290.009765625,849846.0
2022-04-11,7344.892425421261,7346.53187533021,7219.645705330323,7297.1953125,496254.0
2022-04-12,7272.696081450646,7438.116158104331,7234.114139373984,7348.2685546875,598047.0
2022-04-13,7348.268456733102,7431.798454409791,7176.241130597765,7204.6953125,527991.0
2022-04-18,7113.063143079333,7329.604288325968,7094.254446721608,7305.00830078125,551783.0
2022-04-19,7311.2781297273905,7405.803889188246,7089.431959564158,7171.51513671875,425990.0
2022-04-20,7233.148844733738,7426.058535218702,7207.684859783907,7394.90380859375,542622.0
2022-04-21,7436.475715460527,7619.739927467491,7413.567688959656,7599.87060546875,772708.0
2022-04-22,7512.868569537625,7732.447950225347,7456.924754281086,7624.27392578125,960818.0
2022-04-25,7533.123584304673,7714.458697473596,7533.123584304673,7631.84521484375,701521.0
2022-04-26,7716.388489265501,7781.495517143679,7552.415233868609,7626.4443359375,801963.0
2022-04-27,7572.670381940088,7586.17406113346,7446.314526630682,7512.28955078125,570519.0
2022-04-28,7565.918694422155,7658.515353609371,7491.359281194167,7608.50341796875,561932.0
2022-04-29,7637.295184996838,7664.784817829927,7355.647017022718,7444.1923828125,1162749.0
2022-05-02,7393.264507192646,7475.251132517027,7276.843310843641,7364.0869140625,544053.0
2022-05-04,7378.796073421121,7472.357278535089,7095.701086813396,7135.63330078125,599211.0
2022-05-05,7185.886811874364,7270.7670856253635,7118.513000390312,7145.0380859375,524174.0
2022-05-06,7054.7084936956935,7098.981180450445,6902.936676575186,7021.1904296875,650559.0
2022-05-09,6946.196095912575,7161.290413678111,6877.230877436182,7099.3662109375,570578.0
2022-05-10,7089.576276622026,7306.455107573704,7089.576276622026,7249.4501953125,663616.0
2022-05-11,7252.440588648086,7291.552844184378,7086.152511877667,7134.2353515625,605312.0
2022-05-12,6965.487416625857,7064.3056048526905,6955.166558659415,6996.49755859375,571754.0
2022-05-13,7079.786375798791,7079.786375798791,6811.979564374384,6850.17578125,703097.0
2022-05-16,6903.273917248334,7046.364787692884,6896.522077452228,6990.662109375,369545.0
2022-05-17,7021.913296628403,7315.762912024575,6997.847622422591,7265.7509765625,811448.0
2022-05-18,7297.773885936856,7369.295062380022,7243.373445216052,7298.30419921875,576970.0
2022-05-19,7185.886772002908,7258.227914002938,7123.239154642492,7142.0478515625,363255.0
2022-05-20,7253.935329360867,7377.735228583033,7185.886618296792,7317.64404296875,742204.0
2022-05-23,7523.575225723371,7672.839113571493,7500.426060564373,7617.47412109375,1161175.0
2022-05-24,7638.259490669079,7660.396066898201,7515.086460134164,7526.0341796875,581609.0
2022-05-25,7562.060599858743,7580.8692965038,7423.213648288,7511.1806640625,454335.0
2022-05-26,7523.47852688581,7562.012429011258,7349.859791649984,7528.30126953125,476799.0
2022-05-27,7644.046518378559,7683.496456058403,7555.308060373407,7661.3603515625,431411.0
2022-05-30,7697.290407110532,7774.2611918122975,7669.125401501188,7729.79541015625,389517.0
2022-05-31,7729.795245817829,7812.842967106822,7619.933264215296,7683.93115234375,2494005.0
2022-06-01,7692.322584421101,7782.845558375066,7600.738983858337,7657.9365234375,522004.0
2022-06-02,7644.046891980202,7689.380671655037,7577.107320016231,7644.4326171875,352848.0
2022-06-03,7668.160380437393,7711.565061836095,7408.696840520706,7431.89404296875,591905.0
2022-06-06,7417.377935542098,7501.197105665024,7322.32186963299,7437.19921875,606990.0
2022-06-07,7345.085303826615,7542.769719059144,7287.164351341667,7532.54541015625,991192.0
2022-06-08,7546.627830765384,7640.18903981245,7446.990154261382,7612.6513671875,813596.0
2022-06-09,7569.77670790371,7726.033566553099,7552.511383765654,7648.72509765625,687937.0
2022-06-10,7548.557206241921,7705.007174703463,7548.557206241921,7653.78955078125,442921.0
2022-06-13,7571.65772640311,7684.895626713717,7517.449912025211,7621.4765625,565826.0
2022-06-14,7528.301666450081,7621.284055362326,7475.251494553251,7534.7158203125,553462.0
2022-06-15,7538.9111612842335,7647.905143017232,7538.9111612842335,7575.03369140625,604566.0
2022-06-16,7656.585976013658,7740.501695327489,7528.301025798261,7555.88720703125,1319566.0
2022-06-17,7528.301836588891,7571.417347475115,7375.083197008126,7415.59423828125,1317656.0
2022-06-20,7426.830242050182,7508.141961979947,7355.646752191544,7389.35791015625,1043423.0
2022-06-21,7441.444082949362,7562.060691690552,7354.827339893077,7504.7666015625,954884.0
2022-06-22,7475.250880352381,7590.032151934567,7443.035054623504,7506.83984375,796824.0
2022-06-23,7533.124357695563,8022.921934843381,7526.372517682264,7977.78125,1676430.0
2022-06-24,8015.398717666227,8092.562604238224,7946.240395937679,8066.712890625,1156788.0
2022-06-27,8144.647886614144,8243.707210241195,8093.76795103635,8149.2294921875,921090.0
2022-06-28,8116.91719928491,8237.148553025041,8083.929450430041,8188.72802734375,691242.0
2022-06-29,8092.513838381939,8227.59866679123,8073.270907507925,8207.2470703125,655413.0
2022-06-30,8198.662752385046,8328.49061166368,8136.545448401958,8170.44970703125,1130302.0
2022-07-01,8140.789334401951,8150.434819395318,8011.153639314338,8104.71484375,530569.0
2022-07-04,8104.715640879946,8167.411299503191,8025.044303775507,8144.02099609375,625431.0
2022-07-05,8197.215745012703,8206.90926942509,8039.512059149364,8052.7265625,610290.0
2022-07-06,8080.022753888094,8345.7078255949,8073.270914413674,8324.1015625,976098.0
2022-07-07,8386.748653743114,8391.57139592468,8272.160487897476,8301.2900390625,547662.0
2022-07-08,8314.409353071933,8350.049614035284,8145.613339523489,8175.46630859375,686327.0
2022-07-11,8152.074341339401,8222.775554492888,8117.735851278111,8206.041015625,536114.0
2022-07-12,8193.839296163329,8196.202628315752,8079.299164742565,8121.208984375,424358.0
2022-07-13,8154.293491839706,8187.233201801526,8083.881447256751,8140.98291015625,413855.0
2022-07-14,8164.855340800639,8282.915516768653,8150.43515175914,8264.0107421875,606496.0
2022-07-15,8291.258631954728,8487.061970982975,8272.160760674335,8466.8544921875,631246.0
2022-07-18,8489.955469745219,8529.501956255051,8376.138752473014,8396.201171875,478682.0
2022-07-19,8391.524594328766,8486.966864564503,8360.17676552595,8406.8603515625,478458.0
2022-07-20,8464.395308553037,8551.15663397114,8411.055965226644,8438.8828125,398132.0
2022-07-21,8481.274618655507,8518.795930569939,8412.839716950451,8485.1328125,421090.0
2022-07-22,8536.25434360442,8573.871735627083,8479.345981313723,8517.8798828125,415294.0
2022-07-25,8515.51663812658,8544.549171901732,8189.016962982915,8315.951171875,623462.0
2022-07-26,8316.338408585105,8319.618250751526,8171.028778589392,8223.5966796875,429454.0
2022-07-27,8252.24199849093,8398.75727941607,8160.0795858827105,8351.15625,1298855.0
2022-07-28,8391.572417893802,8459.23587571831,8322.896372476212,8411.8759765625,725196.0
2022-07-29,8453.97877064162,8625.95758680738,8420.508747940114,8462.5146484375,821432.0
2022-08-01,8536.253712518772,8762.922596410514,8509.824708428703,8684.2158203125,1009408.0
2022-08-02,8666.468402737597,8870.8076287566,8636.567398788253,8847.8515625,848311.0
2022-08-03,8878.629083952143,8878.629083952143,8597.893244498986,8698.7216796875,753729.0
2022-08-04,8761.393068385294,8784.69464569483,8573.038651799883,8705.7607421875,643264.0
2022-08-05,8705.857630420762,8723.722552646597,8553.62084518847,8583.9130859375,558385.0
2022-08-08,8583.912405955258,8736.149179127979,8583.718036527056,8662.3125,520993.0
2022-08-10,8678.478357124777,8737.606491852412,8569.155497204221,8621.29296875,445375.0
2022-08-11,8695.081000557282,8736.149841635512,8470.123496157836,8557.3583984375,508318.0
2022-08-12,8558.47582802433,8558.47582802433,8422.549949870796,8446.0458984375,712782.0
2022-08-16,8482.890652624852,8776.927038135038,8451.724225561267,8741.68359375,963726.0
2022-08-17,8747.800448825605,8806.054391881047,8660.419534242441,8684.060546875,623749.0
2022-08-18,8665.273878860937,8750.130833693996,8618.670725226728,8687.3134765625,442229.0
2022-08-19,8694.838295816457,8707.022889557931,8461.385424007289,8523.474609375,572597.0
2022-08-22,8496.337575177657,8512.309054157498,8351.86798635975,8376.9169921875,488485.0
2022-08-23,8356.528538290702,8502.163403022154,8314.779877067685,8466.7255859375,558231.0
2022-08-24,8407.985521204331,8516.726211547852,8343.906185823329,8450.705078125,442582.0
2022-08-25,8467.210958685435,8577.893454877401,8427.404096019904,8481.677734375,525721.0
2022-08-26,8543.912032998376,8575.708978348455,8452.8418875481,8466.822265625,398063.0
2022-08-29,8352.256382632386,8602.069484489366,8340.023432989312,8577.1171875,459057.0
2022-08-30,8626.244027628834,8897.319242633295,8611.874910754837,8817.9482421875,1016312.0
2022-09-01,8689.49856815299,8964.942831769546,8680.808831600782,8761.87890625,888864.0
2022-09-02,8763.820743249975,8883.630071681207,8643.040515716848,8660.03125,632909.0
2022-09-05,8641.00141944479,8754.402237208336,8616.728943547472,8689.5947265625,386455.0
2022-09-06,8722.849305058184,8760.18056812289,8611.875718517087,8630.080078125,397902.0
2022-09-07,8606.048707954811,8615.320603745886,8505.075212283862,8529.2509765625,496785.0
2022-09-08,8572.067583123315,8626.53463974913,8524.493530391064,8534.833984375,428924.0
2022-09-09,8577.553853679285,8727.411745974981,8475.94888667945,8685.6630859375,632296.0
2022-09-12,8708.86814287895,8750.033695485483,8644.885513471248,8667.84765625,383641.0
2022-09-13,8711.19745611884,8727.460015391967,8651.584822654564,8666.73046875,405093.0
2022-09-14,8602.019512529176,8738.091392752645,8568.863879075056,8706.24609375,509547.0
2022-09-15,8767.266560086897,9053.6334174338,8767.218204764313,8941.7373046875,1392132.0
2022-09-16,8941.494622750924,9044.798658869284,8757.557611765982,8922.22265625,1056382.0
2022-09-19,8908.289378608135,9071.54642423058,8806.053903840548,9010.767578125,727024.0
2022-09-20,9067.22670339466,9155.578521577434,8980.816683413708,9030.1865234375,747257.0
2022-09-21,9029.361785033554,9124.50989846724,8943.388857881135,8978.7783203125,440725.0
2022-09-22,8931.30057261007,9160.4327538402,8918.678884660952,9128.2470703125,511112.0
2022-09-23,9124.460872972137,9175.966877699777,9007.369879215528,9071.546875,574213.0
2022-09-26,9000.525247497377,9000.525247497377,8543.911615234638,8577.8447265625,865432.0
2022-09-27,8631.292733688331,8649.691460696517,8418.180387789052,8518.716796875,686285.0
2022-09-28,8466.24037621394,8592.45726255658,8408.034783998733,8472.7939453125,663740.0
2022-09-29,8515.173515473816,8543.911748461194,8353.712242894253,8373.8583984375,817007.0
2022-09-30,8415.75329584229,8613.816709819197,8309.148765595213,8571.2431640625,658982.0
2022-10-03,8708.964723779178,8708.964723779178,8262.351148200758,8298.2744140625,1123076.0
2022-10-04,8445.850297649013,8503.667142762803,8378.858267468788,8437.59765625,503140.0
2022-10-06,8479.832245346433,8568.184058298863,8437.598136957084,8449.734375,474445.0
2022-10-07,8495.366358621184,8588.183924950521,8457.501297137043,8523.619140625,428616.0
2022-10-10,8422.549233077152,8618.1370357322,8406.043949277462,8604.49609375,411218.0
2022-10-11,8554.591762336422,8592.4568263168,8412.840497179106,8431.43359375,422610.0
2022-10-12,8444.880152147065,8466.239931791491,8340.605212261815,8433.8115234375,380365.0
2022-10-13,8412.840423978894,8529.785406344867,8341.964792016925,8397.83984375,355605.0
2022-10-14,8505.075806468976,8511.483361038321,8355.84843060118,8366.5283203125,274160.0
2022-10-17,8359.441555523788,8495.076354363522,8317.74124803097,8469.9296875,304671.0
2022-10-18,8509.979009057424,8629.59396839975,8497.35732069479,8551.0478515625,369973.0
2022-10-19,8593.816378717163,8597.311236100028,8441.967385419506,8465.6083984375,385416.0
2022-10-20,8446.821803651663,8484.88123634971,8360.411787499363,8454.0068359375,328270.0
2022-10-21,8475.94956407406,8538.087109560973,8389.539539881323,8450.0263671875,356203.0
2022-10-24,8533.037300847083,8533.037300847083,8491.336997412618,8510.3671875,30052.0
2022-10-25,8563.329957749167,8754.597078120662,8541.388017613752,8742.9462890625,727441.0
2022-10-27,8786.636837172913,8812.802757493555,8642.94377066445,8778.8212890625,849108.0
2022-10-28,8830.326888243257,9272.037602094768,8787.607329905411,9216.3076171875,1873029.0
2022-10-31,9369.17631978313,9484.713312742117,9176.064109437082,9250.337890625,1932020.0
2022-11-01,9354.61248451946,9356.457571999075,9102.178727801758,9179.4619140625,805517.0
2022-11-02,9170.140870621291,9179.461121576474,8941.979610208798,8960.8154296875,788679.0
2022-11-03,8941.980614190836,9039.070523139704,8897.707994967608,8970.2333984375,616860.0
2022-11-04,8988.486999150275,9052.663049274744,8923.581826569969,8960.9130859375,465775.0
2022-11-07,9007.02998242495,9080.623936664711,8984.990385595525,9061.69140625,469017.0
2022-11-09,9204.462925864418,9204.9483754156,8951.689723820717,8984.21484375,617256.0
2022-11-10,8933.242499020995,8981.544728596726,8807.02561771758,8832.51171875,445700.0
2022-11-11,8932.272529885335,8971.108497406576,8786.637651680683,8823.0947265625,461074.0
2022-11-14,8835.180653960315,8896.395644576905,8730.857369686772,8886.0068359375,282822.0
2022-11-15,8922.562092488319,8935.71758472611,8864.308150643998,8895.5712890625,359888.0
2022-11-16,8893.43508881422,8983.24324882681,8835.035133072926,8869.1142578125,350737.0
2022-11-17,8836.151838189548,8902.755130627522,8708.964068625453,8724.935546875,409572.0
2022-11-18,8747.80077332101,8761.345005212537,8578.864332193612,8590.5634765625,515615.0
2022-11-21,8568.184510515297,8669.352385809261,8530.319445822935,8607.21484375,520644.0
2022-11-22,8616.729248837864,8674.93483773057,8601.24321903799,8615.515625,455948.0
2022-11-23,8679.837991948347,8727.41204805634,8642.943825987044,8674.498046875,621006.0
2022-11-24,8707.89681429394,8733.140189435924,8661.390370832612,8706.1484375,455343.0
2022-11-25,8738.091881652254,8815.763809489163,8687.119679009282,8757.0244140625,545439.0
2022-11-28,8765.276913830487,8839.161954726167,8689.54678542123,8723.9169921875,439956.0
2022-11-29,8723.528335842271,8762.121574723711,8629.351123980647,8650.9052734375,606692.0
2022-11-30,8664.303173720527,8757.50948307476,8611.874624708771,8712.994140625,1087650.0
2022-12-01,8756.587145942953,8762.364185089828,8670.128772615197,8697.4599609375,694489.0
2022-12-02,8563.330391927713,8669.061687248786,8499.979223211922,8559.30078125,971612.0
2022-12-05,8586.631757939163,8595.564219410166,8509.930727989231,8536.193359375,519621.0
2022-12-06,8521.775872909402,8543.912183027605,8441.919420971446,8463.6669921875,551379.0
2022-12-07,8466.239962467449,8493.279122539667,8389.538935284545,8407.1611328125,546450.0
2022-12-08,8412.840287771402,8457.501644175036,8355.605599012373,8430.025390625,476001.0
2022-12-09,8453.618439082684,8508.716962847233,8296.769879563164,8362.693359375,790406.0
2022-12-12,8358.470036596214,8440.316638010012,8267.496604729244,8407.7431640625,445039.0
2022-12-13,8409.928021408317,8444.248925406084,8359.441268105013,8369.830078125,330236.0
2022-12-14,8398.2770252632,8425.171119354329,8345.896830372862,8390.12109375,343670.0
2022-12-15,8389.53800063025,8421.188927798084,8325.458668603678,8334.3427734375,472176.0
2022-12-16,8310.411907749378,8338.082535633115,8200.21484582642,8238.8564453125,624222.0
2022-12-19,8251.476967149069,8370.558119371977,8205.068180440669,8353.4697265625,464106.0
2022-12-20,8334.586451462834,8334.586451462834,8186.669407563782,8276.283203125,694906.0
2022-12-21,8276.283131278393,8317.644000662416,8047.102594791698,8107.39599609375,800720.0
2022-12-22,8113.463818763955,8140.017528174884,8046.811220600363,8091.81201171875,580858.0
2022-12-23,8058.171111070054,8087.540807610122,7886.467517640454,7904.671875,503012.0
2022-12-26,7909.914517485175,8103.123427388151,7841.029040632253,8016.51904296875,315102.0
2022-12-27,8057.443062267068,8073.025802780812,7991.275911096266,8063.75390625,423308.0
2022-12-28,8073.026085290128,8207.495611785942,8046.423070465984,8175.98974609375,538632.0
2022-12-29,8126.425090403055,8203.126115748555,8090.50182536782,8190.31005859375,452134.0
2022-12-30,8223.51574498579,8242.933727854706,8118.901362279507,8150.3095703125,433976.0
2023-01-02,8121.571101161316,8207.981122440857,8094.968086139136,8158.75634765625,398159.0
2023-01-03,8136.134226769631,8157.494006362583,8062.49191138502,8138.80419921875,493207.0
2023-01-04,8132.250589829711,8288.61369503051,8069.190505763375,8177.6884765625,566744.0
2023-01-05,8199.19457180585,8228.369900230444,8145.891831778754,8214.8740234375,417716.0
2023-01-06,8213.806580265727,8237.059803889422,8107.007676739813,8139.095703125,368978.0
2023-01-09,8179.6793129726175,8201.136753043284,8082.832122898022,8133.22216796875,613406.0
2023-01-10,8136.134216796476,8165.261188932978,8022.442314814442,8051.81201171875,493677.0
2023-01-11,8092.104067557962,8092.104067557962,8009.092199591137,8043.36474609375,327536.0
2023-01-12,8073.026005007432,8133.221749121739,8019.62655458345,8125.64892578125,283772.0
2023-01-13,8152.640321676212,8252.691291407804,8107.978959904495,8207.3994140625,705220.0
2023-01-16,8233.224153855943,8266.525802491045,8100.793140802979,8136.23095703125,500575.0
2023-01-17,8165.115287060325,8246.13700529589,8099.386177550274,8232.5927734375,409248.0
2023-01-18,8226.427023995542,8288.953297309998,8217.98001327528,8246.8642578125,402883.0
2023-01-19,8232.252898276874,8271.08885958494,8210.407670041088,8254.244140625,184776.0
2023-01-20,8215.79684170705,8252.642653535986,8167.203529593497,8194.1943359375,346337.0
2023-01-23,8233.22472041777,8235.166518700886,8134.096297322103,8172.15478515625,410827.0
2023-01-24,8204.09771081252,8464.298679628822,8172.05803927917,8445.6572265625,1039571.0
2023-01-25,8493.32881962791,8575.951955759909,8427.695470009296,8528.474609375,1131883.0
2023-01-27,8571.534913905612,8630.322668656116,8369.247504203262,8483.2314453125,743546.0
2023-01-30,8523.522827992974,8607.02014695953,8464.297985470184,8560.4169921875,1036998.0
2023-01-31,8599.156520431907,8683.575437703681,8573.23332512745,8636.4384765625,643670.0
2023-02-01,8676.92502735736,8767.655735482958,8421.481860156522,8513.66796875,707460.0
2023-02-02,8509.93009439357,8679.83742656914,8496.434218466187,8612.0205078125,456995.0
2023-02-03,8679.837434332414,8702.168112295461,8587.748039468328,8682.0703125,351157.0
2023-02-06,8667.167280925032,8675.953727513192,8563.329440092473,8648.7685546875,205161.0
2023-02-07,8648.768260875235,8660.419048833306,8497.84182223967,8507.4541015625,318669.0
2023-02-08,8517.696904727927,8596.825173021023,8420.65536030296,8577.6015625,391645.0
2023-02-09,8546.144758165037,8575.951549465744,8446.82197218974,8545.0771484375,392186.0
2023-02-10,8541.776147087205,8616.72974929573,8517.649683046648,8554.931640625,276298.0
2023-02-13,8531.29004053597,8606.438007040198,8500.901089585568,8553.0869140625,253037.0
2023-02-14,8558.47523610643,8589.544006107042,8509.930282980471,8519.10546875,227030.0
2023-02-15,8519.105233504395,8636.826741584095,8487.599370166925,8587.94140625,452568.0
2023-02-16,8621.584003055757,8621.584003055757,8534.203084105868,8548.86328125,247514.0
2023-02-17,8531.290367170424,8615.758588627557,8495.12437579941,8551.4365234375,214587.0
2023-02-20,8551.436433126592,8591.48602046348,8422.792304105074,8440.6572265625,298434.0
2023-02-21,8440.99739894205,8466.240777406794,8387.064139581695,8417.5498046875,323478.0
2023-02-22,8423.034987055595,8465.269097128434,8335.168620122446,8406.966796875,363931.0
2023-02-23,8440.463312663542,8492.891866188767,8365.266984691678,8443.181640625,317544.0
2023-02-24,8457.502084378248,8485.658158359072,8358.761455996071,8408.4716796875,242982.0
2023-02-27,8378.858949611018,8391.528992808764,8281.769042894784,8380.9951171875,220225.0
2023-02-28,8398.276987372463,8455.560032719859,8354.877609150033,8373.373046875,370998.0
2023-03-01,8369.149988467312,8520.852968246663,8369.149988467312,8509.10546875,333441.0
2023-03-02,8515.755956531475,8515.755956531475,8261.47710446412,8299.9736328125,603893.0
2023-03-03,8342.012851762433,8377.887760681588,8301.186737029502,8350.9453125,437977.0
2023-03-06,8388.568576149743,8410.89925638718,8340.946162924298,8380.267578125,275417.0
2023-03-08,8374.005060794914,8458.521641084111,8359.489929060797,8440.900390625,348171.0
2023-03-09,8471.093970165854,8482.744758434275,8285.700612215858,8293.37109375,431466.0
2023-03-10,8281.769660877111,8376.917776558934,8233.321414553073,8351.2373046875,516128.0
2023-03-13,8351.237509047904,8385.947154138346,8234.292515191366,8270.5078125,479314.0
2023-03-14,8296.284755131497,8296.284755131497,8199.243196937467,8264.439453125,349510.0
2023-03-15,8398.27698217714,8451.628075871835,8194.388176829487,8228.3212890625,509229.0
2023-03-16,8213.903382431397,8285.071047452391,8166.232614220292,8191.9130859375,340261.0
2023-03-17,8255.554524336068,8263.273361320833,8052.199531094249,8074.8212890625,471602.0
2023-03-20,8074.82179285343,8074.82179285343,7893.409675449425,7980.40185546875,488199.0
2023-03-21,8005.062834371523,8034.189806479607,7975.935862263441,7988.9462890625,287497.0
2023-03-22,7996.324435196293,8048.364244103807,7977.877353570659,8012.24755859375,218120.0
2023-03-23,8023.510354669694,8131.280157352213,7993.023742941674,8110.11474609375,540553.0
2023-03-24,8110.114393068477,8142.445142837172,7972.0523541210305,8003.0244140625,391840.0
2023-03-27,8009.917285299215,8074.773153204793,7990.062209793597,8037.44189453125,364326.0
2023-03-28,8064.190883255215,8112.443808031562,7903.118349912935,7969.916015625,360349.0
2023-03-29,8009.7713730920705,8077.006134190782,7949.236194883751,8053.89892578125,339851.0
2023-03-31,8083.657508370852,8126.425423870137,8016.762181478429,8050.84130859375,478757.0
2023-04-03,8168.02822597758,8329.343492908047,8146.182995928574,8255.603515625,627265.0
2023-04-05,8273.95412334774,8299.24585633922,8184.679757714041,8201.2333984375,272888.0
2023-04-06,8217.689403913519,8286.623235160903,8133.317898805413,8268.8076171875,309551.0
2023-04-10,8210.505618778663,8306.819006974822,8158.514157366229,8286.7705078125,308275.0
2023-04-11,8330.314964545894,8418.618434597187,8296.333493245298,8407.5498046875,409240.0
2023-04-12,8419.637423163122,8456.483235509695,8340.994592065772,8370.169921875,408458.0
2023-04-13,8376.965743394047,8450.705719256408,8369.150195311378,8418.4716796875,480202.0
2023-04-17,8592.45673287896,8592.45673287896,8398.276919706554,8422.2099609375,489356.0
2023-04-18,8439.977576783887,8494.20191261999,8437.113234791217,8478.5224609375,276111.0
2023-04-19,8437.161169979094,8487.405196234375,8410.364735233721,8427.35546875,280819.0
2023-04-20,8417.693904459109,8485.56012038568,8412.98542380456,8461.044921875,369060.0
2023-04-21,8426.822037471034,8450.705776100991,8301.187314529352,8309.3916015625,424157.0
2023-04-24,8327.401123822834,8327.401123822834,8198.999724892488,8219.77734375,543745.0
2023-04-25,8262.351818244924,8276.915305586132,8174.970894197681,8222.4482421875,906406.0
2023-04-26,8278.856489205798,8301.18716813763,8189.437062827526,8259.341796875,959058.0
2023-04-27,8320.605404835698,8320.605404835698,8224.729117352907,8294.3427734375,536521.0
2023-04-28,8342.935728928423,8361.819905514865,8286.720293380393,8339.5859375,387567.0
2023-05-02,8371.772016680858,8570.126516913391,8355.55781177712,8521.435546875,865562.0
2023-05-03,8514.784684576178,8571.096829582497,8461.433592049229,8541.2900390625,537008.0
2023-05-04,8540.659847739607,8566.194304143297,8488.570732374192,8544.494140625,271926.0
2023-05-05,8544.49396252637,8726.440827210981,8534.20281165827,8688.236328125,951591.0
2023-05-08,8782.753348798375,8855.522426719439,8699.256025340861,8812.123046875,678780.0
2023-05-09,8818.676528127344,8874.017776845087,8788.432641895186,8846.3955078125,415394.0
2023-05-10,8863.144158129173,8912.854385288063,8796.346484826781,8901.349609375,366827.0
2023-05-11,8973.971586442358,9043.924673542431,8876.007492793027,8991.3994140625,644550.0
2023-05-12,8991.447845543684,9058.29386661339,8963.971591755437,9024.8955078125,403028.0
2023-05-15,8973.048784215564,9036.6426703188,8918.096278687603,8939.3583984375,259316.0
2023-05-16,8950.814584955328,8960.717944376638,8793.528947072837,8807.3642578125,448981.0
2023-05-17,8816.10418236561,8866.251505365128,8769.209940576364,8854.0185546875,290482.0
2023-05-18,8878.82311753861,8883.725967924982,8780.907383202717,8789.83984375,272497.0
2023-05-19,8796.345008784929,8852.851520655504,8699.788912851176,8840.9580078125,543472.0
2023-05-22,8825.47278969243,8902.853637334196,8809.792390022041,8890.18359375,182115.0
2023-05-23,8902.173482041162,8966.252820007649,8890.279968554958,8932.951171875,269008.0
2023-05-24,8901.203007442764,9047.032242852243,8892.464915485196,9000.962890625,470365.0
2023-05-25,8952.417703207095,9022.953900715558,8947.85428789661,9011.7392578125,218979.0
2023-05-26,9061.400465365665,9141.014184229907,9040.283411886428,9126.40234375,346760.0
2023-05-29,9160.432977061791,9212.667158833798,9041.060743497745,9061.88671875,236834.0
2023-05-30,9107.033023713257,9129.266991056304,9029.361100270073,9110.28515625,372004.0
2023-05-31,9174.948248799808,9174.948248799808,8997.904226922868,9095.091796875,1614766.0
2023-06-01,9065.770351979376,9104.65467133022,8953.631505858506,9056.837890625,378706.0
2023-06-02,9115.771633948654,9247.959925439804,9041.692222377013,9209.3173828125,445105.0
2023-06-05,9274.51371881774,9359.467390672917,9212.424531301716,9303.251953125,434649.0
2023-06-06,9348.787589184973,9485.684364558852,9331.311405094692,9452.8681640625,542318.0
2023-06-07,9503.159321883852,9514.81010977337,9369.660710649789,9425.001953125,453747.0
2023-06-08,9449.761644870798,9480.830418387271,9345.389983838884,9377.5263671875,273746.0
2023-06-09,9393.934146540369,9431.217050858768,9331.407865878622,9347.6220703125,161389.0
2023-06-12,9344.90377529446,9417.721207309742,9260.096118731455,9272.5234375,316879.0
2023-06-13,9308.980613425923,9338.155941885789,9229.02745143228,9240.5322265625,561014.0
2023-06-14,9242.959464332547,9319.660493500853,9214.317940782355,9255.095703125,328167.0
2023-06-15,9276.93993695348,9415.584124404511,9265.289148963586,9315.6298828125,459978.0
2023-06-16,9315.824976559355,9362.768515704696,9274.027961024543,9324.2236328125,682099.0
2023-06-19,9357.525657612188,9361.55526819141,9233.25057106162,9254.6103515625,395006.0
2023-06-20,9252.668549400149,9261.30993076566,9145.869646941175,9215.87109375,612713.0
2023-06-21,9225.483163363995,9259.46463155151,9122.616215036212,9166.1123046875,356331.0
2023-06-22,9164.36447512485,9218.055002884095,9101.013312203248,9129.412109375,288487.0
2023-06-23,9145.869725703333,9152.666019554705,9034.216326716509,9055.8671875,309138.0
2023-06-26,9055.866544550296,9242.958981632866,9029.36119004051,9194.6083984375,405168.0
2023-06-27,9213.832832854943,9223.54182424889,9121.645769940687,9185.6767578125,339375.0
2023-06-28,9199.705978719325,9296.358793571011,9158.054028470306,9263.0087890625,482586.0
2023-06-30,9290.532574613277,9566.75334140996,9263.347402485657,9504.1787109375,845006.0
2023-07-03,9458.547228033314,9501.07241826751,9375.535356383083,9391.5068359375,398066.0
2023-07-04,9417.721257082492,9433.74109221052,9340.09768451523,9366.65234375,247673.0
2023-07-05,9414.809288597717,9744.866652368852,9393.449506773526,9701.515625,815044.0
2023-07-06,9708.942092997431,9724.815913122997,9529.568494464702,9572.482421875,652120.0
2023-07-07,9567.239504351095,9655.591320354337,9529.374440349706,9563.5986328125,457050.0
2023-07-10,9567.239858972507,9644.280324327328,9436.896653059472,9452.96484375,272008.0
2023-07-11,9510.927356887923,9667.09609414287,9452.964492370857,9612.046875,568772.0
2023-07-12,9607.046753235922,9660.446204618234,9519.66583279214,9549.5693359375,552967.0
2023-07-13,9566.219917739332,9610.88127372846,9332.281603641468,9366.796875,519564.0
2023-07-14,9419.613989257112,9444.22590029396,9311.892552758563,9324.1748046875,498441.0
2023-07-17,9366.26265591585,9416.749403931568,9276.939947888042,9407.57421875,444583.0
2023-07-18,9427.624458236169,9482.091517493767,9322.28190781044,9384.37109375,320985.0
2023-07-19,9370.14767164617,9384.711158857306,9248.445842775904,9327.9619140625,450254.0
2023-07-20,9340.049217350985,9500.247566713031,9296.79585265196,9488.111328125,466813.0
2023-07-21,9437.13911226823,9558.501497971269,9420.63382781262,9485.732421875,328483.0
2023-07-24,9485.7320281608,9529.374129876933,9398.302758757893,9412.671875,358506.0
2023-07-25,9343.932599512087,9490.490002970442,9336.941936616897,9474.615234375,240998.0
2023-07-26,9477.43117347857,9524.519777885036,9442.236082556212,9472.4306640625,209861.0
2023-07-27,9485.683866112731,9541.171126941146,9409.614303618906,9469.7607421875,256672.0
2023-07-28,9455.585719079652,9466.265608484096,9268.590943855648,9388.884765625,381151.0
2023-07-31,9388.886038301836,9551.41493834519,9326.457411404106,9534.9580078125,600060.0
2023-08-01,9475.974782591917,9604.13345793025,9369.224241800695,9433.9833984375,1394528.0
2023-08-02,9432.284446973854,9508.45166849811,9243.29856410308,9372.865234375,672815.0
2023-08-03,9407.215387326862,9467.096143417108,9325.62741451082,9353.1669921875,614897.0
2023-08-04,9369.14187605502,9424.023878676262,9238.797119829567,9281.3310546875,540470.0
2023-08-07,9300.539046350885,9349.344634127146,9233.896616935514,9333.6640625,366329.0
2023-08-08,9349.492328915996,9430.88410727405,9315.23988773146,9352.0400390625,430636.0
2023-08-09,9349.540912099568,9349.589722473089,9229.486534559504,9274.17578125,404602.0
2023-08-10,9274.17573878746,9310.339440070613,9155.542605019578,9209.9833984375,523490.0
2023-08-11,9209.983330725638,9279.958264197749,9157.453798781684,9170.046875,498504.0
2023-08-14,9173.13477005082,9177.054913114946,9073.07350116552,9135.55078125,336864.0
2023-08-16,9147.65422188042,9249.33293684936,9069.398745523582,9231.49609375,336363.0
2023-08-17,9226.93889589693,9285.593652265496,9163.334193375274,9188.12890625,402798.0
2023-08-18,9163.334004613242,9280.938291303466,9150.250910545408,9267.2666015625,400745.0
2023-08-21,9266.775948788296,9279.95761976491,9225.32063198353,9250.3603515625,375347.0
2023-08-22,9232.132615151146,9318.228369713006,9221.842240164497,9302.4013671875,435930.0
2023-08-23,9328.960293033331,9447.544618640752,9257.417683369353,9409.2744140625,546842.0
2023-08-24,9468.761708623442,9468.761708623442,9364.240524961113,9382.5673828125,385559.0
2023-08-25,9363.261315347689,9432.598842881796,9295.638850332094,9315.92578125,346449.0
2023-08-28,9324.990912685867,9476.94525716966,9320.139544538106,9406.0888671875,325938.0
2023-08-29,9408.34318565675,9491.401215342625,9316.219825297194,9429.1689453125,317224.0
2023-08-30,9467.145011211667,9621.941843879642,9418.14322543935,9600.822265625,543634.0
2023-08-31,9575.046517604256,9864.059431616364,9575.046517604256,9804.0810546875,1581818.0
2023-09-01,9799.37726916969,10190.362715261912,9752.678183785383,10124.994140625,1193178.0
2023-09-04,10193.351474472744,10258.965057022971,10080.941186518608,10155.5712890625,819552.0
2023-09-05,10143.369150745262,10204.817578462991,10041.249242857875,10057.2236328125,507107.0
2023-09-06,10055.166019996655,10055.166019996655,9927.908770493992,9975.6357421875,663758.0
2023-09-07,9947.362286235804,10095.25005516993,9947.362286235804,10075.501953125,445805.0
2023-09-08,10191.391888236336,10192.371923998258,10094.368347805968,10125.7294921875,439721.0
2023-09-11,10138.469466272329,10339.376787740266,10137.489430557853,10323.548828125,598050.0
2023-09-12,10333.497148206074,10357.410403795846,10197.272176316786,10293.9033203125,568773.0
2023-09-13,10290.3752083263,10326.048891874958,10231.573064278722,10264.306640625,301707.0
2023-09-14,10256.122320040831,10368.77761417135,10222.801106535931,10278.76171875,501196.0
2023-09-15,10279.888617752527,10339.376978129972,10268.226766775177,10315.12109375,544616.0
2023-09-18,10290.424581980373,10411.557579588689,10284.54436725374,10312.0341796875,430213.0
2023-09-20,10284.543640233222,10284.543640233222,10131.168050289143,10140.1845703125,545106.0
2023-09-21,10136.558545470763,10138.469806591378,10002.73485557998,10078.9814453125,577252.0
2023-09-22,10170.811214763376,10355.792966236357,10102.649918415307,10324.82421875,986206.0
2023-09-25,10324.82374933566,10505.982970245195,10319.7761825263,10376.814453125,756801.0
2023-09-26,10419.642219642516,10421.65110146789,10316.39488165331,10345.89453125,452503.0
2023-09-27,10339.376930129847,10492.262503693852,10314.87603693049,10467.5166015625,458359.0
2023-09-28,10437.870345537329,10491.282291815134,10321.784924094629,10354.419921875,598144.0
2023-09-29,10330.556498449092,10491.772373982238,10300.714219437175,10398.7666015625,481725.0
2023-10-03,10495.98642180295,10495.98642180295,10097.601899377474,10140.33203125,623006.0
2023-10-04,10078.589523126337,10078.589523126337,9888.5602179743,9927.6142578125,407793.0
2023-10-05,9978.675300148663,10065.898482807925,9907.181500027642,10006.3125,377196.0
2023-10-06,10077.706489028324,10126.659460673662,10055.165669301818,10096.3759765625,335700.0
2023-10-09,10045.365908294749,10128.08130406364,9980.634741830618,10040.26953125,230083.0
2023-10-10,10084.568053463856,10209.032596009036,10065.064958852745,10167.87109375,348342.0
2023-10-11,10143.320846698964,10231.57287148084,10133.618110287489,10204.2294921875,193526.0
2023-10-12,10251.17345689028,10412.438140460928,10212.168227310747,10369.66015625,569237.0
2023-10-13,10323.744927016787,10530.53246077529,10319.57977527047,10513.3818359375,625954.0
2023-10-16,10515.735070673274,10595.019390746407,10452.08155558118,10490.79296875,304196.0
2023-10-17,10515.783416913297,10582.278458582416,10354.371340246978,10536.16796875,474718.0
2023-10-18,10540.284020463509,10594.038596123572,10497.21125976164,10573.06640625,267435.0
2023-10-19,10486.382611916844,10583.112332656823,10486.382611916844,10556.6513671875,286284.0
2023-10-20,10548.222079890242,10583.405745080654,10482.16824657196,10511.5205078125,232512.0
2023-10-23,10467.761264569112,10510.540205507948,10320.21708201165,10342.9541015625,227925.0
2023-10-25,10309.976093292416,10434.881841083035,10291.943052660194,10377.451171875,401105.0
2023-10-26,10328.596762045016,10382.498728257417,10185.021524770173,10216.0400390625,506129.0
2023-10-27,10231.621590386318,10628.487241307852,10231.572780014198,10349.86328125,1116713.0
2023-10-30,10486.38278728441,10486.38278728441,10040.466509881197,10190.1181640625,991168.0
2023-10-31,10280.574878203372,10280.574878203372,10114.948838697524,10184.8251953125,439996.0
2023-11-01,10182.668966550082,10214.128688066026,9985.241532240356,10023.560546875,699116.0
2023-11-02,10084.861224348448,10138.469368828362,9997.344227299964,10097.8955078125,569194.0
2023-11-03,10112.008304910483,10162.970161070143,10036.545556366376,10071.140625,517582.0
2023-11-06,10132.540035517952,10132.540035517952,10047.32574214613,10079.51953125,490459.0
2023-11-07,10094.3674668759,10119.848394462188,10031.497795408675,10048.599609375,264935.0
2023-11-08,10113.967789132204,10134.009709352364,10055.753289379962,10116.2216796875,287006.0
2023-11-09,10143.32161418317,10240.981606398263,10110.784234548157,10192.71484375,310536.0
2023-11-10,10167.870230212431,10208.444090391236,10113.968267546245,10181.39453125,206395.0
2023-11-13,10220.79242084072,10220.79242084072,10156.747470010832,10190.8037109375,261891.0
2023-11-15,10287.435390228538,10287.435390228538,10167.919837679896,10247.302734375,436538.0
2023-11-16,10270.774409545043,10333.202876710944,10201.388071550276,10275.1845703125,488715.0
2023-11-17,10290.37443541538,10395.042052545246,10289.541787930371,10313.4052734375,403772.0
2023-11-20,10290.37536599432,10381.861320350294,10290.37536599432,10355.302734375,234246.0
2023-11-21,10406.999835187156,10406.999835187156,10290.375578629357,10324.82421875,312242.0
2023-11-22,10339.377354447097,10340.602399157338,10211.97270458187,10285.0341796875,378891.0
2023-11-23,10278.418275780758,10314.875795421029,10186.539928434371,10279.1044921875,453820.0
2023-11-24,10296.206352830368,10355.547323622734,10253.133591987984,10305.712890625,380306.0
2023-11-28,10329.527273149655,10345.649051524346,10296.254870347866,10327.1748046875,268026.0
2023-11-29,10358.977510016924,10422.238624022011,10315.56211924531,10387.6435546875,343341.0
2023-11-30,10369.758092216653,10436.400522069289,10335.554462304062,10396.9052734375,665660.0
2023-12-01,10396.218862839822,10544.20425577806,10322.764994600631,10374.3642578125,591519.0
2023-12-04,10481.482065743205,10481.579686489124,10216.87242032472,10387.83984375,625235.0
2023-12-05,10438.263164793065,10554.985039929044,10352.510036567084,10507.845703125,580996.0
2023-12-06,10507.845072456808,10534.354846521206,10378.577981811575,10413.6142578125,464163.0
2023-12-07,10574.585562251616,10714.583283926331,10422.680023590914,10483.099609375,704413.0
2023-12-08,10515.782784493713,10533.42342662986,10340.356398806443,10406.5576171875,548373.0
2023-12-11,10417.779163430529,10425.619448784002,10290.423336806793,10331.291015625,579749.0
2023-12-12,10407.979636749444,10411.899779738804,10095.445854096297,10132.001953125,1088687.0
2023-12-13,10153.169811643824,10205.014082794203,10055.166242033363,10172.8193359375,603469.0
2023-12-14,10231.573751963955,10285.475720963768,10106.422988891156,10146.5068359375,635475.0
2023-12-15,10250.19382530066,10267.589459720692,9636.29905370201,10081.0400390625,1244681.0
2023-12-18,10089.467676135842,10144.25205537764,10022.041410422487,10113.576171875,652498.0
2023-12-19,10113.57603905132,10169.83047112539,10002.44056477739,10029.29296875,585734.0
2023-12-20,10035.565034097954,10103.236304169552,9790.556122132672,9879.984375,964051.0
2023-12-21,9800.357119240723,9897.62566364919,9702.35354804832,9812.9501953125,739806.0
2023-12-22,9849.35852917343,10112.301909240536,9829.757815682538,10013.171875,652545.0
2023-12-26,10064.96708612774,10075.943677868589,9912.767726569631,10065.6044921875,395273.0
2023-12-27,10080.6475669133,10099.610875552891,10025.76556577125,10083.09765625,397675.0
2023-12-28,10105.099158210323,10105.099158210323,9983.62354339436,10066.5341796875,584234.0
2023-12-29,10075.20868981118,10189.089035061435,10067.907232080515,10096.6708984375,705227.0
2024-01-01,10138.46937099072,10138.46937099072,10010.722099635568,10078.0009765625,411724.0
2024-01-02,10078.001043416072,10089.173833356685,9948.391320534683,9994.1591796875,776837.0
2024-01-03,9996.364014816976,10006.164371694247,9864.05919697381,9876.45703125,521046.0
2024-01-04,9898.359794638418,9917.960507103047,9786.194526146362,9815.3505859375,711733.0
2024-01-05,9810.794734274685,9873.85964855839,9770.955900360012,9817.017578125,673131.0
2024-01-08,9805.257964791048,9926.733590960492,9714.017016630813,9748.1220703125,600153.0
2024-01-09,9775.856215363016,9842.156014025986,9692.55317994388,9823.9755859375,666469.0
2024-01-10,9849.309934541448,9850.093771685031,9751.3551753119,9810.353515625,481699.0
2024-01-11,9824.95585183534,9921.979389479007,9800.357337744064,9811.2353515625,1024815.0
2024-01-12,9824.858096551572,9844.410000585867,9737.58610706725,9766.693359375,850190.0
2024-01-15,9785.754061269035,9897.18431149926,9749.395119714558,9885.5224609375,463380.0
2024-01-16,9885.473512836672,10035.566375190534,9859.159935001637,9980.2431640625,536823.0
2024-01-17,9921.880799277877,9958.925954981683,9796.877445062097,9851.0244140625,610250.0
2024-01-18,9747.483835632574,9849.358737570215,9543.24497097576,9726.3642578125,614860.0
2024-01-19,9761.155721034129,9850.976377136963,9750.424138542056,9837.3046875,377018.0
2024-01-23,9665.111637290742,9773.895595082193,9635.808188356528,9663.5927734375,956269.0
2024-01-24,9663.152198047756,9800.357198831394,9560.248447460024,9788.79296875,459092.0
2024-01-25,9788.793423907258,9800.161455960038,9620.569901940842,9683.7333984375,718817.0
2024-01-29,9732.882532886371,9834.658863862807,9677.901952442116,9791.9296875,446516.0
2024-01-30,9810.990004034244,9833.188195464594,9733.22455406953,9752.97265625,399869.0
2024-01-31,9760.469660656285,10031.253341616297,9715.094197741317,9983.5263671875,997024.0
2024-02-01,10006.16386957037,10486.185133917745,10000.283655739086,10425.5703125,1869594.0
2024-02-02,10386.419408128231,10497.751092178833,10329.969728876193,10442.72265625,814940.0
2024-02-05,10390.337960835615,10545.13478315941,10192.370759544465,10220.3505859375,365105.0
2024-02-06,10290.326102978748,10640.002651478246,10249.213413697422,10628.33984375,829040.0
2024-02-07,10643.18805674898,10754.422112406532,10571.449249704629,10717.376953125,560808.0
2024-02-08,10732.37126661803,10732.37126661803,10476.533131015403,10529.40625,557082.0
2024-02-09,10497.40778279264,10554.984882313152,10399.256820953771,10518.576171875,645489.0
2024-02-12,10486.382134041196,10534.355073628376,10437.429158740551,10495.888671875,190655.0
2024-02-13,10515.782816010178,10613.786383726956,10427.726993243092,10578.9951171875,397979.0
2024-02-14,10491.282427702125,10829.394752555672,10489.71475336984,10807.78515625,354676.0
2024-02-15,10819.594026847906,10910.73734609581,10760.791885397646,10868.8408203125,447248.0
2024-02-16,10897.997526929608,11250.810396506466,10876.436740455469,11153.19921875,716486.0
2024-02-19,11153.198861976376,11381.203597407204,11106.793596514268,11254.0927734375,581383.0
2024-02-20,11211.609241914091,11250.761862454468,11089.937417882757,11217.9306640625,355044.0
2024-02-21,11227.28941362044,11290.99173658529,11143.006340159254,11236.9423828125,348461.0
2024-02-22,11270.410133974312,11461.517088419963,11163.831255533469,11425.0595703125,584406.0
2024-02-23,11471.26943010402,11486.018776454071,11246.106220727714,11305.2998046875,472884.0
2024-02-26,11275.310692418325,11303.682917255755,11188.528722874256,11238.0693359375,277700.0
2024-02-27,11187.10741180908,11332.055073322035,11156.971314313409,11271.0478515625,307585.0
2024-02-28,11241.98914238796,11269.381330709008,10907.79697975573,10930.1416015625,358812.0
2024-02-29,10932.29797686186,11122.42489819859,10907.307067098527,11062.9853515625,943841.0
2024-03-01,11069.503454790576,11441.917028302789,11069.503454790576,11388.9462890625,487355.0
2024-03-04,11368.414466818447,11444.171037326343,11313.679854130094,11362.681640625,369936.0
2024-03-05,11364.543020667175,11495.81899678797,11330.976797253708,11437.6044921875,320702.0
2024-03-06,11437.60457848142,11445.83726141884,11288.443906409531,11336.1220703125,639542.0
2024-03-07,11340.041943580727,11401.24536472076,11193.135165761978,11280.259765625,255325.0
2024-03-11,11285.25874521744,11325.195200953356,11123.454273014577,11168.0458984375,525344.0
2024-03-12,11172.406975041358,11344.795637421294,11153.786296749622,11280.11328125,283816.0
2024-03-13,11280.210800964443,11324.165018869822,11042.649766691104,11162.75390625,385204.0
2024-03-14,11174.122320074566,11231.209401017784,11076.412566943933,11176.9150390625,523058.0
2024-03-15,11152.806508459347,11291.040355536295,11088.172961226006,11247.52734375,972333.0
2024-03-18,11208.325703975555,11432.508871005486,11139.379618039467,11403.9892578125,311049.0
2024-03-19,11311.669309526122,11446.767800703834,11227.43600944938,11365.5224609375,409259.0
2024-03-20,11418.543547801037,11784.929518444049,11418.543547801037,11702.75390625,1031037.0
2024-03-21,11759.44796688455,11760.428002551427,11589.26439050453,11670.412109375,544311.0
2024-03-22,11652.674293355996,12179.198518816973,11652.674293355996,12091.3876953125,1062263.0
2024-03-26,12040.277813169314,12075.902686318415,11898.810037878187,12005.9765625,507568.0
2024-03-27,12044.639349388686,12468.701009189264,12040.425387083254,12260.58984375,878986.0
2024-03-28,12319.00045645734,12472.71867963744,12138.232672580543,12348.79296875,860324.0
2024-04-01,12361.532811520348,12435.672894438543,12256.473751002231,12318.65625,314676.0
2024-04-02,12372.90219933172,12395.491831346111,12213.450195698377,12301.849609375,333508.0
2024-04-03,12201.444501771868,12275.43719734486,12164.741973283031,12179.736328125,271935.0
2024-04-04,12240.646729190705,12396.472416135564,12072.12938765062,12316.3544921875,491166.0
2024-04-05,12242.60622570406,12307.19096253899,12137.252385705406,12173.611328125,231600.0
2024-04-08,12201.444401801082,12669.558834307869,12201.444401801082,12608.2568359375,570422.0
2024-04-09,12608.25699478954,12726.449875326129,12524.8563389272,12630.7001953125,314466.0
2024-04-10,12674.801787014474,12699.302679667018,12349.332311844517,12429.5478515625,464239.0
2024-04-12,12407.25248024691,12407.25248024691,11980.936932939849,12021.6572265625,973366.0
2024-04-15,11955.945349885284,12260.246430350826,11792.720597815296,12174.8359375,831257.0
2024-04-16,12062.279627564829,12299.35065078029,12030.281078518032,12253.0927734375,579183.0
2024-04-18,12319.04965235792,12350.410797057635,12074.08951976673,12157.34375,679117.0
2024-04-19,12152.345619743484,12504.668470143217,11980.936985081376,12457.185546875,635535.0
2024-04-22,12527.944369128543,12622.027801043603,12406.272548049426,12530.2470703125,342212.0
2024-04-23,12588.55866175339,12764.47507123449,12521.230017240714,12736.7890625,397281.0
2024-04-24,12740.464047979332,12812.937879111638,12642.460478379491,12685.630859375,296364.0
2024-04-25,12705.183201538017,12721.549989639434,12485.997827734702,12664.51171875,640725.0
2024-04-26,12664.021520222195,12784.565913271828,12407.252162669323,12449.736328125,704626.0
2024-04-29,12544.505986791455,12735.367942659235,12351.390140188016,12436.505859375,613937.0
2024-04-30,12530.7372718878,12736.544782219136,12485.851825333537,12561.6083984375,528776.0
2024-05-02,12495.455600297666,12587.726347419655,12264.951004398948,12549.7001953125,814923.0
2024-05-03,12562.049360336654,12573.858599642494,12163.616019896052,12242.75390625,834990.0
2024-05-06,12299.449137503108,12393.924970278218,12125.492785159937,12190.958984375,342231.0
2024-05-07,12223.398386252322,12258.777294334071,11994.657657221464,12117.2109375,604375.0
2024-05-08,12144.602730097757,12309.19992187573,12078.940336382737,12293.126953125,399669.0
2024-05-09,12289.647785722218,12485.458728885334,12188.459098810272,12255.00390625,504590.0
2024-05-10,12255.347261171895,12443.465317981529,12251.427118105548,12422.443359375,328670.0
2024-05-13,12407.25208356096,12454.686194732149,12228.444376930858,12420.8251953125,281421.0
2024-05-14,12420.825434704158,12583.658753819327,12398.824398252458,12558.3740234375,331037.0
2024-05-15,12564.05725075084,12615.411502527297,12446.45297071261,12512.4091796875,232030.0
2024-05-16,12591.498679517415,12591.498679517415,12054.439115665024,12248.1435546875,914201.0
2024-05-17,12265.294934760295,12413.035325702796,12076.294464047884,12389.1220703125,809226.0
2024-05-21,12348.597401606958,12425.775214190851,12193.408171841442,12224.279296875,443136.0
2024-05-22,12179.68741708615,12312.188434443557,12116.278916215912,12281.169921875,280015.0
2024-05-23,12315.178271775096,12716.061711285434,12224.034945345828,12676.6650390625,768732.0
2024-05-24,12608.159246813944,12773.78527967143,12555.23731915534,12740.9052734375,624801.0
2024-05-27,12763.44624121208,12797.796301386988,12521.916249402422,12648.4384765625,464953.0
2024-05-28,12632.66048038411,12726.695099500428,12544.702274168869,12562.685546875,333806.0
2024-05-29,12562.097649450829,12593.50760233975,12495.455221602284,12533.333984375,353706.0
2024-05-30,12467.034630217842,12554.257810949655,12299.448518924137,12346.490234375,524559.0
2024-05-31,12346.490126907524,12381.1340071376,12083.840551259707,12151.7568359375,908304.0
2024-06-03,12568.9583261908,12568.9583261908,12154.942037709396,12227.0732421875,485936.0
2024-06-04,12345.117702313628,12345.706297991725,11330.63428993528,11932.9638671875,825928.0
2024-06-05,11936.835001970683,12362.268122785898,11883.030658421065,12252.994140625,447581.0
2024-06-06,12261.766413212215,12436.653988730175,12219.086046610546,12420.4833984375,447536.0
2024-06-07,12331.151725039615,12571.897875969576,12331.151725039615,12555.1396484375,532480.0
2024-06-10,12510.30359572562,12662.061747073643,12375.793690556437,12463.6533203125,293471.0
2024-06-11,12489.085239088949,12681.221051216617,12402.548276140222,12606.8369140625,358807.0
2024-06-12,12606.83754281922,12693.030923323962,12546.417954641734,12592.822265625,302719.0
2024-06-13,12681.661800900543,12681.661800900543,12485.26226622708,12590.37109375,297240.0
2024-06-14,12575.32820218368,12637.56046971582,12523.680128897324,12588.7548828125,216967.0
2024-06-18,12621.29221365166,12622.85988795415,12291.656629837968,12310.1796875,823306.0
2024-06-19,12358.250848961105,12372.951385260423,11956.436190113043,11997.6953125,694871.0
2024-06-20,12001.517785743496,12059.829912825951,11892.733817572867,11906.9443359375,907751.0
2024-06-21,11976.036911445315,12119.367140438677,11842.26203105151,11957.90625,947800.0
2024-06-24,11937.814523747653,12043.658376351275,11800.609529631842,11940.1669921875,550862.0
2024-06-25,11957.807988434004,11993.480713720955,11831.039796233665,11874.7001953125,594272.0
2024-06-26,11875.092800997323,12077.812806541451,11826.777231488775,11954.720703125,447931.0
2024-06-27,11956.43513291594,11983.18991520179,11770.228356255771,11935.609375,1230852.0
2024-06-28,11941.686511507862,11957.90591136071,11764.496243651818,11793.6025390625,1160395.0
2024-07-01,11804.53049851854,12015.238182800938,11765.86789712884,11866.91015625,1134926.0
2024-07-02,11907.38514276026,11907.38514276026,11755.528417105228,11802.177734375,687181.0
2024-07-03,11873.133635686576,11907.434888451662,11721.228087726904,11881.611328125,467532.0
2024-07-04,11892.733261576364,11966.235939336417,11830.794813704004,11848.2392578125,299684.0
2024-07-05,11828.197720470152,11895.133964361916,11781.89103572403,11862.400390625,406926.0
2024-07-08,11862.352875359218,11870.193161463225,11727.107940065136,11783.5576171875,496933.0
2024-07-09,12078.940340594409,12701.214217140328,12019.206971594223,12571.6044921875,2114130.0
2024-07-10,12691.511132611591,13034.474817435455,12478.451945549725,12517.7998046875,2070520.0
2024-07-11,12544.456441889302,12665.784665124986,12441.601508009191,12461.349609375,608983.0
2024-07-12,12368.05127487562,12416.955442061542,12225.946089863184,12311.69921875,674746.0
2024-07-15,12348.450674092608,12513.5867009644,12338.650316414756,12391.5234375,697186.0
2024-07-16,12390.591275493998,12542.49680801805,12330.564089254656,12387.2099609375,347810.0
2024-07-18,12380.791889898186,12426.853571116046,12214.18580889742,12391.62109375,391216.0
2024-07-19,12397.45240560869,12456.254551406044,12246.968105568863,12274.26171875,351955.0
2024-07-22,12250.4459374691,12406.222799423174,12152.49118033988,12388.8759765625,249631.0
2024-07-23,12466.054362048311,12480.706087479828,12113.24150274506,12376.919921875,332258.0
2024-07-24,12381.771415281088,12410.388650016004,12209.48132532607,12237.951171875,285860.0
2024-07-25,12140.731181573892,12274.94726342432,12140.731181573892,12259.462890625,396789.0
2024-07-26,12221.04482862673,12488.692187796923,12141.858137750209,12410.8779296875,537693.0
2024-07-29,12455.274279849717,12518.682783947364,12351.3904909077,12496.974609375,388263.0
2024-07-30,12505.255280855445,12709.886539492583,12456.155876097955,12616.63671875,526539.0
2024-07-31,12720.863490695376,13107.977595381406,12637.707843692431,12853.9521484375,836405.0
2024-08-01,13125.618106493384,13406.888351887514,12850.228075288676,13092.345703125,2040384.0
2024-08-02,12985.453720174766,13033.830511227592,12537.353476477174,12590.1328125,1333355.0
2024-08-05,12356.263296533363,12356.263296533363,11898.864296654514,12070.208984375,1131415.0
2024-08-06,12257.334273528311,12420.46899586294,11980.332369041798,12001.2060546875,623565.0
2024-08-07,12266.237770452122,12316.69168821106,12134.563324468734,12239.0322265625,433514.0
2024-08-08,12238.537845919094,12260.005686966371,12022.031562926568,12088.0166015625,358577.0
2024-08-09,12257.334073572203,12257.334073572203,12064.52057890228,12093.3095703125,320211.0
2024-08-12,12069.368309891432,12237.548032242375,11970.4390614497,12141.833984375,291212.0
2024-08-13,12204.90181946797,12207.91896843283,11992.203927663995,12045.873046875,464483.0
2024-08-14,12107.95052520341,12107.95052520341,12000.117646108129,12074.9580078125,449827.0
2024-08-16,12183.088340167978,12211.777823784352,11981.321933720596,12082.5263671875,552732.0
2024-08-19,12064.422269769588,12112.946874607616,11996.952326749437,12019.7060546875,277319.0
2024-08-20,12030.291035119695,12178.1902588153,12020.002007028936,12084.158203125,471927.0
2024-08-21,12084.15897138798,12117.794917376925,12046.664398093202,12090.0947265625,295984.0
2024-08-22,12148.511694631334,12193.029856378762,12050.571738786994,12144.900390625,501316.0
2024-08-23,12168.298062600245,12242.544273411417,12123.186709883728,12170.5732421875,440809.0
2024-08-26,12193.029962311122,12202.428240983896,12091.1328356484,12112.69921875,232805.0
2024-08-27,12113.886676274258,12395.83503909485,12094.199369059488,12363.08984375,477609.0
2024-08-28,12366.155816938097,12385.892394843111,12197.976097827735,12225.181640625,313227.0
2024-08-29,12210.837752283029,12346.370829497868,12118.833546582442,12320.451171875,608598.0
2024-08-30,12326.584986999113,12435.40716585705,12184.324913676935,12270.1953125,2271179.0
2024-09-02,12240.51608600514,12390.888545802503,12218.158461977651,12294.333984375,331514.0
2024-09-03,12340.434400057347,12340.73099458027,12227.55651449022,12264.357421875,445514.0
2024-09-04,12193.07891085075,12265.247989442953,12103.102567876393,12204.1591796875,735076.0
2024-09-05,12204.9013270534,12237.54797889686,12099.047031682185,12166.912109375,595865.0
2024-09-06,12118.832930858209,12173.095237171552,11965.196001290638,12055.6669921875,733354.0
2024-09-09,12066.895104929965,12089.005405562411,11972.417672462589,12015.69921875,415790.0
2024-09-10,12020.002232344694,12156.47532383517,11968.460480332342,12132.08984375,285122.0
2024-09-11,12128.725794329514,12201.933437786316,12034.743008810648,12111.51171875,349799.0
2024-09-12,12130.80304988499,12293.937767857073,12021.238906665374,12268.0673828125,547830.0
2024-09-13,12232.60184266354,12262.280617858034,12159.443468587922,12184.17578125,361093.0
2024-09-16,12190.013398016585,12231.61295607352,12124.769361827652,12157.416015625,170114.0
2024-09-17,12153.458637754426,12153.458637754426,12021.536866334012,12114.62890625,568161.0
2024-09-18,12108.989085588017,12205.8412046945,12039.68934139223,12073.423828125,182282.0
2024-09-19,12128.67656022684,12277.119703958022,12075.70014102684,12219.24609375,465608.0
2024-09-20,12228.051817737978,12569.1104186683,12227.704985687653,12479.4306640625,875654.0
2024-09-23,12489.81741589255,12612.489681997158,12489.81741589255,12547.294921875,235586.0
2024-09-24,12448.366186686804,12642.119704286772,12448.366186686804,12602.201171875,425916.0
2024-09-25,12590.973130056514,12678.970892266963,12475.967875475277,12648.4013671875,341172.0
2024-09-26,12697.569617054667,13267.402114088052,12692.623154406809,13240.4931640625,1471069.0
2024-09-27,13239.701752177032,13396.653396407875,13132.314242700864,13351.095703125,865698.0
2024-09-30,13200.673534739395,13355.448537118522,13067.26782968322,13096.25390625,415743.0
2024-10-01,13096.254452460407,13158.035963898568,12860.85210279844,13025.025390625,388888.0
2024-10-03,12802.483126043611,13007.217395937236,12457.467377121106,12511.927734375,863520.0
2024-10-04,12554.023767598752,12739.960527278306,12378.522884870556,12470.7744140625,679362.0
2024-10-07,12490.856891360689,12512.572055852126,12245.463069840102,12393.3623046875,465500.0
2024-10-08,12368.382467231995,12494.863130075582,12328.612714516892,12397.7646484375,387060.0
2024-10-09,12420.518490851626,12712.409059737474,12406.22302051656,12624.0654296875,465231.0
2024-10-10,12661.856474927748,12826.17757676149,12575.391921866849,12805.5009765625,492698.0
2024-10-11,12805.50098699655,12841.01697508807,12588.747381201518,12639.8447265625,274243.0
2024-10-14,12638.211688778618,12661.95470878102,12328.859730776128,12403.6005859375,488067.0
2024-10-15,12572.91852353526,12572.91852353526,12222.708974606823,12313.4765625,532135.0
2024-10-16,12281.126393965864,12321.588843749056,12100.036594655645,12251.2998046875,418138.0
2024-10-17,12267.226904271743,12287.111296924191,11940.760381819351,12013.720703125,875937.0
2024-10-18,11940.760594345324,12011.247685674827,11717.625861961336,11975.484375,506871.0
2024-10-21,12015.501735698008,12118.83353403183,11816.653936486548,12045.52734375,375275.0
2024-10-22,12085.14769072292,12158.206554088418,11713.222988831856,11795.630859375,904901.0
2024-10-23,11795.631576415844,11990.127069896142,11627.60062454814,11828.1796875,412638.0
2024-10-24,11870.471292178365,11870.471292178365,11512.298140117053,11637.740234375,552495.0
2024-10-25,11637.640631348902,11668.012103706254,11317.505971261537,11379.6826171875,624582.0
2024-10-28,11381.612028656327,11508.093652976651,11317.506068621688,11360.29296875,613830.0
2024-10-29,11327.398766734,11360.045418201442,10627.425073719143,10927.724609375,2268683.0
2024-10-30,10861.442474692243,11396.649722966997,10827.80652932932,11135.921875,1672966.0
2024-10-31,11104.808823795203,11127.117177476151,10931.682628324012,10957.849609375,838211.0
2024-11-01,11030.611740373257,11089.523917478447,10961.361263079434,10991.0400390625,65670.0
2024-11-04,11174.059155876865,11174.059155876865,10743.716904189709,10934.1064453125,444462.0
2024-11-05,10923.768107204449,11154.273266503364,10893.99078851853,11050.49609375,321159.0
2024-11-06,11098.872988862238,11307.613714475032,11052.969428635795,11232.6748046875,416027.0
2024-11-07,11184.100759492943,11263.095381059122,11066.819357936702,11179.154296875,530194.0
2024-11-08,11139.928699662492,11222.534627145447,11006.472748939246,11181.9736328125,269993.0
2024-11-11,11210.16775484861,11394.819582975008,11188.897966494971,11277.6376953125,450681.0
2024-11-12,11270.069723734488,11393.583475226844,10988.319405647448,11023.78515625,549747.0
2024-11-13,11020.718562165095,11023.537659376403,10747.970423917966,10931.2861328125,507710.0
2024-11-14,10936.62820785266,10998.65703867062,10775.47207875455,10888.2021484375,431348.0
2024-11-18,10832.753255773114,11063.20914496987,10798.12801705603,10975.162109375,333440.0
2024-11-19,10971.253848245144,11075.376884090754,10779.727206281736,10841.953125,864067.0
2024-11-21,10804.212323482298,10840.865417897234,10654.68037357969,10745.1513671875,540201.0
2024-11-22,10788.234343496575,10987.725555740511,10711.316854252482,10945.1357421875,493678.0
2024-11-25,11082.054625636662,11127.512809399544,10872.373886271596,10907.0986328125,635726.0
2024-11-26,10907.098320339392,10959.332769813294,10774.829723172496,10826.767578125,406586.0
2024-11-27,10818.902831305884,10997.866231846954,10753.609525996246,10939.9423828125,343332.0
2024-11-28,10941.971554960515,10961.954491309029,10771.4171352596,10832.6044921875,607669.0
2024-11-29,10832.70345543124,11010.923917205046,10803.073952240307,10955.623046875,338207.0
2024-12-02,11031.600742998357,11208.684101710282,11031.600742998357,11118.955078125,446880.0
2024-12-03,11129.540733156296,11187.908991223514,11083.043985204442,11158.4775390625,258644.0
2024-12-04,11160.208705808194,11179.00526333061,10987.082518101748,11010.6767578125,554674.0
2024-12-05,11015.722284803269,11149.326038476158,10912.885140233406,11062.515625,545501.0
2024-12-06,11080.076423815495,11254.14263906976,11001.922313326082,11196.763671875,417214.0
2024-12-09,11200.769821605356,11247.168026863616,11132.063263421216,11159.021484375,254485.0
2024-12-10,11154.273372177118,11193.201647126753,11050.397655629127,11078.2958984375,410569.0
2024-12-11,11109.655905770736,11199.631283117333,11100.454712906318,11156.9931640625,226584.0
2024-12-12,11178.361564782324,11178.361564782324,10959.629384535834,11047.8251953125,396561.0
2024-12-13,11018.146335235462,11169.111979624868,10915.457004026091,11151.8486328125,263579.0
2024-12-16,11135.031434959708,11208.140539974062,11085.022890375598,11156.251953125,223389.0
2024-12-17,11142.401895007146,11151.750902745598,10941.278914539722,10989.60546875,295445.0
2024-12-18,10966.307505279588,10979.217579351482,10852.637409107236,10884.6416015625,497103.0
2024-12-19,10771.4164601733,10917.238557327422,10736.247305933137,10838.044921875,435360.0
2024-12-20,10822.860285729002,10958.393362433288,10749.603367052738,10784.3271484375,404608.0
2024-12-23,10810.988048073368,10872.126129135762,10640.23655520594,10706.123046875,237165.0
2024-12-24,10706.123663054545,10770.873051779983,10610.16228851044,10621.6376953125,151149.0
2024-12-26,10655.174846229049,10857.287110283249,10654.68019998021,10779.3310546875,349811.0
2024-12-27,10812.472302426846,11013.79332475576,10795.752872852485,10823.8984375,257973.0
2024-12-30,10823.898388681258,10832.752749675014,10634.992794770533,10683.3203125,335481.0
2024-12-31,10649.733485523251,10777.055620183066,10635.487287451382,10742.1337890625,198997.0
2025-01-01,10741.738134381618,11153.23454946651,10684.557220201148,11088.287109375,383202.0
2025-01-02,11164.165578532036,11732.168239401895,11105.797322516672,11714.5087890625,1417042.0
2025-01-03,11723.066703724868,11920.776420879902,11661.730569509007,11806.4638671875,701315.0
2025-01-06,11801.2698297677,11851.625202741649,11565.521628284076,11629.7763671875,383268.0
2025-01-07,11629.77672222882,11699.32379150743,11548.704008924293,11595.7939453125,308104.0
2025-01-08,11600.443934970288,11732.959859480008,11599.751236994322,11695.416015625,303100.0
2025-01-09,11695.415958130554,11723.116148185338,11534.804706880288,11614.837890625,266413.0
2025-01-10,11564.829284802348,11634.079759561642,11446.114185214985,11506.5595703125,218246.0
2025-01-13,11345.701332212751,11529.66047060768,11345.206685949848,11374.5888671875,253524.0
2025-01-14,11410.450048148492,11659.355646516156,11407.531442148333,11615.431640625,627463.0
2025-01-15,11763.231774372274,12061.850295966044,11733.99837413964,11819.4736328125,692822.0
2025-01-16,11853.158603855054,12004.074978790655,11828.17896867997,11962.8212890625,551211.0
2025-01-17,11972.319060980431,12059.376799299154,11875.76353518156,12006.3994140625,285370.0
2025-01-20,12016.984869890734,12016.984869890734,11855.730197745048,11891.3447265625,251731.0
2025-01-21,11888.376842098907,12009.81249236961,11735.036509781525,11756.455078125,300038.0
2025-01-22,11772.629908178307,11949.51521225589,11772.629908178307,11891.6416015625,396590.0
2025-01-23,11876.456837165728,11976.671977356016,11833.224560330693,11916.7705078125,480876.0
2025-01-24,11802.2593346623,11963.51400956171,11786.5291977236,11839.75390625,310343.0
2025-01-27,11774.461106332845,11917.908522659996,11684.583300646347,11865.42578125,251783.0
2025-01-28,11889.662757643844,12034.446290136782,11757.69172195079,11993.9345703125,533451.0
2025-01-29,11990.225543950162,12188.77674927291,11757.79106924785,11849.6474609375,817549.0
2025-01-30,11892.284907714844,11981.172450642583,11795.432787434578,11871.509765625,418442.0
2025-01-31,11871.509885764885,12257.333957052242,11871.509885764885,12178.833984375,709009.0
2025-02-01,12188.083326075175,13009.196082620823,12097.71184467364,12778.1962890625,1101170.0
2025-02-03,12850.909305761765,13317.064115216588,12783.2915512458,12999.25390625,926127.0
2025-02-04,13108.125414491276,13117.969067929382,12832.607457665928,12969.5751953125,530749.0
2025-02-05,12969.624630705304,13009.196330570156,12864.264979815136,12946.6728515625,271633.0
2025-02-06,12920.159671031244,12989.41014400002,12867.52911835379,12934.009765625,414134.0
2025-02-07,12920.160032173168,12968.140718356964,12872.673992238686,12909.7724609375,355223.0
2025-02-10,12910.267140173535,12920.160065185162,12748.666596550987,12762.615234375,294142.0
2025-02-11,12761.823856628283,12877.867672548036,12563.470712273996,12588.103515625,354195.0
2025-02-12,12564.015262264124,12628.665143332666,12473.04961995905,12520.041015625,425735.0
2025-02-13,12539.282645844514,12608.483850590506,12479.67777172916,12535.6220703125,186742.0
2025-02-14,12564.01508990359,12643.158492044717,12449.35569960924,12544.4765625,233454.0
2025-02-17,12466.667563158257,12637.221970876586,12443.419190188504,12626.2412109375,192210.0
2025-02-18,12628.269526503556,12746.98462683641,12598.78880314209,12649.2919921875,267936.0
2025-02-19,12590.725688877928,12632.424754332347,12515.539458630838,12550.3134765625,288694.0
2025-02-20,12514.550385557175,12514.550385557175,12247.441404995878,12307.4423828125,423739.0
2025-02-21,12287.013069673996,12305.413524060586,12113.886879078753,12191.4970703125,477013.0
2025-02-24,12117.20011587994,12299.378711836463,12089.252603423927,12213.013671875,399571.0
2025-02-25,12256.097154659496,12373.477093308536,12217.762071237596,12342.7587890625,363355.0
2025-02-27,12397.516854156022,12415.620713449263,12180.169101512936,12248.0341796875,236805.0
2025-02-28,12206.38554062726,12206.38554062726,11685.226443594172,11817.939453125,605149.0
2025-03-03,11758.730976743322,11930.323958784656,11631.85421014671,11649.5126953125,186884.0
2025-03-04,11564.82946337297,11598.712731903384,11466.88950470112,11491.869140625,255726.0
2025-03-05,11480.739655112411,11703.33047134682,11444.48169793673,11492.95703125,349730.0
2025-03-06,11575.711555972455,11603.906392255269,11357.077913217996,11541.482421875,315309.0
2025-03-07,11525.25796021296,11616.569467397569,11476.78262630305,11539.2568359375,259055.0
2025-03-10,11475.793011109552,11572.645133395696,11410.153840113391,11461.9921875,153894.0
2025-03-11,11455.512263428673,11566.807667343845,11386.756436121075,11522.240234375,245822.0
2025-03-12,11496.369739180123,11598.415643876591,11398.627836390602,11515.462890625,249361.0
2025-03-13,11510.220015731536,11559.88269171903,11366.72333394769,11390.515625,260736.0
2025-03-17,11390.516099558725,11627.105793737772,11333.681050684292,11429.9892578125,275569.0
2025-03-18,11429.9892578125,11429.9892578125,11429.9892578125,11429.9892578125,0.0
2025-03-19,11574.722705949722,11589.018176359035,11423.3609474873,11491.1767578125,476555.0
2025-03-20,11574.623264430336,11639.025817274372,11463.921051472624,11604.5986328125,379421.0
2025-03-21,11653.86569785042,11794.048638897197,11580.460000827825,11607.1708984375,560565.0
2025-03-24,11653.816640742014,11861.61734182018,11616.322067706213,11794.5927734375,359033.0
2025-03-25,11823.431086553652,11945.954579506875,11673.651811613105,11741.814453125,514283.0
2025-03-26,11680.57703440676,11741.814629151844,11584.615657906596,11608.6552734375,478517.0
2025-03-27,11647.089469598592,11770.602252701492,11513.386200785002,11596.4375,645787.0
2025-03-28,11573.782613146495,11620.180819379271,11278.033417231609,11398.77734375,541795.0
2025-04-01,11357.078180290537,11422.173435175882,11169.11260065158,11358.166015625,498244.0
2025-04-02,11358.1656777408,11606.379551175158,11287.87663919324,11590.6494140625,452994.0
2025-04-03,11505.96635750806,11676.570041409126,11486.724425268469,11562.94921875,326624.0
2025-04-04,11475.793157224352,11505.471932630966,11208.68417856482,11359.056640625,355785.0
2025-04-07,10986.686226650363,11236.878682359702,10941.030958165768,11208.4365234375,602353.0
2025-04-08,11406.542411168177,11426.674126899889,11169.16148494093,11336.2041015625,629968.0
2025-04-09,11337.391020090874,11415.149993185025,11302.667238474589,11334.720703125,255114.0
2025-04-11,11357.423330592474,11553.699341511425,11357.077464673115,11474.8525390625,231420.0
2025-04-15,11663.758487979756,11812.152361872628,11554.93631379165,11728.0625,458593.0
2025-04-16,11641.99383921682,11641.99383921682,11490.632090627412,11539.107421875,470494.0
2025-04-17,11539.107324176995,11602.42204200513,11401.595671394023,11569.775390625,302146.0
2025-04-21,11569.775610133302,11642.983254011016,11463.921314256067,11619.240234375,318493.0
2025-04-22,11643.972929061649,11661.78019437372,11490.632588874343,11608.3583984375,516753.0
2025-04-23,11672.662268813776,11842.820579707575,11603.41179345002,11779.505859375,493839.0
2025-04-24,11812.1529647958,11911.082219107324,11731.030976260352,11766.6455078125,387863.0
2025-04-25,11774.559818919366,11917.017944774214,11473.814886559134,11572.744140625,906266.0
2025-04-28,11305.634906759138,11768.623805635869,11168.123246622672,11719.1591796875,457303.0
2025-04-29,11685.523407149944,11812.152851453637,11615.28363726274,11714.212890625,455596.0
2025-04-30,11698.38346518826,12193.029700502777,11673.651153422536,12125.7578125,967250.0
2025-05-02,12125.758533762846,12590.726022615629,12118.833486056528,12272.173828125,707908.0
2025-05-05,12356.263806546243,12356.263806546243,12229.634361611264,12324.6064453125,270014.0
2025-05-06,12304.820233636035,12464.096327671688,12238.53763549698,12446.2890625,414921.0
2025-05-07,12222.709100947171,12533.346952642632,12222.709100947171,12497.732421875,303619.0
2025-05-08,12425.51363783086,12462.11745985313,12197.976365800518,12259.3125,485326.0
2025-05-09,12005.064371412627,12227.655181760205,11985.278521603954,12118.8330078125,278112.0
2025-05-12,12292.948489269578,12494.76415736961,12292.948489269578,12480.9140625,185165.0
2025-05-13,12465.085144483057,12564.014391661492,12296.905424279714,12348.3486328125,378269.0
2025-05-14,12351.316825547554,12581.821977357931,12278.109180766574,12534.3359375,306050.0
2025-05-15,12465.08544771078,12883.556173455354,12413.642237926577,12813.31640625,561496.0
2025-05-16,12811.338281400298,12945.882065668286,12773.745165207773,12855.8564453125,425275.0
2025-05-19,12850.909214347235,12906.30959279246,12791.551666013069,12849.919921875,244277.0
2025-05-20,12865.749061223469,12870.695523761424,12474.978520724946,12502.6787109375,361111.0
2025-05-21,12539.282354293624,12670.858255920532,12459.149662325355,12479.9248046875,209104.0
2025-05-22,12475.96767158309,12475.96767158309,12262.280492369551,12311.7451171875,434848.0
2025-05-23,12316.691302265268,12361.209463598756,12289.980405465174,12319.6591796875,169465.0
2025-05-26,12321.637897606624,12404.73846632593,12258.323178582392,12288.001953125,214703.0
2025-05-27,12288.002195967632,12345.3811612173,12158.404877903728,12281.0771484375,344679.0
2025-05-28,12281.07709783143,12282.066390331658,12173.24421530657,12198.9658203125,178181.0
2025-05-29,12207.869290671402,12294.927029535183,12134.661646626855,12259.3125,191097.0
2025-05-30,12259.313081545784,12356.263749879505,12119.822834249304,12187.0947265625,351353.0
2025-06-02,12030.78653623055,12187.094756995652,12002.097052672398,12158.4052734375,264972.0
2025-06-03,12141.58706342954,12217.762587252895,11930.86775726882,11998.1396484375,369114.0
2025-06-04,11998.13941102113,12113.886633241567,11998.13941102113,12032.7646484375,205846.0
2025-06-05,12069.368779507877,12125.758453313774,11887.338955292347,11996.1611328125,319783.0
2025-06-06,12009.021990209612,12400.781831063308,11970.439581640689,12328.5634765625,456129.0
2025-06-09,12371.102841760554,12524.443180862743,12332.520433857422,12501.689453125,323443.0
2025-06-10,12524.44333597494,12607.543907872405,12327.574123979755,12385.9423828125,325292.0
2025-06-11,12336.477186458502,12425.513509376004,12293.937609953471,12318.669921875,306061.0
2025-06-12,12325.595166370307,12356.263233643564,12175.222707482091,12257.333984375,347339.0
2025-06-13,12069.368757177828,12291.959574420862,12045.625736671906,12275.1416015625,385493.0
2025-06-16,12271.184106581704,12432.43878324833,12203.91221692937,12395.8349609375,184242.0
2025-06-17,12394.84536879094,12479.924521294412,12336.477113003672,12460.138671875,226597.0
2025-06-18,12484.871534689266,12742.087588494274,12415.62105866484,12611.5009765625,467738.0
2025-06-19,12613.479502253582,12687.676440502131,12577.864971894278,12668.8798828125,339117.0
2025-06-20,12671.84730360031,12751.979994020454,12591.714613180166,12654.0400390625,652128.0
2025-06-23,12634.254450245837,12649.093837666844,12530.378738298785,12563.025390625,192037.0
2025-06-24,12692.6228319089,12717.35514451979,12418.588808180237,12475.9677734375,332717.0
2025-06-25,12548.18657078552,12669.869553141769,12481.90397064025,12630.2978515625,316536.0
2025-06-26,12643.158506500688,12710.430398397562,12553.132886462225,12578.8544921875,354735.0
2025-06-27,12613.479331821754,12661.954664155815,12485.860599758616,12506.6357421875,346403.0
2025-06-30,12531.367650579636,12539.28199029738,12199.954674899192,12267.2265625,448956.0
2025-07-01,12316.691683787776,12325.595316330273,12188.083658173928,12308.77734375,283481.0
2025-07-02,12247.440830618169,12507.624751333238,12226.66568865993,12486.849609375,609735.0
2025-07-03,12494.764322355071,12682.72989806746,12455.192622205095,12615.4580078125,606221.0
2025-07-04,12578.853954946846,12611.500606973055,12472.999658983075,12510.5927734375,225607.0
2025-07-07,12511.582533181285,12534.336261200828,12337.467049205645,12385.9423828125,220116.0
2025-07-08,12390.888616415314,12420.567391544451,12226.666060700749,12281.0771484375,241050.0
2025-07-09,12301.852301382693,12405.728014422111,12296.905838857008,12336.4775390625,174203.0
2025-07-10,12366.155933485672,12534.335654181075,12268.215978492464,12514.5498046875,277325.0
2025-07-11,12504.657564716876,12549.175728515314,12386.931753783228,12439.3642578125,194420.0
2025-07-14,12455.19306891906,12480.914674939067,12297.89555518132,12380.0068359375,246737.0
2025-07-15,12347.359421506686,12463.106641466326,12347.359421506686,12401.7705078125,147377.0
2025-07-16,12401.770513719755,12436.395750476311,12305.809143280156,12429.470703125,204480.0
2025-07-17,12434.417287363614,12491.796251693875,12329.552283587616,12342.4130859375,189207.0
2025-07-18,12390.888441475763,12392.86702645644,12237.548105473468,12286.0234375,124068.0
2025-07-21,12297.895433891325,12344.3921827766,12209.848398768136,12272.173828125,232066.0
2025-07-22,12315.702609044787,12395.835303344142,12187.094581156942,12358.2421875,169006.0
2025-07-23,12405.728424210023,12582.811788479052,12405.728424210023,12491.796875,342005.0
2025-07-24,12512.57151576312,12525.432318238209,12384.952783510318,12422.5458984375,157163.0
2025-07-25,12410.674817362971,12422.546327750246,12224.687821295676,12271.1845703125,260700.0
2025-07-28,12238.5372073478,12400.781173236172,12170.276026577694,12207.869140625,292879.0
2025-07-29,12207.869547728367,12373.081396550946,12136.640487158153,12335.48828125,285115.0
2025-07-30,12297.894883394503,12507.624890254743,12287.012666057415,12482.892578125,203847.0
2025-07-31,12372.092163705584,12623.372461928931,12330.54187817259,12473.0,709783.0
2025-08-01,12521.0,12779.0,12273.0,12302.0,346024.0
2025-08-04,12326.0,12425.0,12225.0,12365.0,255693.0
2025-08-05,12400.0,12577.0,12370.0,12537.0,233560.0
2025-08-06,12570.0,12619.0,12483.0,12524.0,151608.0
2025-08-07,12525.0,12654.0,12429.0,12632.0,173393.0
2025-08-08,12630.0,12725.0,12564.0,12590.0,247048.0
2025-08-11,12585.0,12734.0,12482.0,12597.0,187230.0
2025-08-12,12620.0,12959.0,12606.0,12840.0,504476.0
2025-08-13,12840.0,12925.0,12752.0,12834.0,252065.0
2025-08-14,12864.0,12956.0,12825.0,12936.0,318580.0
2025-08-18,13703.0,14125.0,13664.0,14068.0,2154781.0
2025-08-19,14070.0,14270.0,13979.0,14250.0,906623.0
2025-08-20,14362.0,14362.0,14200.0,14221.0,391425.0
2025-08-21,14219.0,14401.0,14156.0,14280.0,513460.0
2025-08-22,14349.0,14370.0,14230.0,14349.0,458935.0
2025-08-25,14401.0,14478.0,14280.0,14452.0,357106.0
2025-08-26,14452.0,14825.0,14391.0,14720.0,962928.0
2025-08-28,14895.0,14895.0,14625.0,14752.0,666523.0
2025-08-29,14750.0,14850.0,14692.0,14791.0,621544.0
2025-09-01,14790.0,14938.0,14654.0,14887.0,572892.0
2025-09-02,14859.0,14934.0,14783.0,14842.0,379167.0
2025-09-03,14875.0,14991.0,14750.0,14927.0,561568.0
2025-09-04,15240.0,15240.0,14630.0,14662.0,784280.0
2025-09-05,14740.0,14957.0,14701.0,14895.0,473771.0
2025-09-08,14921.0,15319.0,14850.0,15258.0,691062.0
2025-09-09,15249.0,15384.0,15201.0,15365.0,605846.0
2025-09-10,15366.0,15384.0,15072.0,15108.0,489053.0
2025-09-11,15111.0,15191.0,15038.0,15095.0,657148.0
2025-09-12,15160.0,15373.0,15153.0,15325.0,420070.0
2025-09-15,15350.0,15378.0,15249.0,15265.0,170565.0
2025-09-16,15300.0,15594.0,15284.0,15573.0,381898.0
2025-09-17,15592.0,15818.0,15570.0,15801.0,624769.0
2025-09-18,15916.0,15939.0,15703.0,15817.0,642091.0
2025-09-19,16000.0,16060.0,15811.0,15864.0,652441.0
2025-09-22,15879.0,16000.0,15779.0,15816.0,302211.0
2025-09-23,16120.0,16325.0,16031.0,16097.0,873108.0
2025-09-24,16188.0,16375.0,16063.0,16249.0,663641.0
2025-09-25,16249.0,16370.0,16067.0,16269.0,490235.0
2025-09-26,16235.0,16435.0,16202.0,16286.0,490840.0
2025-09-29,16300.0,16340.0,15950.0,15984.0,627221.0
2025-09-30,15985.0,16054.0,15921.0,16029.0,389925.0
2025-10-01,16026.0,16109.0,15850.0,15970.0,426056.0
2025-10-03,15949.0,16025.0,15736.0,15806.0,470057.0
2025-10-06,15840.0,16057.0,15708.0,15998.0,268485.0
2025-10-07,16014.0,16159.0,15977.0,16108.0,330313.0
2025-10-08,16108.0,16236.0,15979.0,16012.0,306504.0
2025-10-09,16070.0,16075.0,15853.0,15985.0,300465.0
2025-10-10,15980.0,16315.0,15911.0,16265.0,422975.0
2025-10-13,16264.0,16432.0,16218.0,16323.0,337594.0
2025-10-14,16350.0,16350.0,16134.0,16261.0,307886.0
2025-10-15,16300.0,16380.0,16200.0,16212.0,266435.0
2025-10-16,16246.0,16332.0,16200.0,16298.0,265716.0
2025-10-17,16298.0,16549.0,16298.0,16401.0,411514.0
2025-10-20,16500.0,16518.0,16380.0,16424.0,374137.0
2025-10-21,16453.0,16476.0,16330.0,16396.0,28990.0
2025-10-23,16660.0,16660.0,16340.0,16393.0,481636.0
2025-10-24,16392.0,16423.0,16200.0,16274.0,208513.0
2025-10-27,16350.0,16410.0,16275.0,16388.0,209828.0
2025-10-28,16399.0,16495.0,16261.0,16311.0,383268.0
2025-10-29,16360.0,16428.0,16046.0,16138.0,232784.0
2025-10-30,16190.0,16275.0,16077.0,16206.0,230380.0
2025-10-31,16204.0,16516.0,15949.0,16186.0,719250.0
2025-11-03,16016.0,16100.0,15530.0,15651.0,942756.0
2025-11-04,15607.0,15633.0,15355.0,15356.0,748717.0
2025-11-06,15534.0,15534.0,15309.0,15452.0,429794.0
2025-11-07,15459.0,15499.0,15260.0,15479.0,227200.0
2025-11-10,15380.0,15647.0,15380.0,15583.0,274166.0
2025-11-11,15640.0,15680.0,15512.0,15645.0,181194.0
2025-11-12,15674.0,15731.0,15555.0,15696.0,244013.0
2025-11-13,15661.0,15800.0,15660.0,15749.0,250699.0
2025-11-14,15725.0,15735.0,15572.0,15708.0,253698.0
2025-11-17,15689.0,15892.0,15655.0,15878.0,301054.0
2025-11-18,15878.0,15999.0,15750.0,15930.0,392818.0
2025-11-19,15950.0,15950.0,15715.0,15768.0,286208.0
2025-11-20,15810.0,15823.0,15618.0,15801.0,249487.0
2025-11-21,15790.0,16150.0,15737.0,15977.0,586344.0
2025-11-24,16005.0,16085.0,15911.0,15958.0,525776.0
2025-11-25,15958.0,16050.0,15842.0,15889.0,214523.0
2025-11-26,15950.0,16210.0,15950.0,16156.0,314944.0
2025-11-27,16166.0,16171.0,15875.0,15903.0,339971.0
2025-11-28,15906.0,16049.0,15850.0,15900.0,352339.0
2025-12-01,15975.0,16177.0,15851.0,16097.0,434007.0
2025-12-02,16127.0,16261.0,16095.0,16239.0,383151.0
2025-12-03,16219.0,16248.0,16010.0,16082.0,264391.0
2025-12-04,16058.0,16135.0,15887.0,15994.0,248799.0
2025-12-05,16000.0,16338.0,15979.0,16282.0,332009.0
2025-12-08,16200.0,16256.0,16094.0,16187.0,220493.0
2025-12-09,16051.0,16226.0,15985.0,16020.0,276336.0
2025-12-10,16090.0,16125.0,15925.0,16019.0,293353.0
2025-12-11,16049.0,16296.0,15983.0,16248.0,268697.0
2025-12-12,16248.0,16536.0,16247.0,16522.0,404673.0
2025-12-15,16500.0,16500.0,16360.0,16415.0,225218.0
2025-12-16,16400.0,16451.0,16320.0,16354.0,156128.0
2025-12-17,16389.0,16490.0,16357.0,16398.0,257383.0
2025-12-18,16440.0,16486.0,16221.0,16329.0,213961.0
2025-12-19,16329.0,16475.0,16329.0,16414.0,360189.0
2025-12-22,16464.0,16693.0,16414.0,16649.0,271575.0
2025-12-23,16709.0,16720.0,16558.0,16585.0,215641.0
2025-12-24,16640.0,16720.0,16542.0,16703.0,258452.0
2025-12-26,16703.0,16703.0,16516.0,16596.0,212849.0
2025-12-29,16600.0,16682.0,16499.0,16542.0,251753.0
2025-12-30,16575.0,16818.0,16482.0,16647.0,1055589.0
2025-12-31,16581.0,16776.0,16581.0,16697.0,314411.0
2026-01-01,16700.0,16798.0,16602.0,16708.0,171277.0
2026-01-02,16750.0,16999.0,16723.0,16960.0,388530.0
2026-01-05,17025.0,17370.0,16980.0,17155.0,305653.0
2026-01-06,17170.0,17306.0,17142.0,17292.0,192169.0
2026-01-07,17230.0,17249.0,16524.0,16809.0,427946.0
2026-01-08,16808.0,16808.0,16541.0,16664.0,238415.0
2026-01-09,16663.0,16704.0,16417.0,16501.0,286295.0
2026-01-12,16456.0,16615.0,16271.0,16582.0,288681.0
2026-01-13,16662.0,16726.0,16293.0,16426.0,312202.0
2026-01-14,16390.0,16412.0,16090.0,16148.0,240030.0
2026-01-16,16000.0,16197.0,15770.0,15859.0,703031.0
2026-01-19,15859.0,16242.0,15813.0,16176.0,385113.0
2026-01-20,16200.0,16233.0,15850.0,15879.0,289602.0
2026-01-21,15675.0,15973.0,15675.0,15770.0,345736.0
2026-01-22,15950.0,15971.0,15714.0,15765.0,352315.0
2026-01-23,15819.0,15846.0,15439.0,15519.0,338669.0
2026-01-27,15300.0,15387.0,15013.0,15245.0,565614.0
2026-01-28,15161.0,15294.0,14431.0,14877.0,1584327.0
2026-01-29,14870.0,14870.0,14353.0,14502.0,716506.0
2026-01-30,14502.0,14679.0,14300.0,14599.0,946456.0
2026-02-01,14502.0,14796.0,14136.0,14199.0,393597.0
2026-02-02,14251.0,14446.0,14058.0,14384.0,621503.0
2026-02-03,15200.0,15281.0,14482.0,14782.0,638749.0
2026-02-04,14800.0,15170.0,14723.0,15071.0,451036.0
2026-02-05,15090.0,15150.0,14900.0,15059.0,374706.0
2026-02-06,15084.0,15118.0,14871.0,14997.0,276464.0
2026-02-09,15125.0,15126.0,14905.0,14978.0,200027.0
2026-02-10,14999.0,15349.0,14983.0,15146.0,360192.0
2026-02-11,15180.0,15432.0,15174.0,15412.0,360740.0
2026-02-12,15459.0,15459.0,15265.0,15326.0,201894.0
2026-02-13,15309.0,15434.0,15190.0,15237.0,208638.0
2026-02-16,15237.0,15299.0,14960.0,15051.0,210142.0
2026-02-17,15031.0,15211.0,14960.0,15179.0,166731.0
2026-02-18,15208.0,15239.0,15074.0,15164.0,280755.0
2026-02-19,15163.0,15279.0,14853.0,14903.0,152722.0
2026-02-20,14903.0,15077.0,14848.0,14977.0,515833.0
2026-02-23,15050.0,15118.0,14984.0,15072.0,242963.0
2026-02-24,15001.0,15062.0,14904.0,14926.0,300878.0
2026-02-25,14860.0,15133.0,14837.0,15070.0,356491.0
2026-02-26,15145.0,15224.0,15046.0,15213.0,308200.0
2026-02-27,15110.0,15192.0,14804.0,14857.0,478156.0
2026-03-02,14407.0,14684.0,14204.0,14388.0,603715.0
2026-03-04,14150.0,14184.0,13794.0,14158.0,709976.0
2026-03-05,14300.0,14570.0,14081.0,14415.0,448626.0
2026-03-06,14339.0,14466.0,14115.0,14159.0,390596.0
2026-03-09,13800.0,13800.0,13365.0,13508.0,676190.0
2026-03-10,13721.0,13909.0,13505.0,13867.0,353649.0
2026-03-11,13850.0,13948.0,13441.0,13497.0,392114.0
2026-03-12,13430.0,13430.0,12966.0,13011.0,544626.0
2026-03-13,12899.0,12962.0,12483.0,12591.0,938549.0
2026-03-16,12532.0,12874.0,12400.0,12757.0,1416122.0
2026-03-17,12790.0,13100.0,12686.0,12972.0,1178874.0
2026-03-18,13100.0,13176.0,13015.0,13048.0,458772.0
2026-03-19,12768.0,12838.0,12505.0,12599.0,569272.0
2026-03-20,12605.0,12756.0,12556.0,12601.0,725447.0
2026-03-23,12501.0,12501.0,12278.0,12355.0,517929.0
2026-03-24,12600.0,12650.0,12332.0,12464.0,583554.0
2026-03-25,12549.0,12780.0,12506.0,12711.0,540522.0
2026-03-27,12626.0,12646.0,12342.0,12389.0,775181.0
2026-03-30,12300.0,12424.0,12201.0,12306.0,635440.0
2026-04-01,12900.0,12900.0,12333.0,12509.0,501746.0
2026-04-02,12389.0,12673.0,12239.0,12631.0,438199.0
2026-04-06,12631.0,12720.0,12420.0,12688.0,382632.0
2026-04-07,12640.0,12835.0,12496.0,12798.0,359490.0
2026-04-08,13350.0,13745.0,13210.0,13602.0,1026266.0
2026-04-09,13570.0,13773.0,13330.0,13589.0,549878.0
2026-04-10,13650.0,13797.0,13590.0,13709.0,471803.0
2026-04-13,13402.0,13420.0,12966.0,13076.0,1347532.0
2026-04-15,13250.0,13473.0,13200.0,13289.0,699458.0
2026-04-16,13380.0,13435.0,13237.0,13335.0,527273.0
2026-04-17,13300.0,13647.0,13256.0,13453.0,549260.0
2026-04-20,13474.0,13533.0,13329.0,13450.0,348629.0
2026-04-21,13456.0,13543.0,13421.0,13461.0,292879.0
2026-04-22,13452.0,13530.0,13300.0,13337.0,434640.0
2026-04-23,13250.0,13358.0,13125.0,13160.0,541086.0
2026-04-24,13200.0,13253.0,12978.0,13048.0,464098.0
2026-04-27,13153.0,13270.0,13043.0,13222.0,312786.0
2026-04-28,13222.0,13307.0,12828.0,12892.0,836679.0
2026-04-29,13090.0,13548.0,13090.0,13257.0,754798.0
2026-04-30,13134.0,13360.0,12970.0,13314.0,612975.0
2026-05-01,13314.0,13314.0,13314.0,13314.0,0.0
2026-05-04,13559.0,13976.0,13435.0,13580.0,722127.0
2026-05-05,13560.0,13568.0,13360.0,13426.0,419490.0
2026-05-06,13555.0,13762.0,13379.0,13722.0,435208.0
2026-05-07,13722.0,13850.0,13698.0,13787.0,221148.0
