Date,Open,High,Low,Close,Volume
2020-01-01,675.5531915092741,676.9367713680019,670.6867611249379,673.7319946289062,477180.0
2020-01-02,676.9162710989534,677.1009116572586,669.5425574706278,671.4663696289062,922320.0
2020-01-03,672.4077007199535,674.4591140441839,663.568381962881,665.2778930664062,800000.0
2020-01-06,662.9255894195384,662.9255894195384,650.7538926361459,657.2113037109375,1302720.0
2020-01-07,657.5258247750788,663.1421697241223,650.1088170645947,651.4718627929688,1444740.0
2020-01-08,646.9519838405289,658.731639937937,643.7039126055408,656.0534057617188,789760.0
2020-01-09,660.7829831682687,668.9886359430386,658.7315699745764,667.5503540039062,1114160.0
2020-01-10,667.550393606314,670.9899499651218,664.2134524317938,669.4832763671875,785480.0
2020-01-13,672.312009075257,672.312009075257,665.6152550778887,668.22509765625,539800.0
2020-01-14,668.2092423272655,679.0178947341199,665.8888255676121,677.8143920898438,1007560.0
2020-01-15,675.9635096313131,681.52509685812,670.9876748123963,677.431396484375,829360.0
2020-01-16,677.011939258224,701.9480400406977,676.8797749135122,699.9832153320312,4064160.0
2020-01-17,701.9936284786846,711.1565965741453,700.1541790079879,703.8375854492188,1927980.0
2020-01-20,694.2962589498819,705.658775560753,694.2962589498819,702.8255615234375,1375400.0
2020-01-21,700.2636741684181,706.6709468987312,692.9219019986435,696.60302734375,1265160.0
2020-01-22,700.6260897855984,710.472863286698,697.5261538462931,708.8180541992188,1112540.0
2020-01-23,706.5980232724831,712.2963944279064,704.5466096565308,708.824951171875,857220.0
2020-01-24,711.1566877453047,722.5534295360949,706.6048357518415,718.2454833984375,1012640.0
2020-01-27,715.7153499384585,722.3254598582723,709.3308932692917,714.1676635742188,627240.0
2020-01-28,714.0742075550905,716.1711967469349,700.5257753553827,702.7982788085938,1062140.0
2020-01-29,710.4727467413938,724.8303570651121,703.8626377726738,723.31689453125,1285020.0
2020-01-30,720.3651948420669,720.7686439320247,705.2873285077146,707.546142578125,945040.0
2020-01-31,709.3331639970909,712.8547458570995,697.9501123751356,700.190673828125,1192980.0
2020-02-03,710.6552600071209,752.1849770016412,707.9656177476054,743.1131591796875,4075040.0
2020-02-04,747.626348362233,752.5452004981981,735.183364195635,750.1610107421875,2328320.0
2020-02-05,751.0909168658065,751.359864411002,741.0640649030587,746.9356689453125,1150220.0
2020-02-06,747.5806766243885,754.4392001365717,736.5851025031388,742.3814697265625,1481680.0
2020-02-07,744.8910475492411,746.9424610828834,738.2626846797964,744.3348999023438,828140.0
2020-02-10,743.0675437072293,746.3999776235568,734.4971718641061,737.2415161132812,1225400.0
2020-02-11,740.3322842318482,743.0697836048261,727.1120648705652,729.261474609375,1467000.0
2020-02-12,730.5767087766902,750.9358634515313,727.953176647444,742.9627075195312,2580220.0
2020-02-13,744.3439862116186,750.4298349048473,742.0349774990912,748.182373046875,3024560.0
2020-02-14,752.1848070228649,765.0585595106049,740.7880675225184,745.6408081054688,3314160.0
2020-02-17,748.2189043829208,757.4274493684644,746.3954257205831,756.2171020507812,2795760.0
2020-02-18,755.3714029716597,755.3714029716597,746.9446596592603,747.8016967773438,1800260.0
2020-02-19,753.9445877419997,767.297027864813,751.0817129272169,765.1795043945312,1900000.0
2020-02-20,763.1258663453478,763.1258663453478,753.3429205376017,753.9856567382812,1314640.0
2020-02-24,752.1394620495163,755.6838602516386,743.8425997578134,744.7657470703125,1330320.0
2020-02-25,746.3954634561824,754.047196113196,743.4938573398931,746.7373657226562,1818320.0
2020-02-26,754.2363522668601,754.2363522668601,736.2317822759353,740.3391723632812,2336780.0
2020-02-27,743.0675054551197,744.9297151077023,732.0126668003426,741.4149780273438,1803980.0
2020-02-28,731.3060584225641,735.2744392763373,714.8035996191871,719.3098754882812,2813460.0
2020-03-02,727.112174933742,743.7514190623198,724.8784022635618,734.40380859375,2344640.0
2020-03-03,735.3290547657712,752.1392458564751,735.3290547657712,745.7752685546875,1867440.0
2020-03-04,747.4895534904138,758.2253075962986,730.3032874007338,754.076904296875,2234220.0
2020-03-05,754.4644514207465,767.4635842811622,751.3873305463719,755.6633911132812,1701800.0
2020-03-06,745.7161853005742,755.1731992989886,738.5134223160985,748.9619750976562,1724240.0
2020-03-09,740.7562551632647,745.3468378075735,715.7654511265337,730.820556640625,2473680.0
2020-03-11,729.626155731339,738.5087684069001,719.0340320177991,731.6046142578125,2474640.0
2020-03-12,723.4400108280796,724.0463530552641,685.8558633908592,709.586181640625,4457320.0
2020-03-13,699.3496585628599,722.7813710302091,640.4968945426956,683.4307250976562,5232400.0
2020-03-16,674.6870890453991,680.66125196733,615.0889764080757,656.3246459960938,4424560.0
2020-03-17,661.0109505660139,673.6385168106713,649.6142100390136,662.8800048828125,3539600.0
2020-03-18,663.2904410422002,671.8608140173355,610.8654233653253,617.1017456054688,4258440.0
2020-03-19,592.6533754200373,613.0717397084976,573.3495323200935,598.1146850585938,4294200.0
2020-03-20,601.6568695876275,657.9613423024945,599.4686727055606,644.8505249023438,4098500.0
2020-03-23,581.2521853472973,638.2085253481514,581.2362143245205,590.107421875,3918540.0
2020-03-24,633.157389503549,633.157389503549,556.160991875715,614.4370727539062,5173340.0
2020-03-25,583.5131615543388,661.9227426382031,583.5131615543388,658.4627075195312,3974440.0
2020-03-26,670.1147500290673,688.3632269439397,640.5675829955649,680.1416015625,4106880.0
2020-03-27,702.0392980023778,708.1479627639773,674.6871175607267,688.7552490234375,3504880.0
2020-03-30,683.3486026889279,724.3768710291571,669.5676721267972,713.830322265625,4029400.0
2020-03-31,722.5078206570842,748.7636198384286,715.7723354371213,743.0949096679688,3678380.0
2020-04-01,743.078841200759,750.1789878213395,706.5978660512887,713.643310546875,2550240.0
2020-04-03,726.6424671602217,726.6424671602217,684.0323481708707,688.5750732421875,3815520.0
2020-04-07,710.0169978826574,784.095817886466,703.2268103699886,776.7403564453125,4938020.0
2020-04-08,759.0230744635961,799.7801196344201,754.7128463473516,769.1091918945312,4968900.0
2020-04-09,794.8975792046657,799.7776992651551,755.6039204768772,767.6707763671875,4150160.0
2020-04-13,767.9124209417695,773.7931505220666,744.4419788263228,756.7413330078125,1658140.0
2020-04-15,759.3466397427993,792.8029210407755,759.3466397427993,789.835205078125,3111580.0
2020-04-16,789.5663069911852,820.6406823713746,777.355821702566,815.7902221679688,4514800.0
2020-04-17,837.4303151714621,837.4303151714621,785.1625639934301,789.7623291015625,3745420.0
2020-04-20,797.3067952427069,797.3067952427069,771.7872242220449,773.9024658203125,2703940.0
2020-04-21,765.8609933657245,785.9192574776839,761.3022969766428,775.6781616210938,2675080.0
2020-04-22,775.3590400024647,806.889282219307,766.6450960759992,804.2474975585938,4044820.0
2020-04-23,802.3283389998436,811.4480139897387,788.928041123539,794.8566284179688,3742000.0
2020-04-24,788.6544640885962,811.4479457096538,788.6544640885962,793.4889526367188,2902320.0
2020-04-27,801.6468172178797,821.2492130895708,794.3529024749248,818.322509765625,2439720.0
2020-04-28,819.4941053099008,821.6116287839983,797.8174807207806,800.947021484375,2150860.0
2020-04-29,809.0774554890024,809.0774554890024,793.2131698330811,797.3023071289062,2104840.0
2020-04-30,806.8892750570643,820.5653644648111,798.3189034356161,817.13037109375,3167400.0
2020-05-04,794.1477220718652,808.1725024604303,791.3919700874583,795.7865600585938,2379480.0
2020-05-05,801.0085887050211,804.0150358331645,779.5371383058758,794.193359375,2613580.0
2020-05-06,794.193396846362,803.1101791050385,787.286959867287,789.0785522460938,2710180.0
2020-05-07,784.0958834217101,787.7428410190204,767.0121775564411,781.4723510742188,4181520.0
2020-05-08,790.9338826592683,812.359757290384,784.1642291448125,811.58251953125,3584000.0
2020-05-11,810.080392353529,816.9184373086797,797.3160417705808,800.6028442382812,3680620.0
2020-05-12,802.7408298629397,810.3994061365646,792.5293391832926,796.0372314453125,4778500.0
2020-05-13,809.168639461601,809.168639461601,747.6262358969158,752.7479248046875,11240660.0
2020-05-14,756.7436916497518,768.1404339938746,738.5544797389007,740.4463500976562,8204760.0
2020-05-15,752.1848487253244,754.4641967517648,738.5976306545294,749.6228637695312,5431840.0
2020-05-18,749.495264219802,755.6039285272692,736.7856164268533,740.3482666015625,3359200.0
2020-05-19,742.1650293347968,748.3465937915979,734.3445709444753,736.2432861328125,2362880.0
2020-05-20,740.3777903183624,756.5133033672853,736.2749640065393,743.222412109375,3590780.0
2020-05-21,744.4351781484374,752.4128974488647,741.4720252654216,742.8601684570312,2421600.0
2020-05-22,742.8852124466823,747.4804143929007,736.229526310595,739.1995239257812,2366000.0
2020-05-26,746.7144912902096,763.5816684438956,744.1798293095162,759.2577514648438,3973840.0
2020-05-27,761.3023083494661,766.772744098085,751.5968257847167,762.0545043945312,3350660.0
2020-05-28,762.0545927100172,776.3460966299149,760.39065718068,774.48388671875,3525760.0
2020-05-29,772.6989584063326,802.3304818850415,765.1565759736897,799.6317138671875,4889320.0
2020-06-01,799.6317413092909,809.122977703002,780.0384744772774,783.3412475585938,3503720.0
2020-06-02,796.7233371082128,796.7233371082128,773.7019205904711,775.6370849609375,2644020.0
2020-06-03,782.9560619139967,798.772433683896,781.9075395427136,793.5573120117188,2922020.0
2020-06-04,793.5278156394011,799.8940761809582,781.7276794391893,783.94091796875,1952620.0
2020-06-05,789.4294145680701,795.9483725244078,772.9976293995846,779.3934936523438,3241920.0
2020-06-08,786.3751806725751,786.3751806725751,765.4051758546397,767.5112915039062,2941400.0
2020-06-09,759.1141044688475,774.2945857841042,753.1422232971694,754.5805053710938,3493700.0
2020-06-10,759.0229751426813,767.3197805996952,748.0821034289129,753.7667846679688,2468800.0
2020-06-11,760.0723408982764,773.8500872589702,759.417875521426,762.7474975585938,3302620.0
2020-06-12,748.5908387216031,767.7464796058046,748.5908387216031,757.6060791015625,2813560.0
2020-06-15,757.7761793972011,764.6650537553575,751.8058216201322,753.1973876953125,2793080.0
2020-06-16,762.2769351492376,762.2769351492376,747.2132407535776,750.5244750976562,3864740.0
2020-06-17,750.6576255674281,755.0205790350883,740.1015811944051,743.9133911132812,2539180.0
2020-06-18,744.8479623606457,748.5909282140755,737.3207131096542,743.0316162109375,3168900.0
2020-06-19,748.1316818761096,748.8503941206126,737.2105073439217,739.1692504882812,3377860.0
2020-06-22,748.1317559337867,748.1317559337867,737.79844438774,741.2796020507812,2718300.0
2020-06-23,748.1225703917308,767.879871264612,744.4599966918097,760.0012817382812,4894700.0
2020-06-24,765.1243133615881,774.3094791882578,758.6556782679329,767.3264770507812,4021380.0
2020-06-25,761.9232133841502,773.8501364537726,760.7612765790352,770.956787109375,3393300.0
2020-06-26,773.8502453263777,777.5243117730311,763.7465625980808,765.9280395507812,2206820.0
2020-06-29,768.7982609586733,779.8480406512891,759.6130965505649,768.1024780273438,3392920.0
2020-06-30,771.5079179190781,794.4249149905154,769.436658800378,788.750732421875,4020660.0
2020-07-01,790.1538691525953,790.1538691525953,767.8798426173435,771.5010986328125,4338000.0
2020-07-02,780.0501188359378,780.0501188359378,765.1747377493253,771.0647583007812,2939400.0
2020-07-03,772.1876240539522,780.2797520237573,764.6649718184555,766.7592163085938,3633160.0
2020-07-06,769.4871386985278,773.4826627415376,766.3618618804323,771.6456298828125,1966740.0
2020-07-07,774.0797436028281,778.4426967705688,768.3413142841505,776.7158813476562,2827120.0
2020-07-08,777.799722140135,787.6278594116246,768.6604722092388,771.64794921875,4374420.0
2020-07-09,773.3909821178515,779.1753269883001,766.0887638890572,769.6755981445312,1837880.0
2020-07-10,769.6755133649065,774.9960022784102,763.654644404235,773.0740356445312,2672220.0
2020-07-13,775.4574661263956,785.2396881534174,775.0005064625624,778.7572631835938,2280580.0
2020-07-14,778.3967151339351,786.0272854532028,773.9418770670777,775.9534301757812,1517060.0
2020-07-15,777.9834608127495,787.3064255364641,768.7982959861528,776.5482788085938,2530380.0
2020-07-16,777.3404465716494,815.8538339064856,769.7167713848504,803.5020751953125,5930740.0
2020-07-17,803.4264104146142,809.2130532721917,788.3168024640846,791.2996826171875,2502760.0
2020-07-20,795.6190862014857,797.7316631586874,783.9814966342882,792.082763671875,3931480.0
2020-07-21,796.8130335400107,803.4699793789005,790.2938875956156,793.3961791992188,4223720.0
2020-07-22,796.813127704651,800.9464522864043,780.7873008147317,787.7129516601562,3129560.0
2020-07-23,786.250175663001,794.4686115566565,783.0353677017621,792.5144653320312,2138820.0
2020-07-24,786.4843601399361,799.5686233629827,778.9020018515903,792.3054809570312,4145600.0
2020-07-27,794.5168009596629,799.7959724900413,790.4707087225685,796.8245849609375,2076560.0
2020-07-28,799.4308700843719,802.5377590935277,781.092718255055,785.1204223632812,3179340.0
2020-07-29,780.7367770197145,789.8783265327199,758.2630022529015,762.27001953125,9010100.0
2020-07-30,768.7982622636744,770.2655676131708,755.5302855262246,758.8782958984375,2569680.0
2020-07-31,758.9701746747924,765.778711885499,754.6623300363253,758.795654296875,2958800.0
2020-08-03,759.0619720453005,762.3686086460366,750.887153696548,758.9149780273438,2316860.0
2020-08-04,763.9897232297157,764.5982178533574,753.8194425346642,761.4500122070312,2200960.0
2020-08-05,763.7463937023319,764.3870678671766,755.9390042297284,757.9298706054688,1955300.0
2020-08-06,762.3687034934545,766.9612860446199,755.4798296667065,765.911865234375,2117760.0
2020-08-07,765.53302642113,776.1005637265675,760.3433855317605,771.0303344726562,1769000.0
2020-08-10,771.0923133865424,774.3071211789438,764.2057380794344,765.3883056640625,1282880.0
2020-08-11,768.1094998838985,770.8948745388341,761.496169210654,763.4158935546875,757460.0
2020-08-12,761.5443635696101,763.3813967078574,755.4798781042199,759.6522216796875,1643260.0
2020-08-13,756.030848895814,765.2137146353942,755.865522666313,756.5911865234375,1326060.0
2020-08-14,757.179066151215,760.0265009826722,748.8228868294218,751.1030883789062,1188680.0
2020-08-17,755.4798625130448,758.9013142376995,749.2224685150264,754.2352905273438,1251680.0
2020-08-18,753.1835763639614,763.498499354145,749.0961664749917,760.28369140625,2088000.0
2020-08-19,757.7760973912876,760.221625099059,749.3028052724494,750.6920166015625,2500100.0
2020-08-20,748.5910352433572,750.4280684586784,743.3210574192657,744.5472412109375,1961700.0
2020-08-21,749.6243013568626,766.5020425575761,746.2946789431164,760.6212158203125,2882860.0
2020-08-24,761.4500586802424,767.3239887132117,753.2293260864753,756.8023681640625,1481440.0
2020-08-25,755.7553782555923,756.7634815266474,746.9835567389549,748.0490112304688,2177340.0
2020-08-26,748.1546509939541,750.8114195219275,742.6205668312538,743.5413818359375,2330160.0
2020-08-27,745.6057780278892,745.8491983582088,738.7169041933229,740.0349731445312,2552900.0
2020-08-28,741.97762352764,751.7139321439764,738.9465302653254,739.4631958007812,2969780.0
2020-08-31,744.6872461468508,747.9938830944767,729.0724657774441,732.4962158203125,4425860.0
2020-09-01,734.5835600105513,746.5219758002609,722.8678777413818,743.85595703125,3538940.0
2020-09-02,743.5849742396227,746.753867176161,733.43537877019,734.4710083007812,2123840.0
2020-09-03,737.109482224552,755.0021654856919,731.1965323282025,752.896484375,2677740.0
2020-09-04,741.9317567052341,754.2812186711548,741.7021275635735,745.49560546875,1978640.0
2020-09-07,745.8813523562499,758.4650402891199,733.5318906283043,753.3442993164062,2096160.0
2020-09-08,751.7873412577442,751.7873412577442,739.4057572011567,740.622802734375,2108280.0
2020-09-09,734.8130986590038,750.8871351921696,734.8130986590038,749.1649169921875,2716000.0
2020-09-10,746.8113072865067,755.4798065870111,744.0557578399887,754.1341552734375,1544160.0
2020-09-11,753.1834738364257,753.1834738364257,744.1820240200077,749.755126953125,1624560.0
2020-09-14,753.1835227653515,753.1835227653515,736.6525244578607,738.6387939453125,2058520.0
2020-09-15,738.946584044772,742.432338747032,735.3643469801818,736.6939086914062,1899680.0
2020-09-16,737.8672758246908,745.1465078477,737.1094885026555,743.8973388671875,2485240.0
2020-09-17,745.8354475523998,748.5358884842858,738.9465733447115,740.3863525390625,2013620.0
2020-09-18,746.2946069931572,746.2946069931572,731.3687148532941,738.8109741210938,3947020.0
2020-09-21,735.9613031974857,737.086463420402,695.9828524149885,708.6698608398438,5543300.0
2020-09-22,708.6353851821499,708.6353851821499,693.4798649546639,698.0380249023438,2142400.0
2020-09-23,698.074810892356,707.209463850571,694.8577047360204,705.698486328125,2628600.0
2020-09-24,704.8695123387572,709.0165713045888,696.924323002708,700.7752075195312,2225500.0
2020-09-25,711.6206961951232,727.0058483877897,702.7110744592487,722.7255859375,3565380.0
2020-09-28,726.546478319819,728.8680532069234,717.3682098454505,721.9447021484375,1088220.0
2020-09-29,725.6280816779457,727.9725862251245,715.2947703882281,717.4004516601562,963580.0
2020-09-30,717.8183646617664,736.1335863848772,716.6748160748249,731.0771484375,2070000.0
2020-10-01,731.0932764338615,737.1095487659459,725.5178741164025,734.8362426757812,1252760.0
2020-10-05,734.721449771445,741.2428951979069,722.5212238963004,736.335693359375,1421620.0
2020-10-06,736.3287838818454,740.6917373115483,727.1918319136482,729.157470703125,1505560.0
2020-10-07,732.8016973214067,740.5516808263392,728.1379160151614,740.067138671875,1992940.0
2020-10-08,739.4057792447371,749.9687189482333,737.203615763435,748.8021850585938,1571520.0
2020-10-09,746.2947040513858,750.8872868455481,734.1243596468555,736.3793334960938,1484920.0
2020-10-12,739.4056735038591,741.683576148297,728.3834771286463,730.321533203125,1163320.0
2020-10-13,729.3020326151178,733.8601927436795,718.8309230722491,719.79541015625,1524700.0
2020-10-14,719.8413455682767,726.5465043709723,714.1465324253236,719.7977294921875,1331900.0
2020-10-15,721.0353665332658,725.0768610761305,714.6884429421802,716.569091796875,1004880.0
2020-10-16,718.7392852998004,726.5650651702553,706.1096812450115,708.6470947265625,2647220.0
2020-10-19,714.1465418384848,742.9879808725,708.4081125438044,739.0911254882812,3655880.0
2020-10-20,730.2205918857835,753.6427618141955,727.9243007163315,746.4117431640625,4066880.0
2020-10-21,745.8354463653149,749.2545995910962,732.1518257369736,736.2300415039062,3001820.0
2020-10-22,734.3562505069764,738.5377879615514,724.16073963976,730.6546020507812,2271600.0
2020-10-23,731.5984029978664,737.844304077265,725.960996683938,728.6339111328125,1471900.0
2020-10-26,743.9983963554625,752.035416069179,737.2082471457414,746.72412109375,6920120.0
2020-10-27,756.8575718933455,794.5167471938638,752.9791607628179,791.2950439453125,9871340.0
2020-10-28,787.6280366853755,794.287282476593,777.721859165222,786.2112426757812,3265240.0
2020-10-29,776.763109837496,796.941284103824,773.6060973893794,780.9547729492188,2731220.0
2020-10-30,781.8990784205799,803.6095078784557,781.8527988517925,794.4254150390625,4786320.0
2020-11-02,796.2493118749621,803.6095721378458,784.1674050699946,792.2659912109375,1695280.0
2020-11-03,798.0082410084341,799.4409297327195,775.8349051504458,781.9684448242188,2094860.0
2020-11-04,786.9448695290959,796.2030444647323,778.843966460414,786.8106079101562,1958180.0
2020-11-05,791.573940636202,805.414923180388,787.9076830947968,797.1890258789062,2034940.0
2020-11-06,798.0546425714664,799.899327061254,782.4592747366529,787.252685546875,2380060.0
2020-11-09,793.7958794243159,804.0724301951759,787.0373670446107,802.3133544921875,2228640.0
2020-11-10,802.3134031797755,802.3134031797755,767.6346334508166,768.6483764648438,5793320.0
2020-11-11,771.6688395746547,778.9851367891323,762.6421194956471,772.9464721679688,4966220.0
2020-11-12,777.6403220278412,782.315688509761,765.3547072750272,773.9185180664062,2956620.0
2020-11-13,774.214813384368,781.852807059012,770.7429980777116,778.8739624023438,1485460.0
2020-11-14,782.2694747681444,782.2694747681444,775.4184029555769,779.45263671875,208940.0
2020-11-17,784.6302080791378,789.9929870236683,780.142333315655,786.15087890625,2390080.0
2020-11-18,784.6302109009426,785.5282266146426,771.7544331181797,781.0473022460938,2892660.0
2020-11-19,779.5383633582979,796.2030789645323,777.0409615200101,783.8966674804688,3604440.0
2020-11-20,789.2593495954853,810.0902415202928,783.0170324295739,808.2571411132812,5080200.0
2020-11-23,808.2848937976079,826.2411408867911,808.2571486586361,823.3479614257812,4052900.0
2020-11-24,821.6630393350408,831.9025787254997,814.7194080167166,818.3115844726562,4289940.0
2020-11-25,823.4683180125971,823.4683180125971,802.6837055692132,811.0253295898438,2130160.0
2020-11-26,814.6730394444043,825.7828483400405,799.9062404858057,821.290283203125,2907520.0
2020-11-27,826.2920542916545,836.4251328195714,784.6186860223256,828.0950927734375,22134920.0
2020-12-01,836.3742364540342,836.3788700618592,802.2925817088841,806.3013305664062,4701720.0
2020-12-02,806.3012804286633,807.7664045288391,793.8884109116391,799.2789916992188,3239040.0
2020-12-03,807.7757841146514,811.9442797479867,801.5727954451816,809.7269287109375,2545500.0
2020-12-04,812.4047670871702,827.5650269858054,811.0160409895852,825.3060302734375,2494000.0
2020-12-07,817.0801929885546,828.6066317371066,807.7687883485935,812.9857788085938,2520600.0
2020-12-08,818.1448295151675,820.7093052311867,804.8246206669513,810.9905395507812,2373980.0
2020-12-09,812.1085031694688,816.6496646569036,809.2176405875208,813.291259765625,1790060.0
2020-12-10,815.0433649264905,851.9372240062079,812.9695428913251,849.5625,6089220.0
2020-12-11,847.1229780244778,854.5295177230524,842.4938907128686,851.802978515625,3258820.0
2020-12-14,849.6549513583893,864.6671041847094,847.1228545298505,860.6305541992188,2614260.0
2020-12-15,854.543437640137,858.695715489647,839.2928775071402,842.0263671875,2715100.0
2020-12-16,851.6594556091724,867.2571395159653,844.8153346033837,848.2084350585938,4432140.0
2020-12-17,848.8820091774206,851.5275166148467,839.5682882564115,847.37060546875,1962080.0
2020-12-18,851.5205792618578,860.9639283273748,840.5496653448408,850.0277099609375,4995800.0
2020-12-21,845.3986788116273,857.538449336788,837.9111072650594,842.1513671875,2844440.0
2020-12-22,842.4938568601707,864.0191119942355,833.23568260896,858.8599853515625,2655480.0
2020-12-23,858.9293746007787,870.8237882986059,857.0731062689405,867.1529541015625,2056900.0
2020-12-24,861.5749329948396,871.6570982291788,850.4836584199774,859.4525146484375,2508740.0
2020-12-28,872.3052353229089,872.3052353229089,857.3069809423058,860.8875732421875,1307140.0
2020-12-29,861.9360179022955,865.6392875817897,841.3551147408774,845.3939819335938,3974280.0
2020-12-30,851.7287877251783,854.8997573316292,843.8825083443576,850.7914428710938,1873080.0
2020-12-31,846.1068979375189,854.0665885157362,845.1555956545286,851.3007202148438,1708840.0
2021-01-01,851.2752061941657,857.3069201716224,847.4029794041561,854.0989379882812,1005720.0
2021-01-04,856.1496492876854,862.3989168007342,848.500071641527,850.7313232421875,1240700.0
2021-01-05,849.1366822858923,861.9361209473076,846.1069805818962,859.07763671875,1673460.0
2021-01-06,856.8463145692942,861.010176036659,853.1407281911627,857.0870361328125,1154120.0
2021-01-07,860.963965356612,861.7046080292613,835.5548981756546,839.1285400390625,2412100.0
2021-01-08,843.757619021866,849.4375181709308,833.2357126472345,847.4122924804688,3032700.0
2021-01-11,849.4374356343931,858.5034841334392,841.9429711596268,851.356201171875,2291100.0
2021-01-12,852.2150586614471,853.6014681885979,830.9212549143386,833.1941528320312,2831320.0
2021-01-13,835.0850297918562,845.9657017205197,831.615531130459,834.129150390625,2187740.0
2021-01-14,835.5039303511854,843.8547649383116,835.5039303511854,839.3738403320312,1169760.0
2021-01-15,838.3300392768485,844.7621652168534,823.9775516298754,825.5514526367188,1928020.0
2021-01-18,826.2897998506675,836.6612839298974,812.7173401983471,816.1405029296875,2413480.0
2021-01-19,820.7371831910702,824.9265298255525,817.9597307944846,821.8805541992188,1256980.0
2021-01-20,822.4499522391427,830.4582962046173,815.786428259516,818.4828491210938,1476620.0
2021-01-21,822.5887838396417,828.606597114777,817.281551261761,820.1029663085938,1419540.0
2021-01-22,823.236890061181,827.7872624975317,812.404814565492,814.2379150390625,1965000.0
2021-01-25,817.1263204928895,819.3483045998503,797.5846477959326,806.1669921875,2328720.0
2021-01-27,808.8382074946039,814.612983155093,802.6953990157111,811.8540649414062,1328040.0
2021-01-28,808.7015117562437,811.0160552930389,796.3418718727215,804.8894653320312,1781100.0
2021-01-29,804.769078306273,808.6019758400043,785.1533224715481,789.7222290039062,2257760.0
2021-02-01,796.2029723156704,799.7071663480085,786.9447982189765,791.0045166015625,1688120.0
2021-02-02,793.8906875477927,803.1465441638983,789.4675703332452,795.75390625,2605960.0
2021-02-03,796.2053273890145,800.322909557616,789.3056592500433,794.6476440429688,2246500.0
2021-02-04,796.1983663019003,797.4505140492062,789.3727794728545,790.370361328125,1842000.0
2021-02-05,793.0111813370498,794.6845917286881,787.0836672132548,792.3029174804688,1961940.0
2021-02-08,795.2771238361254,800.133031439538,791.6270843205107,797.04541015625,2432140.0
2021-02-09,796.7121090276718,810.5530897079467,793.8883774124092,801.709228515625,2420240.0
2021-02-10,802.6929640860151,807.1646780117642,790.9489724653371,795.1544799804688,2331520.0
2021-02-11,795.7354299714874,807.6576459243263,793.8884287598635,806.0281982421875,1307320.0
2021-02-12,805.9286998379218,810.9697824839732,798.054618139514,800.5682373046875,1090560.0
2021-02-15,803.1003889230929,810.4027856398625,798.8902474704805,809.1575317382812,2202380.0
2021-02-16,812.6362796150215,816.8487377777922,793.3839212592627,797.0015258789062,4595480.0
2021-02-17,782.3157142012358,782.3157142012358,756.8557353366984,774.9647216796875,11986860.0
2021-02-18,775.649813709211,782.3157103533488,754.5411880922832,757.5361938476562,5021320.0
2021-02-19,760.5589424717456,762.1652219899298,750.5115301629514,758.0777587890625,2605500.0
2021-02-22,759.6818580674004,765.1881667111454,741.7927403132361,745.11181640625,4298300.0
2021-02-23,746.7180795748238,752.4581592706197,740.7511791162974,748.5211181640625,2859960.0
2021-02-24,753.7543097550223,758.1519427022338,745.2830573695336,756.6775512695312,1686840.0
2021-02-25,754.8189723936131,757.9343391406447,745.2830637489908,745.926513671875,3714260.0
2021-02-26,742.9916599327079,753.819045112975,740.834489486193,745.3571166992188,4537460.0
2021-03-01,751.5786434971478,757.6705385364885,745.283095729118,754.1917724609375,1814360.0
2021-03-02,754.6337417357128,769.3542610298617,754.0666898784933,767.3244018554688,2461940.0
2021-03-03,773.2889770458039,773.9833400901431,765.9588359234335,773.0228271484375,1857460.0
2021-03-04,771.046207235549,773.4255647436195,761.2533600874825,771.2892456054688,2599620.0
2021-03-05,764.5401377847616,779.5383937159346,761.76268507556,776.8952026367188,2054820.0
2021-03-08,774.217110722907,782.3156960976571,768.7524487043613,780.1145629882812,1836840.0
2021-03-09,782.7878676552209,784.6279184097709,771.2058831066357,782.8156127929688,1854340.0
2021-03-10,784.6163311690717,786.9447754487953,776.9922385828252,783.7715454101562,1275760.0
2021-03-12,785.8801230584323,787.4007940483808,770.7430302917046,774.0968017578125,1698280.0
2021-03-15,781.3829950072287,781.3829950072287,769.8172270332028,779.2166137695312,1379660.0
2021-03-16,779.3067798735764,787.870590641418,772.8260582114261,774.9993896484375,1689400.0
2021-03-17,777.223660496048,777.223660496048,756.3950870541288,761.7509155273438,3143460.0
2021-03-18,762.3134494868613,769.5834104048323,748.9862896984222,749.969970703125,1927300.0
2021-03-19,749.9121228185047,768.1970171711781,743.8943094872451,761.524169921875,3988320.0
2021-03-22,761.5310446292613,771.9002101784165,756.9019579115496,767.875244140625,2175720.0
2021-03-23,767.2711146437248,775.3720163066298,764.0955679727546,772.1941528320312,2007160.0
2021-03-24,768.4285294862422,776.2887110659449,760.0614763841098,761.39697265625,1511100.0
2021-03-25,760.3275535939708,767.7109248904427,746.0236632020451,748.5280151367188,2174080.0
2021-03-26,754.4947617128436,769.2823525326918,752.4116729485935,767.12060546875,2531560.0
2021-03-30,768.8913905262913,798.6818724166642,768.8913905262913,794.5828247070312,2978040.0
2021-03-31,800.7857616059251,800.7857616059251,784.7020012820675,794.592041015625,2206620.0
2021-04-01,794.5920251680739,795.6728988653833,785.4449450301465,790.7938232421875,1663520.0
2021-04-05,793.8883938782578,793.8883938782578,774.1638616135767,781.4153442382812,1631140.0
2021-04-06,782.7787040167497,792.4997878632025,777.6867077162268,790.7268676757812,1283860.0
2021-04-07,791.5738946493968,827.0303737546769,788.1020793219872,805.9171142578125,3569300.0
2021-04-08,806.6206690748766,822.0795130509815,802.0749308280612,818.8807983398438,2360120.0
2021-04-09,815.2331296800294,826.2457456787175,810.0902208303896,814.3674926757812,1478880.0
2021-04-12,804.3108221125188,815.6451349279469,802.7346044165579,810.1689453125,1150640.0
2021-04-13,814.1175484908682,814.7170356297877,788.801097554995,794.7610473632812,2210540.0
2021-04-15,801.9893683381108,805.461183785462,776.5293883908693,781.1885375976562,2366280.0
2021-04-16,785.5098294282391,802.4522775194368,780.5937410122989,798.61474609375,1883800.0
2021-04-19,796.2516742601383,798.0547129457124,784.630358725628,791.1087646484375,1018760.0
2021-04-20,806.3869686126627,806.3869686126627,781.8551239145045,791.3724975585938,2073740.0
2021-04-22,795.7400023715466,795.7400023715466,766.1717111257743,777.2445068359375,4088620.0
2021-04-23,776.9923252024831,777.6543095683013,768.6599678276576,769.6181640625,1372000.0
2021-04-26,777.6426476626751,782.0842430455683,771.3748458272192,780.9547729492188,3047240.0
2021-04-27,782.2695045856517,783.7045104030401,775.372152938625,776.714599609375,893020.0
2021-04-28,776.5293718433081,779.1262829616979,768.9376575920611,769.9931030273438,1737520.0
2021-04-29,780.531802817146,782.1977561907778,771.2191331698929,772.2744140625,1604140.0
2021-04-30,772.1551968940173,775.3935895577191,760.6898621522577,763.2286376953125,1955660.0
2021-05-03,765.60354524701,775.6626188819647,761.5158094567673,772.4710693359375,1280960.0
2021-05-04,772.6347907948686,777.7707807649958,766.5394337503388,774.3358764648438,2115920.0
2021-05-05,775.0121368882807,777.3028730383224,770.1639452095302,774.4599609375,706440.0
2021-05-06,773.3273774463772,784.7810000538799,773.3273774463772,782.3381958007812,1406380.0
2021-05-07,785.658431331717,786.1053818963675,779.8766367829693,784.3855590820312,753320.0
2021-05-10,787.5981674073505,788.5341129419998,780.1106031301565,785.5999145507812,953160.0
2021-05-11,783.8075881694052,793.1670433815885,781.9988780196974,789.4747314453125,1201260.0
2021-05-12,784.802064540367,788.8804313319238,777.7707620801991,782.3522338867188,1211520.0
2021-05-14,782.3101733336964,807.7211213815086,777.0689003789079,806.04345703125,1931640.0
2021-05-17,805.8491359011639,809.5929181817733,795.5818404168731,797.3297119140625,1214060.0
2021-05-18,801.178857940053,807.2040081592675,797.5192783991008,804.0054321289062,1108780.0
2021-05-19,804.3048365195318,817.3145033393245,804.3048365195318,816.5821533203125,1768740.0
2021-05-20,817.0805389261518,818.9360351514008,805.9427630252624,808.9074096679688,985060.0
2021-05-21,813.5871493940526,821.2923059444004,808.6687504448172,818.8167114257812,1345200.0
2021-05-24,814.2749752879812,823.0728863583378,809.6279804704999,812.414794921875,1144120.0
2021-05-25,818.8119055556172,831.0634574015459,815.3044520462745,819.7057495117188,1439040.0
2021-05-26,819.705831237133,824.4440558480244,812.7751837585066,820.8851318359375,916060.0
2021-05-27,821.2923292161278,837.6713785167343,815.9246944840422,830.4973754882812,2393260.0
2021-05-28,831.5876716258706,833.6631584291913,818.9524059343127,819.3922729492188,1063240.0
2021-05-31,819.3737121376163,830.4295712268463,814.986466467287,828.103759765625,1140460.0
2021-06-01,823.5853560757004,833.4595708976012,817.9767088279029,831.0494995117188,1155020.0
2021-06-02,819.7104244476529,833.6091922449134,819.4249679257875,826.1356811523438,1485240.0
2021-06-03,825.9719540509096,835.5630538612254,821.7601990444177,832.9634399414062,1007980.0
2021-06-04,827.8931262217194,828.6114805646832,813.3368393955325,815.5269775390625,4036440.0
2021-06-07,817.7613819048391,823.1641484014283,812.0965803477189,820.4756469726562,988720.0
2021-06-08,820.3586511842219,824.2381639321228,814.4317574596928,818.1381225585938,948940.0
2021-06-09,817.0804913946969,824.8301482178963,816.1445458146343,821.6268310546875,837560.0
2021-06-10,820.122309241364,827.1419010465683,818.4844044868163,821.5776977539062,841060.0
2021-06-11,824.0533098308676,824.0533098308676,812.6347621566164,820.6558227539062,979940.0
2021-06-14,817.1460660524532,825.0360809356555,815.0963428176292,822.5792236328125,730460.0
2021-06-15,825.7848490618103,828.779886615862,819.4672158210909,827.6005859375,943920.0
2021-06-16,825.9813904469446,845.5566728131816,824.2428874272795,840.7225341796875,2339240.0
2021-06-17,838.373339509722,851.2098595948851,837.6713802525271,845.114501953125,1515740.0
2021-06-18,845.1121799752968,846.9817292232252,823.6322147673261,826.9384155273438,2953400.0
2021-06-21,825.1015878129556,828.7821893968351,819.5608057327878,825.9322509765625,803600.0
2021-06-22,826.9080278299767,830.5558967692333,814.7407337023144,815.9832153320312,1410640.0
2021-06-23,818.9499436170192,821.7601221740556,812.8686402143136,814.9651489257812,741680.0
2021-06-24,814.9770065878207,826.907971325401,810.641231563916,824.556396484375,1300900.0
2021-06-25,822.2399493196417,825.9720211060372,815.9106055514877,819.2659912109375,780000.0
2021-06-28,819.2823359336692,824.5681095050442,816.7763506206421,819.240234375,809000.0
2021-06-29,823.1641482118782,830.6517129483137,818.4680252085811,823.5970458984375,1421920.0
2021-06-30,825.5040107431287,830.4177250927902,822.4621875742906,825.1764526367188,1031340.0
2021-07-01,825.0361367542795,829.4818788411573,822.2048781539783,825.7942504882812,534000.0
2021-07-02,827.329071577307,827.3758574291944,818.2971742653187,823.7256469726562,614460.0
2021-07-05,823.8707983078347,828.873400117184,820.04275567039,825.5671997070312,686440.0
2021-07-06,825.2959153481783,825.4035399675911,815.0683203450907,817.5532836914062,1251020.0
2021-07-07,814.272608858167,832.9915194066307,812.4124285475298,829.10498046875,1090380.0
2021-07-08,824.3809321957315,828.3048889752819,820.735462667605,824.5166625976562,597360.0
2021-07-09,821.5286073221127,827.3759252782384,821.2922787688395,825.3168334960938,538820.0
2021-07-12,830.8997973694482,830.9021395185789,822.3031389245367,825.569580078125,666020.0
2021-07-13,829.7157429785711,829.856157663488,823.68356695994,827.9327392578125,500080.0
2021-07-14,827.9327124697386,827.9327124697386,819.8882880229435,820.8101806640625,1017220.0
2021-07-15,820.1223191685682,826.3370115654753,816.6125232234816,824.6546630859375,556780.0
2021-07-16,826.2060573990855,829.0138944675616,820.7284558165463,826.1686401367188,733700.0
2021-07-19,821.2922505263255,835.0974478998448,821.2922505263255,830.766357421875,1028040.0
2021-07-20,830.6492950820916,837.9987866085509,828.358559314255,835.6168212890625,891880.0
2021-07-22,835.6168857110059,844.5247637533106,828.3118373227943,842.107666015625,2266340.0
2021-07-23,839.091571864249,852.8335876887267,836.8405954197004,849.0874633789062,1504620.0
2021-07-26,845.7134971571282,851.1372862036442,842.8564750750448,847.093994140625,1069900.0
2021-07-27,842.9126315979022,863.3630783756894,841.0641617848744,852.9319458007812,2783140.0
2021-07-28,857.9813328599271,857.9813328599271,837.7180880078782,843.4063110351562,1752740.0
2021-07-29,840.0112489892348,851.710570005798,832.0557106979719,838.3616333007812,2710720.0
2021-07-30,838.3615365758811,840.2895821719412,826.2082970161817,828.4358520507812,1667400.0
2021-08-02,832.7950313003652,837.708745797375,827.1419403299692,828.9974365234375,639480.0
2021-08-03,826.917439588139,860.1341451503121,826.1593258148692,855.6463012695312,1262560.0
2021-08-04,856.114129884755,858.7277396737666,843.1512491426512,845.0348510742188,816440.0
2021-08-05,849.3706548432459,855.6461862551861,842.444634366741,852.1199951171875,759280.0
2021-08-06,851.710564107094,852.0849652272674,841.4151616838215,843.3174438476562,767480.0
2021-08-09,845.6268442694961,853.3483954208225,843.317371095773,851.818115234375,612720.0
2021-08-10,852.1784388803704,859.6987363770781,846.333463383632,855.1406860351562,1229340.0
2021-08-11,857.0922205222286,857.0922205222286,843.5374037751458,850.2036743164062,699700.0
2021-08-12,850.8119753446524,853.954453855462,846.0948300432507,848.6148681640625,489880.0
2021-08-13,851.6964876721203,855.9246381365284,848.5143067409596,854.9652709960938,822460.0
2021-08-16,854.9652466350076,865.7029147772445,850.64118243,856.16796875,899420.0
2021-08-17,858.7301433853968,879.6695853869015,856.4558022857792,876.6324462890625,1504020.0
2021-08-18,877.4958332332263,887.6976636742849,877.4513895249673,884.9833984375,799760.0
2021-08-20,868.3352026394472,919.1500085939156,868.3352026394472,915.8812255859376,2862140.0
2021-08-23,921.906406611596,940.3913320233514,915.2448207265058,936.9306640625,2974840.0
2021-08-24,940.6252827680275,945.25822469036,920.2684669469284,925.6431274414062,1661680.0
2021-08-25,925.9309590154352,951.1547040434764,925.9309590154352,931.726806640625,2003180.0
2021-08-26,934.773304337839,941.5471990368256,926.8458727085645,938.4118041992188,1264080.0
2021-08-27,940.62534600611,940.62534600611,931.078689278244,933.94970703125,702080.0
2021-08-30,938.28554254287,941.678345626878,921.1694588003356,923.8836669921876,2679160.0
2021-08-31,924.012377428842,928.4557772829356,905.5274501518404,911.037841796875,4547400.0
2021-09-01,924.09658771599,930.7979333223988,914.9851135505244,927.8427124023438,2096860.0
2021-09-02,930.049298685916,949.5169587663062,924.7611823738448,947.2052001953124,1571540.0
2021-09-03,947.6450012769208,951.9971715404288,940.6745366829894,948.4241943359376,939560.0
2021-09-06,948.119938591922,952.2310957189676,943.433184049226,946.3907470703124,681380.0
2021-09-07,943.7209082317949,954.3228451050202,943.7209082317949,953.18798828125,683060.0
2021-09-08,949.9848178137652,960.7481925968768,925.8842177559284,928.4393310546876,3447460.0
2021-09-09,931.7338505303984,960.5141779074046,928.476778102554,957.34130859375,2207220.0
2021-09-13,949.9848661400056,959.3443229492668,946.7090562567644,957.1097412109376,750060.0
2021-09-14,957.0044253274268,964.4522311035008,944.36915907616,946.7301025390624,1183700.0
2021-09-15,953.2534520714312,953.2604785176532,940.0589857035906,941.5237426757812,752120.0
2021-09-16,940.908484727698,947.2565657505512,934.5417236374032,937.2489624023438,1025300.0
2021-09-17,943.1992291020298,949.9380492093948,940.6277207128207,944.1679077148438,1902580.0
2021-09-20,941.7952722156062,954.0093510289124,940.6721260559212,951.0424194335938,1830260.0
2021-09-21,945.3050921990008,951.3887388319648,936.0462340012832,944.8160400390624,2168220.0
2021-09-22,944.081329754189,944.081329754189,927.058818828623,932.4451904296876,2150460.0
2021-09-23,935.9456671131112,941.6081269740276,927.5221561090932,928.4113159179688,1074480.0
2021-09-24,932.5293791381396,935.0096578374925,926.586147406524,929.5928955078124,837880.0
2021-09-27,931.2658908239382,931.2658908239382,917.2781766941304,919.2015380859376,919480.0
2021-09-28,921.4384295254924,922.7791670075484,910.6306115800252,914.64111328125,1153720.0
2021-09-29,914.6411775021804,921.9064670496052,908.8804617204914,912.8629150390624,925900.0
2021-09-30,911.531405496142,916.7563398993864,903.943242813708,909.9988403320312,887460.0
2021-10-01,909.9730883131332,919.3302019452202,900.9435327831492,914.8844604492188,797380.0
2021-10-04,914.8845242842648,919.5665946504472,906.0912966842382,912.2171020507812,655920.0
2021-10-05,912.5469472746114,916.6206298765934,905.2863425287896,907.6589965820312,546560.0
2021-10-06,909.9684312749127,918.3615509182856,892.7985365504921,896.5025024414062,1452160.0
2021-10-07,898.5452119315474,903.3840919145266,887.0588558772233,891.2846069335938,953900.0
2021-10-08,891.7221655779654,897.5694833973223,886.2258273567106,888.5142211914062,1744920.0
2021-10-11,890.1310987507185,898.2972588199672,889.2723868972796,893.1097412109375,776040.0
2021-10-12,892.372663915991,910.2071005582338,887.746748194778,908.6019287109376,1444980.0
2021-10-13,912.546989488406,917.4630461962888,899.7268650780377,904.1538696289062,1078500.0
2021-10-14,907.5865074247056,909.2127015650196,899.677755264106,904.376220703125,843800.0
2021-10-18,917.2267407051178,917.2267407051178,899.4437732832839,909.6666259765624,1126060.0
2021-10-19,911.3770108707366,923.4062309034374,902.4410841328274,906.3907470703124,1186040.0
2021-10-20,903.187452821007,945.3050024344218,891.5092128239638,902.1415405273438,4355380.0
2021-10-21,910.6750724622228,920.9704741036252,891.8017499275358,900.05908203125,1519240.0
2021-10-22,909.6455839313428,909.6455839313428,882.1287594597634,889.4619140625,910300.0
2021-10-25,889.1485148049408,889.1929585205374,870.6331943366715,874.933837890625,1082920.0
2021-10-26,884.577450373479,912.9948946386402,882.6382971859023,910.0399780273438,2133160.0
2021-10-27,909.0787144249516,919.624572921543,895.5471864807245,899.9534912109375,1057640.0
2021-10-28,900.2090949176151,905.3470468913632,892.79810369551,899.3283081054688,629000.0
2021-10-29,899.7356267037106,909.2065280374338,888.2829115191245,899.7427368164062,985500.0
2021-11-01,904.4189643072166,904.4189643072166,887.2316258726802,896.8753662109375,851420.0
2021-11-02,895.0474970443856,901.3480394367656,882.6666523304083,889.0311279296875,698980.0
2021-11-03,893.1059693059169,894.4295485381708,878.9469606703963,887.2884521484375,889580.0
2021-11-04,895.0001877333661,897.3205701516117,890.8282278945576,894.4911499023438,138100.0
2021-11-08,897.3205094629402,904.279228403645,884.5821363029862,902.0678100585938,866240.0
2021-11-09,900.5382817880593,901.8666011665696,890.314459738352,896.9298706054688,872960.0
2021-11-10,897.2685375088623,901.7529957273828,890.264786989953,897.5053100585938,761180.0
2021-11-11,897.3678592445276,897.3678592445276,884.1109680372075,892.8218383789062,839120.0
2021-11-12,897.3678294065712,912.009862504387,893.1461569777637,906.481201171875,1330240.0
2021-11-15,909.2065367151376,923.36554590535,903.0433406766988,922.3048095703124,1016660.0
2021-11-16,921.0521811234654,928.100903425052,914.9363286450924,921.6180419921876,922400.0
2021-11-17,918.8668963581512,926.4909606809496,916.9253730668742,922.3261108398438,1085520.0
2021-11-18,918.677454330022,922.8825369486716,912.997283413033,918.9379272460938,832140.0
2021-11-22,919.3166386766064,926.5310903209878,891.8036838077986,899.515380859375,882760.0
2021-11-23,899.546170817004,911.4037574380148,895.2227021723273,908.3328247070312,739200.0
2021-11-24,909.2065304731624,913.4684360847552,897.367903774293,903.8507080078124,687100.0
2021-11-25,903.7606305375224,909.6799430246688,895.2699432714136,908.1669921875,594900.0
2021-11-26,906.7843273176696,920.292211573441,898.9069007028509,910.2601318359376,1128820.0
2021-11-29,902.103281450689,907.4211828845404,890.2646557098664,899.7545166015625,962140.0
2021-11-30,899.7546829890924,919.8566500920584,896.679009765088,906.9596557617188,3395600.0
2021-12-01,909.6799917221908,921.0403322312078,907.402212408424,918.5731811523438,1096240.0
2021-12-02,918.5732663783476,930.5160591264166,910.4732872347264,923.5643920898438,972000.0
2021-12-03,918.781535009132,923.3559962382049,906.2231114173144,914.9529418945312,1508960.0
2021-12-06,918.677346853322,919.4161048377764,896.3804978890153,900.5169067382812,698540.0
2021-12-07,910.4377096016495,920.7444246425308,898.5990832471972,916.0374145507812,1408580.0
2021-12-08,910.3927910799785,924.5944034786928,910.3927910799785,922.4232177734376,671560.0
2021-12-09,923.412856458958,925.7332387876288,907.4283408288944,913.2197875976562,810440.0
2021-12-10,910.2009096459806,914.41547206232,901.1775412817768,912.5331420898438,788980.0
2021-12-13,910.1630540216328,916.2859590646264,896.1366521413132,898.8831787109375,1089800.0
2021-12-14,897.5146670417222,915.028723205166,895.6346493224471,911.0438232421876,1381340.0
2021-12-15,906.8885543817094,914.0888444235987,902.103390527602,909.3533935546876,1298180.0
2021-12-16,909.4433204058683,914.6689065163434,905.6739200906896,911.912841796875,808340.0
2021-12-17,905.1836309692816,910.7714850510512,899.7354934715815,903.5072631835938,1085560.0
2021-12-20,899.735591096698,902.9651428891387,880.7937891788729,894.1122436523438,1426200.0
2021-12-21,899.1199234221871,913.2765613127882,895.0024748296611,910.17724609375,693560.0
2021-12-22,910.627092209499,915.83371749937,900.3180076629122,908.7613525390624,732240.0
2021-12-23,913.7051341527554,913.9395366300575,907.0755037416964,909.611328125,951380.0
2021-12-24,909.6114109650428,920.2898754719656,907.837986980807,910.3525390625,684400.0
2021-12-27,908.5435820422496,918.677458350158,904.4450354874048,914.0532836914062,531760.0
2021-12-28,916.3096752280076,921.9235425681392,910.8639071323372,916.5464477539062,420980.0
2021-12-29,916.5464651259898,921.0924861482512,911.6476553456844,918.6608276367188,585380.0
2021-12-30,918.20387890913,927.4380076552508,915.0405724477046,918.9876098632812,797360.0
2021-12-31,917.493516425695,938.3271281806368,916.3191339735966,933.1536254882812,797740.0
2022-01-03,932.6469731070572,938.282170745887,929.9501594901484,931.839599609375,517380.0
2022-01-04,931.8419616902144,944.6181977419088,929.4766065051664,941.8361206054688,700680.0
2022-01-05,941.1235012435286,948.2740203728212,938.9972884640104,944.047607421875,648640.0
2022-01-06,935.256169951078,944.0475056451364,925.070211778949,930.3999633789062,614180.0
2022-01-07,930.5396613874724,945.1958565824042,927.534974313783,942.4895629882812,979660.0
2022-01-10,942.496701376619,945.617346955403,931.8916511240724,933.2625732421876,412340.0
2022-01-11,925.7806203957516,938.8031099409606,925.7806203957516,935.8173828125,635760.0
2022-01-12,939.9869481374444,939.9869481374444,930.9895919587988,933.219970703125,474220.0
2022-01-13,935.2515220399508,935.2515220399508,928.1483459231918,933.565673828125,707660.0
2022-01-14,933.5656898490076,933.8001501584477,912.5213741260636,918.6845703125,743800.0
2022-01-17,918.6773442729296,924.1231120353722,904.9966216269336,915.5140380859376,728060.0
2022-01-18,913.0895603422432,921.045140461866,908.6382830288616,917.7113647460938,724160.0
2022-01-19,917.2569074123376,920.8061258130924,879.4727233788949,896.7523803710938,1647660.0
2022-01-20,890.2647498937087,903.524012126168,881.0329908765906,887.1441040039062,1581120.0
2022-01-21,883.6350591036655,902.6833970882976,881.2697039023801,898.5162353515625,1104820.0
2022-01-24,898.516316175455,901.6298520221728,880.7938680468704,886.369873046875,1068740.0
2022-01-25,879.5222547017759,894.2448112218539,867.2006616473284,889.8265991210938,1157600.0
2022-01-27,878.4261357589132,889.7912178388129,862.6926118157114,870.6339721679688,1085180.0
2022-01-28,871.3229866206301,883.1142712072538,867.9252773955917,870.584228515625,748460.0
2022-01-31,872.64885267014,882.6832446640357,872.64885267014,877.078857421875,595220.0
2022-02-01,880.7937482679133,889.2322951958038,872.3172807422417,884.1890869140625,535820.0
2022-02-02,891.2117384366522,892.6323735138626,873.2477801385479,876.0890502929688,1208320.0
2022-02-03,872.270009262663,879.8301400357152,864.7453712471493,866.9000244140625,687080.0
2022-02-04,871.322843378911,871.322843378911,861.9845493873916,868.086181640625,898480.0
2022-02-07,868.0861986775221,872.2699505450687,848.1664968108684,855.8261108398438,969380.0
2022-02-08,862.0887400533968,862.5267923350372,851.9075217555951,856.5079956054688,787700.0
2022-02-09,856.6429834198211,863.6111825470922,853.3968413965848,858.7763061523438,964860.0
2022-02-10,857.1638739508801,862.4628730607064,852.8546256047628,859.0036010742188,1008440.0
2022-02-11,858.7740287896324,858.7740287896324,834.3864564253281,843.6300659179688,1919600.0
2022-02-14,838.932314403549,842.9219541697181,825.379458751731,836.765869140625,858340.0
2022-02-15,836.7658840152936,867.6883385276475,832.0872569977824,861.2410278320312,1003400.0
2022-02-16,860.2893035156069,871.1998004005023,853.9674884071911,862.9790649414062,808200.0
2022-02-17,871.3229866967871,871.3229866967871,850.4941123455166,858.3478393554688,2276800.0
2022-02-18,851.8128799097074,863.3862934681765,843.4358377111745,852.821533203125,1926560.0
2022-02-21,851.2919127305123,859.957810262412,844.0940510973289,857.4053955078125,740720.0
2022-02-22,851.6707949452605,861.5370878250459,840.0523506506685,857.637451171875,1261740.0
2022-02-23,857.6374267283612,862.3042039375777,844.5675949364244,848.9076538085938,1184960.0
2022-02-24,839.5954168538105,850.8989354667341,831.5451505895608,840.2938842773438,2242100.0
2022-02-25,842.9101632349586,847.4064710350393,833.4392625244535,838.8897705078125,1619780.0
2022-02-28,838.174777190188,841.4564699727197,820.6536095314101,835.2932739257812,3157460.0
2022-03-02,833.4392626883462,847.1436282723627,826.6699155940969,845.0221557617188,1732620.0
2022-03-03,846.6985497950466,846.6985497950466,823.4735119968752,825.6968383789062,1339280.0
2022-03-04,819.2328588422143,830.7897385653397,806.0209416384571,823.5823974609375,1034100.0
2022-03-07,809.7621050543595,824.335466781044,806.9208345103092,821.2242431640625,1330840.0
2022-03-08,819.2329262390049,830.124462252587,803.3691672627004,817.4949951171875,1954480.0
2022-03-09,823.0212543703842,823.0212543703842,808.1353387460834,811.92138671875,1422440.0
2022-03-10,819.232870708223,837.4762038555275,815.4918535525019,835.7643432617188,1329780.0
2022-03-11,833.4392479080318,834.2940221167121,815.9180819008743,820.5327758789062,1465580.0
2022-03-14,827.6360069703331,827.6360069703331,812.5086354925572,822.4151611328125,773300.0
2022-03-15,824.9154734268686,831.5451040973486,816.6308051262397,826.8854370117188,1244220.0
2022-03-16,833.9128748588532,846.9590647627507,827.3305867726867,844.018310546875,967800.0
2022-03-17,842.2448173544363,870.1318913924143,842.2448173544363,865.8392333984375,2017800.0
2022-03-21,868.9551733059791,869.9022634131245,843.549469620643,846.5304565429688,806700.0
2022-03-22,839.4532730089037,846.2226201958125,817.0380369389387,825.353515625,2804480.0
2022-03-23,830.3612688057299,831.0715864009444,817.3861225053199,821.3260498046875,1185580.0
2022-03-24,820.5590107636141,828.7039637420729,817.338880810753,824.3521118164062,863620.0
2022-03-25,827.6620272116701,827.6620272116701,808.5781393652433,812.6600952148438,1064340.0
2022-03-28,816.8653030502355,821.5510410955008,795.0822283022293,798.3994140625,1602220.0
2022-03-29,800.2911501022188,805.0242306570117,796.5027896283622,801.3281860351562,1675180.0
2022-03-30,810.1408887446277,821.4846395244317,806.0967955493143,819.1382446289062,1499400.0
2022-03-31,816.865146672527,825.5689063156808,814.6347681612035,823.0473022460938,1245620.0
2022-04-01,823.0474022655313,833.8039623474699,816.8652459406885,831.4125366210938,623180.0
2022-04-04,833.9128238303903,846.0592657897596,826.9067040830137,843.8643798828125,795680.0
2022-04-05,844.1414412985686,855.2224076431438,839.0460916540384,853.479736328125,795640.0
2022-04-06,851.1972279232779,864.693261856971,845.8935464821785,862.6452026367188,941160.0
2022-04-07,859.4842765106993,864.2197270699869,851.6707830878747,861.3026733398438,749740.0
2022-04-08,859.578969787036,875.8689314121447,855.6793331546434,873.8232421875,685620.0
2022-04-11,872.175348103673,877.0173349668456,862.4676740011006,872.5707397460938,753380.0
2022-04-12,865.417815429701,876.0110160858554,862.9174836451315,872.1658325195312,1098000.0
2022-04-13,874.8745340119326,878.3787791599325,864.2197697276195,870.489501953125,546600.0
2022-04-18,866.5873674935539,884.8661933013861,866.5873674935539,878.9705810546875,1075460.0
2022-04-19,877.9762447810077,886.7131280471926,844.4373811021017,849.9470825195312,1318840.0
2022-04-20,861.7999537731716,872.2203154643421,851.9052201787355,866.833740234375,1763540.0
2022-04-21,859.0196304423959,883.6181456635638,844.7430866155606,866.250732421875,3706820.0
2022-04-22,858.5009586119172,868.4635768770929,848.6025313518379,865.5274047851562,2174140.0
2022-04-25,851.833769860849,873.2485853042781,849.4591094178788,864.9063110351562,1690140.0
2022-04-26,870.8691592743612,882.4902866733214,866.110311409474,876.3775024414062,1411860.0
2022-04-27,863.8260056661621,878.7545084806058,863.7308519493403,867.204833984375,1348600.0
2022-04-28,867.942527252352,882.0429969536638,864.9230519769017,876.9462890625,1579160.0
2022-04-29,876.1038839633137,888.2675268792909,869.2416044916081,872.3110961914062,1267960.0
2022-05-02,869.394042796519,879.4352014983749,866.5863105673922,877.557861328125,831940.0
2022-05-04,869.9697071677671,879.0590947322763,855.1958434470238,860.7684936523438,1217140.0
2022-05-05,871.352227537002,874.6001181107374,833.0839321631173,837.7357177734375,1266260.0
2022-05-06,832.7888785310101,837.5429630672186,807.8144533560474,808.7876586914062,1799940.0
2022-05-09,808.6924141056733,811.6357893777907,782.8304694681298,785.4169311523438,2302940.0
2022-05-10,791.8722215604984,793.7757605546342,780.4985644522569,786.190185546875,1343540.0
2022-05-11,786.1902458478835,791.8294689322609,772.5941850082629,785.7999877929688,1235740.0
2022-05-12,784.4723233653809,784.4723233653809,767.4475900758925,771.8851928710938,1435520.0
2022-05-13,784.7339866790173,788.1746242756539,775.9253549283525,780.5914306640625,1108780.0
2022-05-16,785.3050949278991,786.1617108275916,767.8139463079546,771.8304443359375,1049660.0
2022-05-17,779.9751951989095,779.9751951989095,769.2511148553367,776.8057861328125,1726100.0
2022-05-18,776.805854194197,781.3243784887791,771.5044900323713,777.7671508789062,1920180.0
2022-05-19,769.5056215257263,773.0723753142133,761.4155809778367,765.9008178710938,1410040.0
2022-05-20,776.6915347698149,807.1005837106857,773.3151462109101,802.4368896484375,3049540.0
2022-05-23,811.8570659029889,826.6118760662736,804.7830431825838,808.73291015625,2063460.0
2022-05-24,816.0948680751649,822.2480261055183,802.0134528855375,817.907958984375,1848200.0
2022-05-25,822.3288064113691,836.8908674066242,818.6858948924204,822.5072631835938,1630020.0
2022-05-26,829.7051694054489,843.7437713540929,824.3015066618758,840.0556640625,2111620.0
2022-05-27,844.6955163557565,848.3574243157393,832.1892499237745,839.5107421875,850540.0
2022-05-30,842.3160155477664,855.9691212718405,839.2156194009261,842.6443481445312,1041160.0
2022-05-31,842.5564357150388,864.0926050606053,830.7520874727186,841.91162109375,7190740.0
2022-06-01,836.6055143491228,849.3806284121348,817.574885026685,820.4992065429688,1164940.0
2022-06-02,820.4254567741275,831.6729995135845,809.9583721362138,827.7445678710938,1377980.0
2022-06-03,835.7965038244964,836.0034835065372,814.981307161716,817.1417846679688,1053720.0
2022-06-06,817.1417376021222,820.2730966080446,806.7722478307849,808.8565673828125,720020.0
2022-06-07,801.8681930712364,808.982646914374,790.4445772159316,796.9594116210938,1015240.0
2022-06-08,791.4201858653483,797.5828703682076,782.6662762721421,795.8577880859375,1632720.0
2022-06-09,793.7853336967926,800.6737542140506,784.4984353182222,797.970703125,574960.0
2022-06-10,792.871717940258,802.9366938945122,786.9612654235945,798.2920532226562,896200.0
2022-06-13,794.2516762492518,807.566922737404,787.113404743117,802.0775756835938,2369280.0
2022-06-14,802.1751512924825,813.7629334932435,797.5828517746644,802.8865966796875,1321620.0
2022-06-15,812.0973888774585,812.0973888774585,792.8240550072346,799.5958862304688,1295060.0
2022-06-16,806.5771314830935,806.5771314830935,790.680186342216,803.0079956054688,1615080.0
2022-06-17,801.7707305569523,802.1014449311994,782.1166651715698,791.9865112304688,2912380.0
2022-06-20,794.7276122044559,810.0963326599625,786.9968659890335,807.4384765625,978040.0
2022-06-21,808.0523703762682,818.5218357168324,802.3417529177786,807.6621704101562,1112620.0
2022-06-22,806.6246710953113,806.6246710953113,789.2810765150746,798.3038330078125,1047280.0
2022-06-23,800.4382003000651,811.143226107057,794.7275829376389,807.8762817382812,633500.0
2022-06-24,806.6270834725558,820.9012451183636,805.2945828526138,820.0280151367188,607600.0
2022-06-27,825.6600916336976,828.3821386278672,817.6985485749898,826.0526733398438,1276840.0
2022-06-28,823.2806479499062,832.791198059446,811.4311056183584,828.22509765625,1044480.0
2022-06-29,825.6600972067262,833.9880808961312,821.0106935895022,832.753173828125,1939440.0
2022-06-30,832.7532479316167,836.0725329649118,820.1494453230848,831.3707885742188,2056840.0
2022-07-01,828.0395247400054,848.4739894954048,824.7582898574024,846.83935546875,770940.0
2022-07-04,847.0748738139905,857.7085048469833,842.5301511139897,856.3331909179688,974580.0
2022-07-05,856.3332943031489,863.4049357280056,851.833824261646,855.8788452148438,828760.0
2022-07-06,855.8786860937566,876.9793987363649,847.134304188295,875.0877685546875,1567820.0
2022-07-07,875.1521983277562,882.7663555725871,864.8540436831531,866.345947265625,1037580.0
2022-07-08,870.869121069115,878.007392553288,867.157196660784,876.539306640625,1176500.0
2022-07-11,875.6279424258357,881.5765018173156,872.867787631629,879.88232421875,787640.0
2022-07-12,876.4251567904803,878.9592200980555,861.4014412173354,862.54833984375,523780.0
2022-07-13,862.7791381576848,872.0541282167669,862.7791381576848,868.4730834960938,455020.0
2022-07-14,868.4707228047934,877.5767832761103,862.9076572691439,873.8815307617188,1045880.0
2022-07-15,875.6280574885062,896.3932959882704,874.5002128033323,893.3071899414062,990020.0
2022-07-18,896.5051557721873,902.8486796672642,882.8877159573491,886.3545532226562,879540.0
2022-07-19,885.1409182220949,887.453711258194,867.3690152372966,874.5667724609375,874560.0
2022-07-20,882.766304236644,888.0010370380473,868.4897602328169,885.95947265625,1093260.0
2022-07-21,885.1456615648614,898.9439379815672,884.848233587185,896.5645141601562,1013120.0
2022-07-22,899.7910911986395,908.1785607693732,896.3552168965658,903.6552734375,1264000.0
2022-07-25,903.655291977347,904.6570202037786,890.4780114334435,892.643310546875,719180.0
2022-07-26,893.7116350200771,893.7116350200771,868.5016499050308,880.8389282226562,2789420.0
2022-07-27,882.480712606672,888.4292721204527,873.248536623004,882.3807373046875,899460.0
2022-07-28,883.9559856696847,920.5991140123848,878.4833106574631,909.530029296875,2609140.0
2022-07-29,909.5300428998968,924.3134341332818,904.2310611071508,921.2701416015624,2276500.0
2022-08-01,925.2151788763008,927.975333875158,909.1778848043537,916.32568359375,1171340.0
2022-08-02,922.1219462798608,928.022929370508,918.4671835765504,926.0147094726562,1124380.0
2022-08-03,920.363545398954,930.176287229637,906.5605050444244,921.5936889648438,1026500.0
2022-08-04,923.16889469952,948.143318614908,923.030869524316,944.6312866210938,1765600.0
2022-08-05,944.1554627283735,952.7213893055464,938.875534705104,948.033935546875,1251200.0
2022-08-08,947.2486218374172,951.1651441467728,930.3547127315502,935.2539672851562,1149180.0
2022-08-10,944.6598918174142,958.9078545868048,928.2132855441996,940.8004150390624,1444140.0
2022-08-11,942.2518268739786,950.9319602681722,932.1440391966428,936.5221557617188,1009220.0
2022-08-12,937.4929640102362,940.1793427372652,923.868381199467,930.033447265625,978060.0
2022-08-16,930.354852897864,944.85028639008,927.1569207469772,936.6817626953124,1321660.0
2022-08-17,936.6364095180388,944.3433961333938,936.02732114341,939.1729125976562,792000.0
2022-08-18,938.444793528148,939.0515582456926,927.0235587184748,930.7188110351562,978420.0
2022-08-19,932.734123509472,936.0605533128391,920.8370045871574,925.1627807617188,733960.0
2022-08-22,923.2640338163604,934.1618067049122,920.8370330993404,925.7005615234376,795880.0
2022-08-23,918.4576131786046,936.9671607450332,916.1329114119258,933.9547729492188,857620.0
2022-08-24,933.6312517412384,938.2996514029358,921.6960819181352,936.1153564453124,675360.0
2022-08-25,936.1130195255528,941.5856949656188,926.2646087177578,929.24365234375,518180.0
2022-08-26,929.878836024809,935.8773542266496,924.5489498634796,929.3125610351562,559780.0
2022-08-29,923.216454407122,940.3007292796376,917.7485430435383,934.9398803710938,969240.0
2022-08-30,935.5894665868132,951.531606531197,935.5894665868132,948.2408447265624,2195020.0
2022-09-01,937.4930348977956,954.1490025228836,931.5254210508718,939.0610961914062,1581240.0
2022-09-02,939.9818294367552,944.5360790447656,929.402920693987,930.916259765625,624820.0
2022-09-05,927.9753201163225,931.9085147902454,914.9836423981322,916.539794921875,994480.0
2022-09-06,916.5873488324092,918.8383325800856,901.5660740259837,906.1749877929688,1187400.0
2022-09-07,906.1749740299898,918.7930654230724,904.8948719083754,912.7136840820312,1114720.0
2022-09-08,913.7463275936626,917.3630401970428,904.4189977981864,910.0701293945312,1092940.0
2022-09-09,921.7888225402492,921.7888225402492,903.7432506976968,906.6199951171876,968680.0
2022-09-12,906.6342636727226,911.7928383181484,898.9510947601649,902.667724609375,871200.0
2022-09-13,902.7773049076482,916.8634837100008,902.7534874305096,907.2101440429688,1022920.0
2022-09-14,898.0422716023464,915.3335867978036,898.0398898544855,909.3564453125,1232020.0
2022-09-15,913.4133049139568,916.4137260736252,903.1222960218452,904.6094360351562,669100.0
2022-09-16,904.6046193386046,904.6093828336795,872.7988789057162,875.827880859375,2323260.0
2022-09-19,880.2083923009429,896.5669317266887,869.3130008927925,893.0097045898438,1072620.0
2022-09-20,895.1392628629656,900.373995394328,883.9607341319413,885.9380493164062,1676000.0
2022-09-21,885.9071293042402,898.9178034301493,884.7197990555921,887.5203857421875,925980.0
2022-09-22,887.5203653731121,896.3289974388439,884.2201345786577,886.9683227539062,1558620.0
2022-09-23,884.7173803177883,887.8201583690279,878.0097983050488,880.1917114257812,716840.0
2022-09-26,880.1869389995587,898.9415742003423,875.5113943336015,878.1644287109375,2261700.0
2022-09-27,882.6734607685158,894.4254093955959,882.5615767291104,888.6029663085938,1386280.0
2022-09-28,887.7630580304935,903.1817365371088,881.6098422583572,896.6121215820312,2110340.0
2022-09-29,901.097380852641,910.3676073083384,894.2470099755784,903.1889038085938,1743900.0
2022-09-30,901.8016126265828,913.4607891486678,899.1366696112434,911.0718383789062,1619460.0
2022-10-03,909.7727146234482,911.0314391424372,893.2357187645939,903.8289184570312,1040920.0
2022-10-04,916.0781931982492,920.8370409551231,906.6176015339277,916.166259765625,745780.0
2022-10-06,920.4610938329652,929.1721904055804,915.4714488200506,918.4647827148438,1340720.0
2022-10-07,917.2774388391534,922.2647020302238,912.1569139679788,919.4569702148438,792260.0
2022-10-10,908.9399831161732,913.9367735992726,904.416695693292,909.8465576171876,692380.0
2022-10-11,913.9367497245472,914.3959622865945,876.1158172218397,878.0050659179688,1098520.0
2022-10-12,882.2903590700508,893.0858329061915,878.0050144144498,891.11328125,774960.0
2022-10-13,894.1874937464146,900.4525354091982,885.3836253939352,892.9335327148438,605540.0
2022-10-14,902.2228467414864,904.8354496115588,897.0428361148054,900.7547607421876,441300.0
2022-10-17,897.0428257904651,907.036406343038,894.2921977726294,900.3811645507812,348500.0
2022-10-18,905.1328075815644,924.5988875035868,903.705153310931,922.6382446289062,1070220.0
2022-10-19,922.6383665073746,944.5362134587313,916.2924029339688,939.3538208007812,2609600.0
2022-10-20,938.3972457272378,958.6080591764496,937.493052991858,954.67724609375,2257080.0
2022-10-21,954.6772158260358,968.4255341890045,950.9367683995962,965.8057861328124,1143860.0
2022-10-24,968.6635314405607,1001.7375257589686,968.4279707831004,993.411865234375,903960.0
2022-10-25,989.8404209795982,1001.680379478179,962.0963128665394,965.2086181640624,1427060.0
2022-10-27,974.0647669129136,974.3741036434624,947.486613115572,958.1107177734376,2029480.0
2022-10-28,958.1107761511186,969.4701444116372,954.1562035285506,965.2109985351562,1298600.0
2022-10-31,970.9556094584842,979.9339514439088,964.6150034975458,974.830810546875,1591100.0
2022-11-01,976.5612364906622,992.6126919317117,975.1466486195054,985.6760864257812,794120.0
2022-11-02,985.6785039167868,990.9443919901646,968.0904424266772,975.977294921875,866340.0
2022-11-03,968.1048662253328,980.1733061570544,964.61739563321,977.7055053710938,706560.0
2022-11-04,977.7054156384884,983.0455186630064,972.0206503430792,977.7940063476562,377460.0
2022-11-07,979.0481853964964,991.9017264871476,975.1562134468774,980.4244384765624,1354440.0
2022-11-09,986.8967412455328,997.7589203505609,967.2478365754016,972.748291015625,1044900.0
2022-11-10,971.7764701709168,976.5828081816568,959.5859565282448,965.8260498046876,779820.0
2022-11-11,970.6563402779766,981.3700310520204,967.0133102483336,972.872802734375,716740.0
2022-11-14,972.89669864527,976.2213628949185,952.2974896506736,960.5553588867188,969520.0
2022-11-15,965.2851788199548,966.3359371493958,950.2534500883075,960.093505859375,786820.0
2022-11-16,957.0584419785744,964.3397691968552,949.0567015858652,962.1209106445312,895520.0
2022-11-17,963.6575364084435,964.1218779773268,951.8164757790418,957.0033569335938,555640.0
2022-11-18,957.1947994846668,959.6242652857956,946.9023822859068,953.8485717773438,733720.0
2022-11-21,950.3491993864536,950.7130290711468,941.4259637306126,946.0264282226562,996880.0
2022-11-22,946.0263212724622,950.2198874274982,935.8942559144068,938.9317016601562,948440.0
2022-11-23,943.0726347399165,948.4821610450076,933.9770103439477,936.61474609375,1034440.0
2022-11-24,939.482202511356,951.4213775854188,933.5389116870492,944.7696533203124,1193920.0
2022-11-25,947.8598312435884,949.0087639385852,930.6260161300688,934.9033813476562,1157160.0
2022-11-28,934.695068098778,950.0259937712837,931.5834071806514,948.5994262695312,1060000.0
2022-11-29,945.46623043086,975.3860478495582,944.5087962734616,963.2362060546876,1474460.0
2022-11-30,963.236242972201,973.662715370794,949.793887924501,966.2354125976562,6267780.0
2022-12-01,966.5297702220151,974.1844515430072,954.322484862599,959.8037719726562,1058520.0
2022-12-02,959.8038531310494,964.0261707960162,942.0793987572326,945.5237426757812,1392340.0
2022-12-05,945.9353628575384,950.2534002529632,936.0211508676314,945.571533203125,1699980.0
2022-12-06,945.0353626354358,956.9554294470422,937.088670906746,953.1783447265624,1362180.0
2022-12-07,953.6044266655418,961.2232277200374,949.2121740664592,953.1663818359376,1139120.0
2022-12-08,952.6470076845924,962.1734894488671,944.5566771881838,948.115966796875,812480.0
2022-12-09,955.902321632214,971.5539513893832,949.975801640268,969.0072021484376,1535100.0
2022-12-12,969.4020642798488,982.3274251369136,964.375535057657,980.7644653320312,1621200.0
2022-12-13,984.2902166834856,987.8781403569164,973.2318055908556,976.022705078125,982680.0
2022-12-14,975.8719525574824,979.007514360228,957.752522818736,960.4739990234376,1633600.0
2022-12-15,960.4739757576888,964.6124941521468,939.93460597165,944.8845825195312,791080.0
2022-12-16,944.269452897886,950.7321335641072,936.8541299047264,944.92529296875,1386420.0
2022-12-19,947.8598103640364,963.1787567941622,947.8574144411708,961.3428955078124,1308960.0
2022-12-20,964.614877178556,965.4694034941882,950.3036213009444,963.9231567382812,933520.0
2022-12-21,965.3330446405538,974.093591058766,960.4094228409456,972.4755249023438,1407560.0
2022-12-22,976.343475887558,978.4977027282022,964.9739453397132,972.1116333007812,753760.0
2022-12-23,967.0085453916748,979.2158314844904,960.069543340323,963.7891845703124,1488080.0
2022-12-26,965.809347268699,969.1938514321243,950.7321546362608,952.52734375,667640.0
2022-12-27,952.6471027219592,958.2816127749372,945.2269870977432,946.7109985351562,805820.0
2022-12-28,947.3811658085258,952.4507636684148,943.5514289078344,949.9470825195312,706920.0
2022-12-29,949.7747302380508,953.4871837010386,939.7480262503768,948.2428588867188,797020.0
2022-12-30,949.7531208948958,952.1682695944614,936.4591967057572,938.5726928710938,852880.0
2023-01-02,939.0826212131944,943.7907853048227,933.5582070466992,936.4448852539062,503280.0
2023-01-03,938.2375976279044,945.9903948679092,932.3469583664024,944.3795166015624,628300.0
2023-01-04,946.9023633859226,947.764077485802,933.4982854411268,934.450927734375,639680.0
2023-01-05,935.4132857882958,952.3670718966756,934.4318922824908,946.7109985351562,1027860.0
2023-01-06,947.859903841603,953.913291213808,946.7373262127264,951.9409790039062,787720.0
2023-01-09,954.3200459545772,965.2994495772444,952.4793929170286,961.5366821289062,722880.0
2023-01-10,960.4525497599328,966.481977689446,955.2823816365368,958.5807495117188,633360.0
2023-01-11,960.785157468501,961.4984412263289,943.9055889408444,945.863525390625,650200.0
2023-01-12,945.863543566638,955.0405709929494,944.9875123509185,951.3663940429688,661240.0
2023-01-13,955.040515593552,955.040515593552,944.271777881776,947.110595703125,695420.0
2023-01-16,949.7746948118572,949.7746948118572,943.1205156557364,944.7769165039062,485300.0
2023-01-17,944.7912866422456,955.8161557323958,943.6806886571808,954.837158203125,803740.0
2023-01-18,955.038236092364,959.4400141952482,946.5840755889144,948.9776611328124,727980.0
2023-01-19,948.9775853206304,952.4076118309046,938.8431823371592,942.1678466796876,619980.0
2023-01-20,941.1625410554852,941.53355846806,916.7359911414886,919.13916015625,1440440.0
2023-01-23,921.5303502663132,930.625974502708,916.7934355574693,927.1361083984376,758000.0
2023-01-24,928.7111019398224,930.3387516409596,916.685731658376,923.4786987304688,754240.0
2023-01-25,926.2696083334404,926.341427576554,916.743127591666,920.836181640625,823200.0
2023-01-27,922.0114859172124,928.4239105114308,910.8094946317218,919.9194946289062,895540.0
2023-01-30,919.4240547860188,919.7902803816548,908.5093399182877,917.50439453125,996600.0
2023-01-31,919.1368389715586,919.1368389715586,906.1636171505872,910.4122314453124,2350000.0
2023-02-01,914.3496133397236,918.0381073655892,905.5053270656592,913.8637084960938,1376100.0
2023-02-02,915.7379557641988,915.7379557641988,902.405696165864,907.3890991210938,1418440.0
2023-02-03,909.8209013736316,912.1785477319804,898.5566754040534,909.7682495117188,1111560.0
2023-02-06,909.5625433621866,912.4348461306988,897.8004892374751,910.591796875,1382680.0
2023-02-07,910.7113029916452,914.344748940537,903.817765970544,908.5092163085938,797460.0
2023-02-08,907.1688633333551,912.6669219649,904.3037486323294,909.3182983398438,465340.0
2023-02-09,909.5146077027572,913.600474413592,907.2095545353936,909.5768432617188,694680.0
2023-02-10,910.041134791866,912.9206249320312,903.5808503781597,910.7041625976562,527660.0
2023-02-13,914.110283827519,919.0889532535216,907.1664900959938,910.845458984375,649780.0
2023-02-14,915.058085245544,922.0090663731283,910.8788946217394,913.531005859375,771780.0
2023-02-15,913.1528957472063,923.8665871053072,906.2138935112424,922.0546264648438,639960.0
2023-02-16,930.1472712857264,947.8526151886076,916.2644761919096,939.6665649414062,3480140.0
2023-02-17,937.0911125453256,937.0911125453256,901.0436917954156,910.5821533203124,3768700.0
2023-02-20,910.9985149978504,916.5037608845952,899.0305891571011,901.0914916992188,1306220.0
2023-02-21,903.8705578082728,906.3934063342206,898.073300604144,902.3195190429688,899080.0
2023-02-22,903.9519284699642,903.9519284699642,891.9049940970791,893.9635009765625,841600.0
2023-02-23,893.2836500687814,901.1442053372256,888.0680182798899,892.7116088867188,985360.0
2023-02-24,897.1755727226636,902.333760516854,891.1317700917698,894.2864990234375,777500.0
2023-02-27,895.2009464361553,902.1423441491628,885.2436077212591,891.5028686523438,1032500.0
2023-02-28,891.8594859174119,896.3977143952217,883.7188997971274,893.7647705078125,2183640.0
2023-03-01,895.2009580441136,900.9647305059524,889.2241821896293,898.9756469726562,1278520.0
2023-03-02,899.9857429783115,899.988138901273,883.5585939077172,884.7529907226562,781400.0
2023-03-03,887.9723743820631,891.1151241429449,881.1027955769225,883.228271484375,920360.0
2023-03-06,886.6797907787536,888.2141164866808,882.0362582755805,886.3375244140625,1058980.0
2023-03-08,881.0787358562703,889.1594820466513,880.722093989348,886.5001831054688,914920.0
2023-03-09,885.6266379838052,889.408514773976,882.275618272515,887.3356323242188,1132300.0
2023-03-10,887.0627434125976,887.0627434125976,878.6875904905023,884.9443969726562,472680.0
2023-03-13,882.2732629534994,885.6218868959058,874.1398636977532,876.8876953125,729520.0
2023-03-14,878.4458520393886,882.514947266819,871.8874513417996,874.3599853515625,877580.0
2023-03-15,876.0523154713737,879.4559871272228,855.9461967556373,861.3724365234375,1559160.0
2023-03-16,861.2120844429542,885.6266571536772,860.1469505562394,883.26416015625,1660860.0
2023-03-17,885.5739740079048,903.5785169409568,884.4274372152735,902.7718505859376,2668600.0
2023-03-20,904.7753196861624,909.08377358943,892.9079040682758,906.5872802734376,1512900.0
2023-03-21,909.0838099760044,921.9613121786286,900.9480148671806,906.0870361328124,1955240.0
2023-03-22,909.9932922127258,909.9932922127258,895.1386874704145,900.93115234375,564960.0
2023-03-23,900.9311531215122,917.6958343171634,895.6868286400447,911.6903076171876,1133700.0
2023-03-24,909.8042313636656,914.3496478251852,904.2008688262767,907.3173217773438,525980.0
2023-03-27,909.562449230258,915.680467518942,900.7085792001049,904.3444213867188,717080.0
2023-03-28,904.7752691058952,910.5174780662536,902.3816837378902,906.9773559570312,709620.0
2023-03-29,906.2115030794436,915.546486867108,903.6360026507969,912.0973510742188,972120.0
2023-03-31,916.9825453449608,945.5571391336292,916.9825453449608,943.2880249023438,2968880.0
2023-04-03,947.0939316717196,947.381150247124,928.0433634518888,943.3336181640624,1274800.0
2023-04-05,941.10995570655,951.354513302728,938.3333731601616,948.9154052734376,943020.0
2023-04-06,947.6204231799844,949.7746499565995,938.5247990120532,943.467529296875,819560.0
2023-04-10,943.0726373417572,943.860136279734,933.5461558659524,934.9440307617188,448280.0
2023-04-11,940.5834050450904,942.8333520966617,932.30157563252,941.8567504882812,882520.0
2023-04-12,942.833229050854,942.833229050854,927.0331704936052,930.6403198242188,1137640.0
2023-04-13,933.4983379860108,942.1152457212664,929.4890823036352,931.839599609375,923020.0
2023-04-17,937.80675467125,977.061555019919,933.6012087836908,969.1339721679688,3887020.0
2023-04-18,967.0084698437216,990.9443230576752,967.0084698437216,989.0892944335938,2797200.0
2023-04-19,989.0224064401884,989.204262839847,976.0084539324864,987.052490234375,1797480.0
2023-04-20,985.9178698390918,991.9353765254754,975.6254521641512,980.0823364257812,1044260.0
2023-04-21,984.9896782984902,990.4695158928444,980.866497815464,986.13232421875,886100.0
2023-04-24,986.3295317042848,996.3390770060812,981.5232068606012,995.3912963867188,1157360.0
2023-04-25,996.3390958369082,1006.9044596418752,977.0464918101596,994.2318725585938,3369280.0
2023-04-26,991.0468322688168,1014.6214218524752,984.960786227444,1011.6024780273438,2497880.0
2023-04-27,1013.5270320945356,1019.9595842534644,1010.3420002425617,1017.4264526367188,2044640.0
2023-04-28,1019.0934864164038,1051.2150167532477,1016.5940658457442,1046.9715576171875,3330320.0
2023-05-02,1048.828640073649,1063.2139033367364,1042.6944358713836,1046.223388671875,1783400.0
2023-05-03,1046.1825095557765,1055.8456665288386,1038.1671917081956,1052.470703125,1140260.0
2023-05-04,1052.6222226786083,1058.2080085062012,1041.0273270380872,1043.716796875,1270680.0
2023-05-05,1048.8264331220842,1062.2374892261898,1046.4183958709082,1059.4061279296875,1101520.0
2023-05-08,1060.8563568630634,1072.8842067141186,1046.9233143891165,1057.6448974609375,1513120.0
2023-05-09,1058.451019032798,1065.4248242864842,1051.0755022994988,1057.0726318359375,865740.0
2023-05-10,1057.07273140205,1064.7007867723096,1056.983697094966,1060.856689453125,1208820.0
2023-05-11,1063.2139503508113,1069.7571487730215,1056.0598451143633,1059.403564453125,1378740.0
2023-05-12,1059.3650253135477,1061.7898590234468,1045.941989724522,1048.5472412109375,1339220.0
2023-05-15,1049.7910455321064,1059.4085124195128,1046.4833858446484,1048.18408203125,1451400.0
2023-05-16,1052.4370626454672,1057.9217162395707,1044.979794315865,1047.8857421875,1545140.0
2023-05-17,1047.8857319998162,1053.221211985177,1039.2064151831933,1045.5811767578125,1335760.0
2023-05-18,1051.2342130553682,1056.0453536185507,1041.621563606889,1043.0360107421875,1023500.0
2023-05-19,1048.828791512204,1048.828791512204,1034.6888990739524,1043.543701171875,1464400.0
2023-05-22,1043.9693308521878,1043.9693308521878,1030.6473109885087,1034.14501953125,1021900.0
2023-05-23,1031.989831191123,1039.6876574377698,1027.7608191033498,1029.7623291015625,1109180.0
2023-05-24,1029.7622807086618,1034.2991539509103,1023.57028563194,1028.65087890625,887280.0
2023-05-25,1034.3952230523485,1040.745905115935,1025.294931866256,1033.1876220703125,1630040.0
2023-05-26,1033.6712178871803,1040.601562618592,1028.1407553378806,1038.328369140625,1263180.0
2023-05-29,1045.217970402064,1051.234245481346,1036.9018385080155,1045.4344482421875,1068740.0
2023-05-30,1043.055176280809,1045.3934420574085,1034.926745664833,1037.97705078125,939620.0
2023-05-31,1038.244188380659,1051.635980052189,1035.116946849392,1042.723388671875,8495880.0
2023-06-01,1048.1551629344967,1054.8402523533505,1037.8977780436046,1052.4033203125,1197320.0
2023-06-02,1058.4510066525468,1063.02159054491,1049.7909529617532,1060.685791015625,1164960.0
2023-06-05,1058.405245880656,1064.6909729176623,1048.3475423078007,1050.4716796875,1630180.0
2023-06-06,1052.3962666342009,1055.1578569978485,1040.050803081786,1044.2774658203125,1570460.0
2023-06-07,1046.4183291546824,1078.886365177052,1046.4183291546824,1076.1439208984375,3136240.0
2023-06-08,1080.582133485094,1086.237572642885,1062.6582863113324,1065.6146240234375,1458580.0
2023-06-09,1063.3054557366024,1071.922166594682,1060.418771266419,1061.9847412109375,1418300.0
2023-06-12,1060.856576292937,1075.2418407064897,1059.85347220139,1072.3720703125,1247040.0
2023-06-13,1075.241663766566,1091.0703853155376,1072.5162515410316,1082.1505126953125,1666940.0
2023-06-14,1083.7095072706993,1094.5827328846058,1082.506722024006,1093.51220703125,1447540.0
2023-06-15,1093.5122898483314,1106.5625107633118,1088.8815662978543,1104.9364013671875,1475140.0
2023-06-16,1104.9363203701043,1114.9939072630389,1100.6591502451504,1105.04931640625,1470820.0
2023-06-19,1107.7651717065785,1113.779097720186,1095.0757878178654,1096.6923828125,866620.0
2023-06-20,1096.6924092265276,1106.560063965699,1093.0912185606674,1104.423828125,1377540.0
2023-06-21,1104.4503256279622,1109.9157157042223,1095.2561840371768,1101.3470458984375,1292840.0
2023-06-22,1096.9401383133777,1101.3062252404231,1082.1555115476945,1084.089599609375,998060.0
2023-06-23,1084.0896136189,1088.277749463578,1080.276760868897,1084.2796630859375,870300.0
2023-06-26,1083.4712502485177,1092.1289544419292,1082.7472299434191,1088.7996826171875,700300.0
2023-06-27,1088.8260857673858,1100.3078682468422,1082.7520206879733,1089.1099853515625,882660.0
2023-06-28,1090.6855973760364,1096.9400802899704,1086.355570743313,1094.2506103515625,1112480.0
2023-06-30,1094.5344857187492,1103.97634913951,1088.5205599730418,1101.4769287109375,737240.0
2023-07-03,1104.156811888989,1104.156811888989,1086.4999486722488,1088.8837890625,1105380.0
2023-07-04,1094.4382716011985,1099.1050544248717,1083.7334839185746,1088.474853515625,602980.0
2023-07-05,1086.6442198280083,1103.868008525712,1086.3555044196576,1101.746337890625,777760.0
2023-07-06,1103.4349711225505,1125.4435876748882,1101.9916291066936,1111.346923828125,1807340.0
2023-07-07,1114.0219713432211,1118.4386830491726,1099.345643109744,1102.049560546875,1129280.0
2023-07-10,1100.2595988864616,1108.6021582296328,1084.912108722471,1086.367431640625,727760.0
2023-07-11,1087.7987935111496,1104.630619094685,1084.9265569219606,1099.4561767578125,1370520.0
2023-07-12,1103.627660912193,1111.3736454247128,1097.7580919910286,1109.4515380859375,961800.0
2023-07-13,1109.4515045093958,1112.4104268086933,1095.826437268162,1097.9384765625,864320.0
2023-07-14,1097.9384820006717,1116.1847584951272,1096.940193693487,1113.2042236328125,909140.0
2023-07-17,1116.1848546934273,1125.5833775530184,1104.3975577365354,1109.9664306640625,835900.0
2023-07-18,1115.7034829735424,1115.7034829735424,1097.9263423016307,1105.4630126953125,651680.0
2023-07-19,1104.156735783415,1107.7650911291123,1097.0121452151402,1103.7213134765625,557620.0
2023-07-20,1103.723850046936,1110.6277665700454,1094.582682592074,1106.94482421875,755840.0
2023-07-21,1107.2815784508366,1117.7217292929824,1102.3669564040308,1105.72265625,736860.0
2023-07-24,1105.6071557416635,1108.900484491743,1092.5016148582142,1097.906982421875,841620.0
2023-07-25,1113.297908398354,1113.297908398354,1090.9380860071217,1095.63623046875,1251520.0
2023-07-26,1096.5023470397882,1101.7512594445627,1092.2251770282087,1096.935302734375,689240.0
2023-07-27,1099.7881899080678,1101.7511728161028,1062.109771330181,1074.1015625,3587480.0
2023-07-28,1074.1016054584454,1088.8501713236576,1067.4622078211548,1081.5877685546875,1344220.0
2023-07-31,1089.7235030362103,1089.9159017041588,1079.1245446709206,1085.0711669921875,972180.0
2023-08-01,1087.717178267991,1091.6478426971878,1078.898319633514,1087.0147705078125,1300380.0
2023-08-02,1091.6478438723982,1103.586661537428,1083.0166854963163,1100.899658203125,2093220.0
2023-08-03,1101.171448597703,1101.171448597703,1077.789375094326,1081.3424072265625,899420.0
2023-08-04,1082.3117319887667,1092.073554719456,1078.2727701990775,1080.3175048828125,820200.0
2023-08-07,1080.317536563298,1084.9891352665563,1065.6676370091775,1080.5484619140625,824920.0
2023-08-08,1081.0632659648695,1082.4561005307287,1063.262046187077,1069.48046875,1160640.0
2023-08-09,1071.922238801001,1075.5907338956408,1066.2739638389123,1068.9586181640625,745700.0
2023-08-10,1066.2932867553045,1070.2167866429431,1053.399404374508,1057.9580078125,1411580.0
2023-08-11,1057.9579202574396,1058.932129321745,1046.4231627781894,1050.86865234375,767260.0
2023-08-14,1050.9577361945264,1060.375521611677,1044.462695567595,1053.6158447265625,815760.0
2023-08-16,1064.7055271717247,1064.7055271717247,1048.1238870580294,1055.9444580078125,578600.0
2023-08-17,1053.639789146757,1059.8125201103924,1039.321830053397,1042.4515380859375,1399840.0
2023-08-18,1042.4515201428371,1052.6775429097,1031.9896387300305,1050.27197265625,1313340.0
2023-08-21,1050.2719222804417,1066.9233304583183,1045.7181357236664,1060.103515625,741920.0
2023-08-22,1060.1036410070365,1062.8989420283565,1053.930909715651,1059.699462890625,810440.0
2023-08-23,1063.2620161655818,1071.431323074023,1056.0453056486208,1067.262451171875,1227560.0
2023-08-24,1072.066593454884,1072.4033498395602,1065.3454434417877,1070.2335205078125,920400.0
2023-08-25,1067.5921396591923,1071.9437789100175,1063.803366292894,1067.52001953125,839280.0
2023-08-28,1067.664337786431,1068.7733903886776,1058.4510494984604,1060.1085205078125,830140.0
2023-08-29,1061.8404245873762,1067.1014354281574,1056.0454428762628,1061.4820556640625,1048560.0
2023-08-30,1061.4819795939886,1071.9221312584232,1058.939216599584,1068.0010986328125,1296640.0
2023-08-31,1070.4787264165557,1072.355024166707,1042.5764616141944,1057.7965087890625,4661300.0
2023-09-01,1060.8564283573005,1063.7286650001645,1051.7152618544485,1054.3878173828125,716980.0
2023-09-04,1057.2579726439292,1057.4865488481914,1040.7701813837584,1045.8555908203125,1481820.0
2023-09-05,1046.6420558398272,1058.3836589154137,1046.6420558398272,1056.259521484375,1246260.0
2023-09-06,1056.259415324888,1063.2619970821754,1047.606527888182,1058.6480712890625,1125840.0
2023-09-07,1057.407144038306,1062.5454102432493,1049.9041830056583,1053.4619140625,823180.0
2023-09-08,1055.8530458138157,1057.4575425361525,1050.272075296604,1052.833984375,609540.0
2023-09-11,1054.120979638628,1068.0709391705425,1052.3601443405337,1064.5635986328125,939540.0
2023-09-12,1064.9121368723784,1077.4548118439836,1059.273494841232,1073.7381591796875,987580.0
2023-09-13,1071.7079618406997,1085.833521860603,1065.6699570940848,1067.101318359375,1016500.0
2023-09-14,1069.5166323697988,1082.9878270195309,1066.0044759870766,1081.433837890625,1621120.0
2023-09-15,1082.5066095811246,1092.1770489438431,1073.7960491261206,1088.390625,2322820.0
2023-09-18,1088.2801477207342,1098.864658441272,1080.2286511790896,1097.87353515625,1150640.0
2023-09-20,1085.203190267552,1098.2173481273533,1085.203190267552,1091.1785888671875,1149000.0
2023-09-21,1090.2021048555782,1090.683218912968,1075.2899182662272,1084.118408203125,923660.0
2023-09-22,1083.468919893487,1089.239939726141,1076.7333227005436,1084.0703125,766020.0
2023-09-25,1085.8744696334409,1092.54757824874,1080.1492591123026,1089.18212890625,688540.0
2023-09-26,1092.128938192456,1109.5885865749628,1087.1277480412868,1106.829345703125,1320020.0
2023-09-27,1106.8029529401958,1106.829381326222,1094.1232006222242,1100.4522705078125,833060.0
2023-09-28,1101.7511372980352,1102.1335853678363,1079.99517478679,1084.3564453125,1039620.0
2023-09-29,1084.95794466935,1092.3695211841507,1079.1388839533363,1082.838623046875,904580.0
2023-10-03,1082.8386120567986,1087.0628077413032,1070.7265416956202,1073.6180419921875,1000260.0
2023-10-04,1097.1830648037812,1123.8247583477914,1084.9604643399575,1105.8985595703125,4269760.0
2023-10-05,1106.8028366444742,1111.7198079831578,1095.7372138482024,1102.65087890625,1360000.0
2023-10-06,1106.078841703143,1109.8146405852517,1097.6568792555388,1102.340576171875,776240.0
2023-10-09,1097.5198848687814,1105.6386849866487,1096.940104814068,1100.8780517578125,475100.0
2023-10-10,1104.6377605269208,1107.3800868760552,1098.1595181345872,1105.0250244140625,793260.0
2023-10-11,1105.0250644727555,1119.7399181228288,1103.1944584976577,1116.283203125,1346760.0
2023-10-12,1117.2913258359206,1120.9958810065746,1104.7366671778989,1110.177978515625,1084440.0
2023-10-13,1110.1731485598202,1135.4221249003183,1104.4166934567768,1133.2330322265625,1815820.0
2023-10-16,1133.023703411485,1133.023703411485,1105.3619919024156,1111.784912109375,1732160.0
2023-10-17,1112.816840839004,1123.988295418436,1112.816840839004,1122.2130126953125,763320.0
2023-10-18,1122.2131772464602,1128.0755812231191,1116.1848029869118,1119.21337890625,713420.0
2023-10-19,1118.9221700727594,1165.595051402804,1111.3975975871256,1161.0413818359375,5848240.0
2023-10-20,1159.482659555634,1190.5168689382017,1154.760435281917,1168.130615234375,4158680.0
2023-10-23,1169.1071824580144,1187.146610775303,1160.8488407069276,1164.187744140625,1584600.0
2023-10-25,1168.144817841655,1180.158220592278,1162.0395092368667,1167.3125,2227000.0
2023-10-26,1167.182899642669,1167.2117946812516,1126.817470418714,1132.8121337890625,2538800.0
2023-10-27,1133.0477853539846,1165.6432656478878,1127.7482477620931,1157.413818359375,2608740.0
2023-10-30,1159.484897979219,1166.7016089624924,1148.1810666285312,1162.9344482421875,1452280.0
2023-10-31,1169.1072101008867,1170.5505523355791,1160.5458226658068,1165.9703369140625,1032780.0
2023-11-01,1171.061004935644,1171.0633677750295,1150.7368056764303,1155.22265625,1273800.0
2023-11-02,1160.9086712889712,1168.6318486259397,1150.4030141037454,1166.79296875,2141360.0
2023-11-03,1168.298080174979,1171.0611849773109,1160.2627710409874,1161.3370361328125,954280.0
2023-11-06,1168.643777303064,1180.2794612879568,1164.2233775429004,1175.3944091796875,1485520.0
2023-11-07,1175.2711736980823,1184.6106522235036,1167.192270177611,1179.263427734375,1059300.0
2023-11-08,1179.241532480935,1181.3537927911914,1172.0312098121458,1175.00732421875,726100.0
2023-11-09,1178.319752386233,1181.4651644562578,1170.6909703250203,1172.3555908203125,844460.0
2023-11-10,1172.3555423662883,1173.4563892885064,1164.075798338619,1168.0220947265625,566340.0
2023-11-13,1175.8034147877856,1175.8034147877856,1162.9313738669734,1165.5372314453125,570560.0
2023-11-15,1173.2384992623986,1173.432015791841,1161.7698685568996,1169.80517578125,1533940.0
2023-11-16,1170.8215011593888,1174.5694372749726,1163.608933391882,1165.39453125,1388360.0
2023-11-17,1166.222062943539,1184.847737555078,1164.5090041641324,1179.4351806640625,1401020.0
2023-11-20,1179.5317814116509,1180.923021238685,1169.4157571734029,1176.0234375,1082300.0
2023-11-21,1176.1421211936056,1181.6998741684256,1170.1053025062904,1179.4544677734375,906580.0
2023-11-22,1179.2900305189437,1186.5463115097612,1173.964662203377,1178.3609619140625,736420.0
2023-11-23,1181.4192498553089,1189.9287806829325,1178.3754397780767,1180.4151611328125,736280.0
2023-11-24,1183.1586844516114,1184.2643750877733,1166.6113666214228,1168.106689453125,808240.0
2023-11-28,1168.060842490285,1173.9645151043771,1155.7283561848835,1171.961181640625,1753940.0
2023-11-29,1172.077350730055,1177.5938722605124,1161.9176131720558,1164.6492919921875,1254300.0
2023-11-30,1165.2541820004922,1177.8455177872545,1159.7061165471891,1172.8104248046875,2944060.0
2023-12-01,1177.8335209936624,1179.045657748535,1168.9512522176794,1177.7681884765625,1273000.0
2023-12-04,1180.2068992776467,1187.2720256354255,1168.0922667886707,1180.874755859375,1987840.0
2023-12-05,1183.2071905348575,1193.9910714375349,1180.8747136161626,1190.8480224609375,1343740.0
2023-12-06,1196.650096756698,1214.4628342390106,1195.353252344907,1208.24951171875,1592160.0
2023-12-07,1208.2495053995274,1218.0025975933004,1200.7392203647846,1208.5760498046875,1201700.0
2023-12-08,1209.531928353073,1218.276207060089,1197.983431590396,1199.5924072265625,1401520.0
2023-12-11,1203.9669773149146,1215.580806678081,1192.3047097392755,1211.87646484375,1078740.0
2023-12-12,1211.8764228263135,1221.4239485995654,1200.2045861548404,1207.2164306640625,1282460.0
2023-12-13,1207.7608121798582,1213.645109573954,1201.3054164742186,1211.92236328125,891440.0
2023-12-14,1216.742106976215,1216.742106976215,1197.6809620706651,1199.771484375,2094520.0
2023-12-15,1202.5175612614132,1207.4583768692398,1172.0288976168172,1179.11328125,3190820.0
2023-12-18,1183.1588007459477,1189.4786875612658,1175.8517195868,1178.525390625,1326480.0
2023-12-19,1188.9558758657536,1243.8892881536,1186.1057010801844,1233.470703125,7057320.0
2023-12-20,1243.357134876193,1247.4437840543017,1212.4450499191075,1214.5040283203125,2889760.0
2023-12-21,1214.503978220073,1221.7747897026377,1205.3073344255108,1215.3798828125,2212760.0
2023-12-22,1221.3875901424292,1229.6116888848337,1214.6128570750782,1227.6033935546875,1776560.0
2023-12-26,1233.2919232314614,1238.8084448305556,1227.43657043465,1236.9720458984375,1235700.0
2023-12-27,1238.8084323104413,1246.935655294326,1237.864832328288,1244.6370849609375,1428320.0
2023-12-28,1251.86676518957,1276.2629652509763,1247.286518892103,1270.2576904296875,3155440.0
2023-12-29,1270.2624268516383,1289.6188066893776,1265.212802907396,1286.2459716796875,2068160.0
2024-01-01,1289.6187989637644,1328.101654141347,1289.1348894707198,1324.576416015625,2632200.0
2024-01-02,1330.751189487348,1340.0906669183266,1307.7195298957847,1317.3541259765625,2831540.0
2024-01-03,1323.2504733368544,1326.7491294266292,1285.8926851014307,1288.902587890625,2026920.0
2024-01-04,1299.3478579525488,1313.8167052959252,1289.7181057931743,1312.1883544921875,2647800.0
2024-01-05,1332.6869108793292,1332.6869108793292,1278.706776536122,1290.29638671875,5154128.0
2024-01-08,1298.3292863046274,1301.232743523348,1263.4877996799785,1267.5042724609375,2064756.0
2024-01-09,1277.521250479081,1277.6664469768502,1251.8498244499588,1254.583984375,1626054.0
2024-01-10,1253.3257371425368,1269.004359338802,1243.8652817916943,1247.5672607421875,2052936.0
2024-01-11,1248.486529541713,1253.3014055136834,1234.0176825220292,1237.453369140625,1551334.0
2024-01-12,1237.4533982949656,1238.7841494721474,1224.2910830072349,1233.7757568359375,2214110.0
2024-01-15,1240.7438563302576,1246.623309016693,1224.605428570895,1232.7835693359375,1787668.0
2024-01-16,1237.3081777144646,1237.3081777144646,1224.9443842590097,1230.1221923828125,1386740.0
2024-01-17,1230.122242459642,1237.4292054661396,1222.065077912436,1230.63037109375,1603238.0
2024-01-18,1226.7107144362635,1233.9693577169514,1207.9107810824896,1210.74169921875,1269820.0
2024-01-19,1214.612794594812,1220.371270149054,1209.6285033232614,1216.6209716796875,1882782.0
2024-01-23,1200.095701463456,1208.9028317732188,1183.6427765240376,1191.82080078125,1381076.0
2024-01-24,1199.0794508057272,1219.1616975346485,1187.997969144633,1216.5244140625,1318076.0
2024-01-25,1221.895775941345,1223.323285418957,1194.1435172847223,1201.135986328125,1571546.0
2024-01-29,1201.1360778845362,1212.1934586866348,1198.4504743160028,1209.072265625,1265438.0
2024-01-30,1215.580729227131,1224.8475493925944,1203.966900603942,1205.9267578125,1336068.0
2024-01-31,1214.128852424104,1215.4596034580484,1200.9181003496467,1212.6771240234375,1432188.0
2024-02-01,1214.61297607693,1215.0484474171374,1191.7240306284386,1194.1920166015625,1641132.0
2024-02-02,1194.2887307855103,1207.8381977474205,1191.8934022188537,1200.7730712890625,1508122.0
2024-02-05,1212.1933961679626,1212.1933961679626,1188.820541787107,1191.7239990234375,1065954.0
2024-02-06,1191.5547657554316,1199.1036840913428,1183.5218197120817,1188.79638671875,1540366.0
2024-02-07,1195.2565527571696,1215.3630175868038,1183.9814369509436,1209.580322265625,3094808.0
2024-02-08,1211.6852202573089,1216.4759953955602,1165.7864731219415,1172.5369873046875,3308894.0
2024-02-09,1182.1183651218694,1193.272384543572,1171.0852049327686,1185.626708984375,1677638.0
2024-02-12,1190.296476717411,1194.2645112693522,1180.4005503716742,1189.957763671875,890538.0
2024-02-13,1197.192178260651,1198.4503902965348,1183.1345827735363,1189.1351318359375,621970.0
2024-02-14,1185.5784994078583,1208.4916658266798,1178.3440746419103,1203.483154296875,1018616.0
2024-02-15,1210.762102227311,1210.762102227311,1183.1014049018777,1190.6474609375,1680952.0
2024-02-16,1192.346076777731,1208.5785170030388,1188.2455228905385,1207.1954345703125,1493232.0
2024-02-19,1210.7621320866594,1225.5630318977387,1204.1623392069528,1219.618408203125,955040.0
2024-02-20,1222.4086573784136,1233.4729595126537,1211.7811741625574,1232.3082275390625,1262888.0
2024-02-21,1232.308306152234,1237.9375481951197,1221.9962038789504,1234.3465576171875,1786364.0
2024-02-22,1242.30504801469,1245.192413005417,1225.320408686364,1243.8336181640625,1504742.0
2024-02-23,1244.731412889792,1253.466370173229,1238.398545164212,1251.5252685546875,1211238.0
2024-02-26,1255.892874993835,1255.892874993835,1245.580771595991,1253.9031982421875,1323894.0
2024-02-27,1254.4369555465262,1262.4197124776426,1245.5806791679097,1261.085205078125,1261744.0
2024-02-28,1262.2013193983214,1264.1424210044704,1242.4263467856797,1247.594482421875,985574.0
2024-02-29,1247.8613822975578,1264.7247021592098,1236.020710130199,1259.8719482421875,2774576.0
2024-03-01,1259.871981859957,1269.747383734782,1253.2237325113258,1262.419677734375,1511456.0
2024-03-04,1259.241016050555,1262.249818138825,1250.7486970362525,1256.426513671875,1268620.0
2024-03-05,1256.8632748975556,1259.3866832601773,1228.7173019461816,1231.9443359375,678604.0
2024-03-06,1232.599446786154,1245.5805630072286,1217.191953701327,1229.226806640625,1983280.0
2024-03-07,1227.746862121533,1245.2167779461872,1222.408832286222,1242.76611328125,1297304.0
2024-03-11,1242.7660568774877,1276.7596235718966,1236.7486890900552,1267.2967529296875,2990598.0
2024-03-12,1264.6521079533236,1269.0195869956767,1245.3624088495978,1256.9361572265625,1726470.0
2024-03-13,1259.2654437875,1287.751087616343,1238.8354194254498,1253.442138671875,3627604.0
2024-03-14,1256.8634258047975,1271.3974019563686,1249.0504436055596,1267.9034423828125,2245994.0
2024-03-15,1269.9414914930812,1276.22578451084,1254.5339968496128,1263.4873046875,2533984.0
2024-03-18,1263.4873650811962,1266.9571555984833,1241.6985449892015,1252.1805419921875,1285192.0
2024-03-19,1252.0105760850076,1254.315634316172,1197.7324732936256,1211.271728515625,3497728.0
2024-03-20,1219.9824952057395,1239.8787888825238,1212.2423753851056,1237.57373046875,1399290.0
2024-03-21,1237.9375782882,1243.2998952957482,1225.3931614747576,1239.2235107421875,1807754.0
2024-03-22,1232.6966187402984,1257.8339096104737,1231.1437610654982,1248.8077392578125,2027126.0
2024-03-26,1246.1872926041472,1260.0176422300108,1228.7901212109086,1254.9708251953125,1941704.0
2024-03-27,1254.970791533708,1257.130243424033,1238.301533725786,1245.43505859375,1801192.0
2024-03-28,1245.7261385039712,1280.496070711414,1245.7261385039712,1272.5618896484375,4365832.0
2024-04-01,1272.562020758964,1282.388847826563,1253.223748250574,1254.7281494140625,1486064.0
2024-04-02,1260.2603036639148,1276.274393005813,1253.4664475794732,1273.0230712890625,1445766.0
2024-04-03,1273.0230385391108,1273.33842017331,1235.0259492921266,1239.369140625,3850278.0
2024-04-04,1247.0607178698976,1247.157749252573,1220.0309024080325,1237.2581787109375,2782752.0
2024-04-05,1249.5841905410068,1250.0694659548092,1229.6878985751111,1231.4591064453125,1532454.0
2024-04-08,1228.232111266864,1236.117836991118,1209.7189010336406,1212.2423095703125,2436980.0
2024-04-09,1216.1002209536994,1223.9616591817746,1211.732742107497,1214.54736328125,867882.0
2024-04-10,1219.9823604638248,1229.202593100584,1210.3011398903154,1226.5821533203125,989760.0
2024-04-12,1230.0275800360407,1241.8197964050817,1221.049984790439,1230.7554931640625,2479930.0
2024-04-15,1218.0412863596166,1250.5547390233992,1218.0412863596166,1239.2235107421875,2293646.0
2024-04-16,1237.525085155901,1253.7818119916924,1233.715744131886,1235.559814453125,1537722.0
2024-04-18,1232.6481473356007,1233.88550488187,1169.8049801599257,1195.0150146484375,6077666.0
2024-04-19,1179.2193353730297,1199.285522482418,1169.5138264399184,1182.9559326171875,3702024.0
2024-04-22,1182.3735162228356,1204.4535469998268,1178.1759313883747,1193.1466064453125,2504706.0
2024-04-23,1188.439524866473,1218.0413260166792,1177.2539025400354,1213.795166015625,2248818.0
2024-04-24,1220.4920277316644,1230.56149318315,1207.486622152246,1213.2613525390625,1447036.0
2024-04-25,1222.869706731791,1250.99139214928,1199.2368187136346,1243.5909423828125,6481728.0
2024-04-26,1249.5598732731924,1253.369332570862,1199.139806371827,1204.8175048828125,2643128.0
2024-04-29,1214.1591637702245,1225.0292863514485,1208.335858428401,1217.9443359375,1243124.0
2024-04-30,1221.7779015379372,1231.4349534835674,1213.4554754730782,1216.779541015625,1625278.0
2024-05-02,1216.779550041637,1233.0848516687574,1215.6149364148907,1219.157470703125,2223826.0
2024-05-03,1220.516134622556,1224.3740501320729,1182.2521241779227,1191.8848876953125,2257460.0
2024-05-06,1200.7654290536398,1203.458731278579,1187.4446427227083,1192.5157470703125,1431992.0
2024-05-07,1198.1449858059468,1226.9461287439497,1193.5591568822151,1217.3861083984375,2146918.0
2024-05-08,1214.3774179996303,1236.4817364735131,1206.224767470651,1232.1142578125,1398140.0
2024-05-09,1232.1142645072296,1237.403719079687,1214.1590743588376,1219.7154541015625,1404310.0
2024-05-10,1219.7153718571628,1236.9669351937314,1214.8626180902202,1229.299560546875,1394832.0
2024-05-13,1229.081262807377,1233.5214853035652,1216.1244333914365,1221.07421875,680762.0
2024-05-14,1216.1487183704658,1222.3844361292618,1204.4535339264517,1207.0498046875,1113494.0
2024-05-15,1207.3651915884889,1212.7032209725216,1193.7774804291328,1196.203857421875,868812.0
2024-05-16,1198.630246869499,1203.4587134401402,1174.5120830061196,1197.82958984375,1944988.0
2024-05-17,1197.8295568537064,1197.8295568537064,1181.063268426322,1186.740966796875,1442356.0
2024-05-21,1196.6891799611426,1208.141727208207,1180.189815760543,1194.165771484375,2574902.0
2024-05-22,1199.6007335837016,1207.1225019374829,1194.6994048791285,1198.2176513671875,1574654.0
2024-05-23,1203.9682267366534,1207.122516730119,1191.6179919188637,1200.64404296875,1563326.0
2024-05-24,1202.0029624457563,1205.909453384203,1192.83130413414,1197.5384521484375,907544.0
2024-05-27,1202.0271383767958,1202.9976891546537,1191.3510798203608,1193.7288818359375,1071662.0
2024-05-28,1194.3355850079408,1197.4898753236826,1186.9837095852756,1189.749755859375,1043344.0
2024-05-29,1187.8086878473623,1211.7327910779527,1186.4984678356404,1201.6390380859375,1739200.0
2024-05-30,1196.228200568816,1200.1346914040575,1164.9279359054804,1166.9903564453125,2548428.0
2024-05-31,1177.084090945472,1177.084090945472,1137.9708452082643,1142.7750244140625,5065946.0
2024-06-03,1152.4320899257673,1159.298689721527,1140.3972358270566,1142.847900390625,2145030.0
2024-06-04,1147.1667259884423,1183.1013920465516,1129.4541743847924,1178.1273193359375,3117062.0
2024-06-05,1179.2193361001664,1249.1232879290956,1179.2193361001664,1217.9686279296875,4057558.0
2024-06-06,1221.9234512322316,1221.9234512322316,1190.2106566069383,1199.3095703125,1944280.0
2024-06-07,1201.7602805867991,1221.0742658439704,1197.1744515994335,1214.37744140625,2022404.0
2024-06-10,1218.041238995013,1244.7313856662183,1216.6097002777358,1236.5787353515625,1590348.0
2024-06-11,1242.305021011202,1249.5841519936894,1229.6878606415569,1233.5457763671875,1138822.0
2024-06-12,1234.5406281533308,1239.7573387479251,1223.3792938579193,1231.289306640625,960816.0
2024-06-13,1258.87714343647,1268.7282578448094,1235.098648611381,1238.301513671875,2162544.0
2024-06-14,1244.537378215368,1244.537378215368,1229.7364780398364,1233.812744140625,858944.0
2024-06-18,1236.9670231874952,1239.8786756547863,1229.6878920192676,1237.6221923828125,519108.0
2024-06-19,1237.4522782672468,1242.1109695285463,1221.8507214431909,1225.8299560546875,1568614.0
2024-06-20,1225.3204589026664,1238.010363987856,1213.188573170957,1232.478271484375,1314826.0
2024-06-21,1229.008500427402,1236.4816940451926,1207.6078083325988,1212.4119873046875,2543088.0
2024-06-24,1212.412079809396,1228.717381551922,1205.6667987621447,1227.7711181640625,1448402.0
2024-06-25,1230.173193340414,1231.774625926242,1215.614930697332,1220.68603515625,625460.0
2024-06-26,1224.1559144913638,1235.9965882449503,1216.803920236908,1229.809326171875,958712.0
2024-06-27,1228.329174319217,1239.393478084916,1217.0950952341948,1229.566650390625,1732622.0
2024-06-28,1229.5666686129475,1248.953399100822,1226.9219411116133,1238.2530517578125,2364066.0
2024-07-01,1242.2080302067727,1257.397174381514,1240.8492353505649,1246.23583984375,1849028.0
2024-07-02,1254.6309141551706,1255.8926775274042,1229.275275669542,1234.7589111328125,1162200.0
2024-07-03,1237.5008376154412,1246.9394203945628,1232.939177797141,1238.18017578125,631912.0
2024-07-04,1242.3050198687108,1244.731396860642,1233.5943501627662,1235.0986328125,627352.0
2024-07-05,1237.743610856123,1251.816598914036,1228.9600778160038,1249.1717529296875,1583026.0
2024-07-08,1249.1716609218763,1271.421586068248,1243.0086868524356,1263.365966796875,1448552.0
2024-07-09,1274.96406554493,1281.1756142792892,1258.6103084725607,1277.7786865234375,1665146.0
2024-07-10,1280.1079866322832,1285.955579154837,1260.7698321760984,1269.6988525390625,1069980.0
2024-07-11,1271.4216653814103,1277.0509079312944,1244.100634143964,1258.416259765625,2107598.0
2024-07-12,1264.1425164114155,1271.3489040582972,1254.8495391607971,1266.0836181640625,1451786.0
2024-07-15,1266.1078542469193,1271.1789586748123,1260.2602617593006,1264.1910400390625,695922.0
2024-07-16,1274.9601035210069,1281.9355242358886,1257.5582405728833,1276.28173828125,1514138.0
2024-07-18,1260.470676639533,1289.7918690425886,1260.470676639533,1285.9493408203125,1733594.0
2024-07-19,1289.7675014465417,1294.9806625097713,1266.0754758332716,1271.6558837890625,1077872.0
2024-07-22,1271.6558594996,1287.3933386307683,1255.7225073956324,1266.4915771484375,1490342.0
2024-07-23,1271.0440489685436,1275.890082815169,1248.233152188253,1263.677001953125,1936998.0
2024-07-24,1263.4078128461356,1263.4078128461356,1232.9117382897043,1244.0234375,2622088.0
2024-07-25,1245.687836543554,1251.488378081595,1203.908688296856,1214.2861328125,6938362.0
2024-07-26,1220.1357353700605,1220.1357353700605,1200.017105861563,1212.450439453125,3239386.0
2024-07-29,1215.7301427424466,1217.369906686956,1203.6883167402111,1209.2197265625,1605802.0
2024-07-30,1209.2443746339145,1214.1637865812568,1199.7724391533372,1203.027587890625,3429516.0
2024-07-31,1209.0729062408996,1212.4994286472502,1200.261848624569,1202.3912353515625,1644722.0
2024-08-01,1206.6253428681846,1219.98880362987,1202.391188149603,1215.9259033203125,2653524.0
2024-08-02,1213.9679508568065,1230.6110598604882,1206.6254027669463,1221.3594970703125,2310948.0
2024-08-05,1217.8839306671323,1237.9045632355842,1211.5448882896603,1229.093505859375,2651820.0
2024-08-06,1230.562092818253,1237.4641360000996,1224.247549104529,1227.9188232421875,1898862.0
2024-08-07,1232.838434429282,1237.9292204272224,1228.7755335519644,1234.9188232421875,1299940.0
2024-08-08,1232.8383309554035,1235.9956027519986,1212.988951928496,1218.4224853515625,2850012.0
2024-08-09,1226.98872149862,1229.5829927522548,1218.9607976243374,1226.05859375,540012.0
2024-08-12,1224.6390490449153,1228.6284520592503,1208.2651919843113,1210.59033203125,950040.0
2024-08-13,1211.0310159903418,1219.8420743120175,1210.7862643702952,1216.2686767578125,623692.0
2024-08-14,1217.345500986499,1219.8175161306897,1204.4716620020756,1211.32470703125,1123752.0
2024-08-16,1218.8629559456404,1240.131845873771,1209.7337691589737,1236.2158203125,1719668.0
2024-08-19,1238.4431359043515,1246.2751873567113,1224.0272901013768,1225.2999267578125,955402.0
2024-08-20,1228.9468151911728,1236.4851168734178,1223.2930291756788,1232.8138427734375,969464.0
2024-08-21,1238.3940295467908,1250.680606991908,1234.3556283696153,1249.0897216796875,1249546.0
2024-08-22,1255.575823752098,1255.60032281588,1245.7857588495474,1248.7227783203125,1269810.0
2024-08-23,1248.6982086514026,1248.8940816429554,1233.5481079728636,1238.051513671875,1023074.0
2024-08-26,1238.0515392021225,1245.7857140988383,1227.649595616818,1233.327880859375,1266798.0
2024-08-27,1237.7822116178072,1239.8137215904635,1229.3872795900877,1234.2578125,782130.0
2024-08-28,1233.0586274938096,1233.0586274938096,1218.863033925997,1220.0867919921875,1130322.0
2024-08-29,1223.2194647842502,1233.2787791670526,1219.1810634961455,1225.9852294921875,1799588.0
2024-08-30,1225.9852581237371,1232.226423896564,1219.7440923509105,1224.1251220703125,3808974.0
2024-09-02,1223.7579701475115,1231.5900211564556,1222.3139596442604,1228.60400390625,1751182.0
2024-09-03,1224.7369641495543,1252.638645587014,1224.7369641495543,1238.8101806640625,1975054.0
2024-09-04,1236.0201531238888,1244.0479582818682,1230.4642436679317,1240.768310546875,1005886.0
2024-09-05,1240.7683357057992,1240.8907115156137,1219.9154499104152,1226.1566162109375,2238592.0
2024-09-06,1227.967729706687,1233.180890789982,1217.9084154188452,1225.3243408203125,1673400.0
2024-09-09,1221.3838366142295,1233.5480386876677,1218.2510640015605,1231.9571533203125,1167196.0
2024-09-10,1237.953483387461,1247.2050452467442,1230.610936036408,1241.13525390625,3044078.0
2024-09-11,1246.7645640406192,1253.9113580686303,1233.2787279132165,1236.901123046875,1959876.0
2024-09-12,1238.394133052719,1243.338163316198,1217.8839961931892,1237.3907470703125,3109758.0
2024-09-13,1238.4430392528836,1253.6176377575632,1237.5864086921356,1239.1282958984375,1465434.0
2024-09-16,1238.4430434000735,1250.9743725908822,1223.7579480237882,1248.037353515625,788794.0
2024-09-17,1248.796052352936,1265.5126584911256,1242.7017613584549,1246.6912841796875,1390374.0
2024-09-18,1248.2087044774848,1273.246865735416,1246.275190671565,1271.313232421875,2354058.0
2024-09-19,1274.1768644639517,1310.4001022550897,1271.3132228625498,1289.4493408203125,5068578.0
2024-09-20,1294.2464285090912,1323.738995573264,1287.9562647429814,1321.4383544921875,4645516.0
2024-09-23,1324.1795404421705,1336.2703651500358,1316.7636147273292,1333.9696044921875,2144494.0
2024-09-24,1333.896201432864,1354.357458809577,1308.931538580359,1319.8963623046875,3080066.0
2024-09-25,1314.438535437793,1323.9104706482426,1301.6135748393754,1320.361572265625,1437914.0
2024-09-26,1325.550269014064,1352.22819547648,1325.550269014064,1348.826171875,2317212.0
2024-09-27,1346.1338183542855,1359.8399081411658,1336.8332574274743,1344.0289306640625,2194334.0
2024-09-30,1331.4486076691533,1341.238670960838,1314.2181201773094,1316.739013671875,1766384.0
2024-10-01,1316.763565945655,1326.5536296329833,1308.393013689944,1325.109619140625,1105518.0
2024-10-03,1314.316188361534,1319.2112207204225,1297.354949041036,1309.3477783203125,1624730.0
2024-10-04,1303.5470657737787,1311.0609879514525,1267.9602058293572,1271.802734375,2066068.0
2024-10-07,1275.1313144611408,1282.4983613928018,1256.50569412794,1259.9078369140625,2205716.0
2024-10-08,1258.3169893988038,1269.7713166184517,1249.01642848294,1263.77490234375,2404340.0
2024-10-09,1262.428790409349,1262.918293623932,1208.5589377429746,1231.590087890625,4733190.0
2024-10-10,1237.953596809638,1239.275231552395,1226.6950231731723,1229.852294921875,2060004.0
2024-10-11,1233.5480820848236,1234.527088499177,1221.8490032363525,1229.5341796875,1256928.0
2024-10-14,1233.4011580686918,1233.4011580686918,1220.4048245345502,1224.761474609375,1340768.0
2024-10-15,1224.761520814497,1224.761520814497,1210.051925568582,1216.04833984375,1590308.0
2024-10-16,1218.863011155955,1220.356019870341,1190.2025738796592,1205.279296875,2473286.0
2024-10-17,1211.495908086113,1211.495908086113,1157.6750557186044,1164.3812255859375,5255508.0
2024-10-18,1165.0175534018988,1166.804192182853,1138.633380142606,1150.454833984375,3278370.0
2024-10-21,1155.227654804541,1162.0807002143988,1142.0110672283877,1152.6087646484375,1497408.0
2024-10-22,1152.5352224725927,1167.46506927039,1145.4619255141747,1150.454833984375,1934262.0
2024-10-23,1150.3570339973,1162.5211169706631,1135.6964368684762,1139.1473388671875,1414522.0
2024-10-24,1144.947962152878,1145.4374653431958,1084.7390697438127,1105.6163330078125,5910994.0
2024-10-25,1110.6827735550569,1119.249079653432,1104.8087350875994,1106.619873046875,2683018.0
2024-10-28,1111.6372799212452,1135.1579328320752,1104.3437299669845,1112.17578125,1751130.0
2024-10-29,1116.067324412879,1118.9064669466816,1106.6443875729897,1109.8995361328125,1859662.0
2024-10-30,1115.4554845970897,1124.5112943458755,1106.3751757852956,1114.2562255859375,1787546.0
2024-10-31,1119.4938900919976,1119.4938900919976,1106.277302845612,1107.7213134765625,1319530.0
2024-11-01,1122.3817771617275,1122.4062762218907,1110.3645698750229,1117.193115234375,243228.0
2024-11-04,1117.535836892495,1119.4938497473215,1092.0326716553252,1099.5220947265625,1926320.0
2024-11-05,1104.3192905575108,1110.144331210859,1094.6761007959228,1107.4765625,1451860.0
2024-11-06,1110.193180284476,1115.9203434241042,1105.3226476851903,1113.9134521484375,1613946.0
2024-11-07,1112.6407729553243,1118.4414336750103,1097.3192989026784,1107.67236328125,1783914.0
2024-11-08,1111.1721967563055,1124.878285526868,1105.6897851496026,1123.7279052734375,1669990.0
2024-11-11,1116.067421182821,1123.3365923212086,1103.4382133047525,1115.6024169921875,1547190.0
2024-11-12,1121.1825991359071,1121.1825991359071,1096.976689395919,1104.4171142578125,2210678.0
2024-11-13,1097.099128793969,1102.336789522938,1087.676191491444,1094.162109375,1526776.0
2024-11-14,1096.0222274971072,1098.9102487417404,1066.3337849888117,1068.4876708984375,2318476.0
2024-11-18,1072.3545867128148,1086.183051472871,1061.5855168111782,1083.368408203125,1383330.0
2024-11-19,1089.144653781531,1098.27384094164,1078.8160881381273,1083.83349609375,1612040.0
2024-11-21,1079.6237591416525,1101.3821515224286,1070.5434512798006,1082.389404296875,1655768.0
2024-11-22,1083.8580636951249,1102.7774358628988,1078.9630312337545,1100.0606689453125,1543916.0
2024-11-25,1105.5675547364558,1117.854014223998,1099.5466410475583,1104.7843017578125,4059604.0
2024-11-26,1111.172308261367,1119.9588671498393,1101.6269954811487,1108.84716796875,634244.0
2024-11-27,1114.4029679996192,1114.5008447323935,1101.602388360791,1113.105712890625,874722.0
2024-11-28,1113.1548575474606,1120.7176586409132,1090.6132096317776,1094.651611328125,2492756.0
2024-11-29,1090.1236344282818,1107.7457497580608,1090.1236344282818,1093.8682861328125,2698320.0
2024-12-02,1097.8578138828086,1104.8087355037276,1088.2146246299578,1102.287841796875,936544.0
2024-12-03,1107.256249863044,1109.6303882106697,1101.382211402232,1107.109375,1532464.0
2024-12-04,1106.7667036766748,1113.619748281484,1097.196892487722,1105.2003173828125,1937738.0
2024-12-05,1105.2003317417832,1114.5987691346763,1087.1865903592957,1108.969482421875,2375568.0
2024-12-06,1109.434459817179,1121.916790923017,1103.878670421697,1110.0953369140625,1291202.0
2024-12-09,1111.1721821987717,1114.402950883979,1083.5886311063448,1091.0291748046875,1939702.0
2024-12-10,1091.1026422025875,1096.4871774489886,1081.8020813224398,1083.9803466796875,1830596.0
2024-12-11,1089.1445488842826,1103.3401407573813,1088.165542548207,1097.0010986328125,1469722.0
2024-12-12,1101.3577734112102,1103.3402854031892,1084.2986574732383,1088.6796875,1931220.0
2024-12-13,1089.1446178123958,1105.2248457031449,1080.9454392288644,1103.095458984375,1109322.0
2024-12-16,1103.0954160450692,1105.0534287649184,1090.882335606532,1095.875244140625,1331372.0
2024-12-17,1089.63402378048,1093.525549963889,1076.9069417417145,1078.3509521484375,2997812.0
2024-12-18,1078.3510449563855,1083.7355801285123,1067.3617220747951,1071.0574951171875,1932332.0
2024-12-19,1069.5644085917977,1074.0923128386964,1051.1590419040626,1057.5225830078125,3107980.0
2024-12-20,1057.326899952334,1064.6694478686695,1050.1801055107212,1059.0401611328125,3303524.0
2024-12-23,1062.2218985824732,1067.1169303731756,1051.3059537876838,1053.215087890625,877434.0
2024-12-24,1053.2640193285065,1064.6694678743854,1053.2640193285065,1060.6065673828125,645132.0
2024-12-26,1056.4458352352676,1065.1590165330645,1050.6696732845287,1052.3829345703125,1047852.0
2024-12-27,1056.8373465017748,1061.7568772733027,1052.921321132616,1060.068115234375,925334.0
2024-12-30,1064.1798744199978,1065.648383906318,1051.94229536733,1057.27783203125,2470980.0
2024-12-31,1054.8794127822107,1064.4492243959814,1051.330514525751,1062.2464599609375,1271114.0
2025-01-01,1062.221985812889,1066.7498905911236,1056.005318829702,1061.8548583984375,908580.0
2025-01-02,1061.7325276944046,1080.7007782468058,1058.868885936991,1077.0050048828125,1258328.0
2025-01-03,1077.0049636661877,1095.4837102713514,1075.9525795433797,1092.913818359375,2022900.0
2025-01-06,1098.200389284182,1098.8856459362282,1062.2219053918764,1069.564453125,2276932.0
2025-01-07,1072.1099198655272,1084.8860016071749,1067.0680128388087,1083.0992431640625,1191638.0
2025-01-08,1088.165578963807,1089.120086271902,1074.2392372686047,1086.6480712890625,899000.0
2025-01-09,1084.4697518322612,1112.0533026990604,1078.8894636117582,1104.3436279296875,2294636.0
2025-01-10,1112.1756992144606,1115.0882191689768,1097.0989777052105,1100.3541259765625,1619708.0
2025-01-13,1098.934715260035,1106.840144361864,1087.4558887950343,1095.1900634765625,1609062.0
2025-01-14,1101.9695351006767,1104.6129239776908,1076.5398687969025,1086.2320556640625,1405098.0
2025-01-15,1086.2320288670226,1086.7460310949516,1063.29875764286,1076.735595703125,1447250.0
2025-01-16,1079.40351020952,1085.840429224599,1055.613607854321,1061.8792724609375,2651618.0
2025-01-17,1067.4351711208,1089.8055643467928,1063.4702666607984,1085.3265380859375,911802.0
2025-01-20,1086.3054023278708,1089.1445445928257,1078.057345683497,1083.760009765625,802216.0
2025-01-21,1089.1446521981104,1096.4872004151764,1072.7707935755775,1075.1693115234375,1528828.0
2025-01-22,1075.1693104448414,1083.2461134755113,1074.0434291511633,1080.7252197265625,896072.0
2025-01-23,1074.043427082148,1081.6063473296665,1059.774456225167,1076.39306640625,992014.0
2025-01-24,1077.886026827052,1088.043218042611,1072.0609866558736,1080.7740478515625,1327200.0
2025-01-27,1068.120394039365,1092.5220548575987,1061.5366004397506,1064.5469970703125,1099972.0
2025-01-28,1064.5470569778442,1068.0225774120163,1048.8095773033233,1055.5157470703125,1442066.0
2025-01-29,1055.5157645571574,1069.515484246527,1043.2536856060474,1067.4595947265625,794290.0
2025-01-30,1071.5225601738598,1092.9138272177886,1067.4596595023747,1085.4000244140625,1149120.0
2025-01-31,1085.3999177563644,1168.4440839644503,1081.557270012339,1132.3187255859375,6279774.0
2025-02-01,1132.2209531450785,1162.08064970446,1104.9311485026926,1139.171875,2493130.0
2025-02-03,1139.1718158572671,1162.0805893723657,1131.584516305763,1134.2279052734375,2281742.0
2025-02-04,1136.8222095578803,1137.0180825468756,1117.8784591914623,1125.588134765625,2487034.0
2025-02-05,1117.9275218256323,1124.829445795253,1089.2670832628162,1100.8682861328125,2950590.0
2025-02-06,1110.6827386812754,1110.6827386812754,1090.1236046907009,1096.2178955078125,1973914.0
2025-02-07,1107.646452768869,1109.629705146253,1094.5322206330422,1103.2337646484375,1585116.0
2025-02-10,1108.1422765308982,1116.81900576548,1093.862835066648,1101.2257080078125,1520362.0
2025-02-11,1101.2256655916758,1106.704424335538,1079.8560734234973,1088.5576171875,953674.0
2025-02-12,1097.73015625,1097.73015625,1076.7572388112103,1087.68994140625,1006516.0
2025-02-13,1087.689984900628,1095.8460861618255,1077.2282801023928,1079.6578369140625,1022294.0
2025-02-14,1079.6577975896296,1103.1841040483637,1075.9391994860955,1088.731201171875,1921722.0
2025-02-17,1088.7312345560697,1100.7050723973607,1075.9144176136365,1098.9697265625,1603030.0
2025-02-18,1098.9697705688816,1105.4153410707518,1090.7640392972603,1101.89501953125,906118.0
2025-02-19,1093.763669943171,1102.6883055093438,1089.5740735675631,1093.2430419921875,852958.0
2025-02-20,1093.243132277241,1098.2012635568024,1084.2441724240882,1094.1356201171875,1316934.0
2025-02-21,1099.1927980481278,1099.7630557265463,1085.4836146238838,1098.201171875,1188490.0
2025-02-24,1090.292968762885,1109.5553554433584,1088.83034437867,1100.9033203125,968084.0
2025-02-25,1101.91975854546,1118.7525884493311,1097.6558386742986,1115.7777099609375,1285668.0
2025-02-27,1120.636765400028,1131.3463769798684,1115.5794958949289,1129.5614013671875,1502006.0
2025-02-28,1121.0334175474416,1125.4957354412616,1083.3516219996286,1085.6571044921875,3687132.0
2025-03-03,1084.963060864076,1090.788865029575,1066.394883712175,1083.6243896484375,1043550.0
2025-03-04,1070.956294221698,1072.9891763475705,1050.1321440562765,1064.2628173828125,2085044.0
2025-03-05,1046.1656514698666,1095.424731867092,1046.1656514698666,1089.3013916015625,1693328.0
2025-03-06,1084.3432671388953,1098.9201240940788,1076.0632124453557,1091.3837890625,2514922.0
2025-03-07,1091.2846072574591,1113.596196229102,1086.4504296469363,1109.852783203125,1051212.0
2025-03-10,1110.224676472697,1127.4789966736328,1068.5268671225667,1114.7861328125,1013160.0
2025-03-11,1111.018013364375,1126.7104494849111,1107.5225068165057,1116.2735595703125,957110.0
2025-03-12,1115.0836169686577,1117.612312096014,1086.6486884101705,1088.5576171875,717178.0
2025-03-13,1091.83006087605,1096.6146088058367,1082.905425199095,1086.7974853515625,584340.0
2025-03-17,1078.6662405875877,1092.4498693180497,1068.9730700332736,1078.0712890625,820010.0
2025-03-18,1078.0712890625,1078.0712890625,1078.0712890625,1078.0712890625,0.0
2025-03-19,1094.011629963969,1097.4326920123162,1080.9469060633917,1082.8558349609375,845086.0
2025-03-20,1092.7720885691242,1105.043462975697,1081.442710647242,1101.4736328125,953748.0
2025-03-21,1111.0675854715148,1127.9748614848909,1106.6300822040896,1124.9256591796875,1585274.0
2025-03-24,1127.0327686497678,1134.7178714448817,1120.5623836997424,1122.2977294921875,861902.0
2025-03-25,1120.537642057605,1130.4539043766983,1105.76238699253,1117.9842529296875,1484284.0
2025-03-26,1118.0089451395818,1125.4214480509463,1110.6710078725016,1112.3319091796875,1066938.0
2025-03-27,1110.720514701896,1124.504143492246,1103.308132851023,1111.6378173828125,1731172.0
2025-03-28,1112.1335574247885,1134.395516380037,1112.1335574247885,1115.9512939453125,1432302.0
2025-04-01,1121.4796216827262,1134.3460686866365,1099.7631043691986,1107.646484375,2040110.0
2025-04-02,1105.663211164362,1105.663211164362,1065.006537031861,1096.093994140625,2601704.0
2025-04-03,1089.8219771727197,1115.1084445420324,1088.3097230517944,1113.422607421875,635716.0
2025-04-04,1107.6464257785055,1131.8421284026278,1099.341556650578,1121.603515625,1183470.0
2025-04-07,1070.956253994831,1119.2237058059277,1070.956253994831,1115.0836181640625,1474570.0
2025-04-08,1118.0585567354983,1131.9165088721077,1106.2829954395036,1128.173095703125,1747016.0
2025-04-09,1132.0404709496268,1171.4081045962143,1126.586526728029,1162.607421875,3706748.0
2025-04-11,1163.0287469381517,1176.068655481316,1151.302815719063,1170.81298828125,2236634.0
2025-04-15,1180.7292433120574,1180.7292433120574,1162.9792315404984,1174.0357666015625,1561748.0
2025-04-16,1163.6733469596436,1185.0429400120236,1163.6733469596436,1181.67138671875,1354424.0
2025-04-17,1176.0686937699186,1201.4543007242992,1169.424846532963,1198.1820068359375,1815842.0
2025-04-21,1190.4472800612784,1200.363542285862,1185.241242393372,1189.6539306640625,953130.0
2025-04-22,1192.4305284899517,1199.8677251333404,1184.9933318465633,1193.5709228515625,975908.0
2025-04-23,1199.5207043229886,1210.7260081958134,1189.95148690616,1206.5115966796875,1165112.0
2025-04-24,1207.304841262937,1246.9698873824586,1179.539308979272,1206.412353515625,4674476.0
2025-04-25,1203.2887444740402,1207.404017346985,1183.654618661041,1196.6448974609375,2256568.0
2025-04-28,1189.951391053616,1199.0743032991145,1183.0100079391366,1192.92626953125,1961052.0
2025-04-29,1192.9263265911322,1192.9263265911322,1169.7222491460695,1183.7537841796875,1952120.0
2025-04-30,1177.5561213187357,1193.1246043560802,1172.2509453186292,1184.100830078125,2040862.0
2025-05-02,1177.556063713603,1182.415056101918,1153.7570358996018,1156.136962890625,1265148.0
2025-05-05,1164.615357880066,1166.1524269300476,1152.1208918011544,1154.35205078125,1827594.0
2025-05-06,1158.7151896806374,1177.1594123927596,1155.2444980555777,1168.383544921875,1742026.0
2025-05-07,1155.7403332461204,1168.1356607155126,1153.9058489902743,1159.4093017578125,1353304.0
2025-05-08,1154.252880545485,1165.210398320426,1147.8569400648023,1160.5496826171875,2693092.0
2025-05-09,1141.3617668877937,1164.6649828060067,1136.2548677003483,1152.9637451171875,1816458.0
2025-05-12,1170.019796926772,1184.497515476424,1163.1775518240647,1181.9193115234375,801500.0
2025-05-13,1180.0351398936525,1184.894132326367,1161.1942427020729,1175.1761474609375,2333552.0
2025-05-14,1172.597926359835,1179.6384478391376,1166.796937572244,1175.2752685546875,1203066.0
2025-05-15,1175.0770034017407,1197.338962346519,1160.9463305760237,1189.0093994140625,1928224.0
2025-05-16,1197.190315278282,1197.190315278282,1178.3989268563382,1194.3145751953125,1369102.0
2025-05-19,1191.934733601498,1200.9089994409587,1188.067367078191,1193.81884765625,845862.0
2025-05-20,1199.7686126223807,1199.7686126223807,1167.292853245145,1169.375244140625,1555350.0
2025-05-21,1169.3751955849384,1188.9598130221252,1169.3751955849384,1186.282470703125,1350296.0
2025-05-22,1182.5142616087232,1182.5142616087232,1160.2026717670492,1170.9617919921875,2161612.0
2025-05-23,1168.1356286975265,1201.8509184901543,1166.2020060845489,1197.091064453125,1154460.0
2025-05-26,1197.0910947080445,1222.1296561427396,1192.6287768285938,1216.725341796875,1248708.0
2025-05-27,1214.7916778697358,1230.6080667303845,1205.916551093214,1220.1463623046875,1584098.0
2025-05-28,1215.7834110834374,1218.0640788274077,1197.8845088685923,1199.3719482421875,1447242.0
2025-05-29,1200.561824876278,1209.6848587955783,1193.1742579027368,1207.304931640625,1862596.0
2025-05-30,1207.3049562218823,1218.2128449433944,1185.2412722170063,1188.0673828125,2134920.0
2025-06-02,1189.951426537902,1197.7852976389,1185.4891086883847,1193.0750732421875,2052718.0
2025-06-03,1197.735660256012,1203.040836122467,1181.026783291445,1185.6873779296875,1468888.0
2025-06-04,1184.199966407394,1191.8355608200256,1182.4646205474487,1188.7119140625,1174082.0
2025-06-05,1192.4305536704207,1194.413806150538,1180.2831322297034,1190.5960693359375,1467916.0
2025-06-06,1191.885031848096,1201.305480504479,1184.9932783555676,1198.4793701171875,1004606.0
2025-06-09,1202.3467161706849,1203.4871104616243,1190.4472022786863,1197.537353515625,678874.0
2025-06-10,1197.5373793483952,1209.238495632403,1194.3641029465407,1205.5198974609375,1351562.0
2025-06-11,1211.0235391803224,1214.74213756061,1193.9179866309996,1199.4710693359375,1751374.0
2025-06-12,1203.3383812871375,1203.8838241107592,1173.2425506372108,1182.811767578125,2717158.0
2025-06-13,1171.110550258321,1180.0351861197307,1163.574215296088,1178.4486083984375,829756.0
2025-06-16,1175.1266712244417,1187.4723689373611,1172.6476057360549,1184.8941650390625,532308.0
2025-06-17,1180.0848616423696,1183.4562940379,1166.6482775992604,1171.110595703125,1531068.0
2025-06-18,1172.0525755761396,1172.1518350377612,1152.9637706250746,1160.599365234375,1308554.0
2025-06-19,1160.5993464822116,1160.5993464822116,1145.3282785584745,1149.740966796875,1474774.0
2025-06-20,1159.260603891941,1188.959758788556,1149.740895973908,1170.317138671875,22941194.0
2025-06-23,1176.5644831444558,1189.4059939807669,1165.6069652445958,1169.6727294921875,1297744.0
2025-06-24,1177.5560851105283,1181.8201260905964,1168.9784944704156,1172.99462890625,1100860.0
2025-06-25,1176.068639016484,1204.2803551672364,1176.068639016484,1192.1329345703125,2300288.0
2025-06-26,1199.8676766595568,1211.5689139916822,1191.5379925458503,1205.5198974609375,3115098.0
2025-06-27,1214.246301125974,1221.5347296017526,1202.8922293754456,1219.0556640625,2375672.0
2025-06-30,1223.666674027956,1227.434901832377,1211.2713471030372,1222.3280029296875,1658010.0
2025-07-01,1224.6583854769713,1225.3524754138627,1192.5296716402586,1194.959228515625,1077220.0
2025-07-02,1195.157503981087,1196.8432201391188,1180.0352040966552,1184.001708984375,1475052.0
2025-07-03,1189.9018017811943,1194.4633791071449,1182.5142350631502,1184.199951171875,1263638.0
2025-07-04,1192.449951171875,1198.5,1183.550048828125,1196.4000244140625,790114.0
2025-07-07,1199.699951171875,1213.0,1194.0,1211.050048828125,868414.0
2025-07-08,1211.050048828125,1217.8499755859375,1203.5,1208.949951171875,711576.0
2025-07-09,1210.0,1218.25,1207.25,1213.9000244140625,790360.0
2025-07-10,1212.5,1218.449951171875,1198.800048828125,1200.699951171875,569850.0
2025-07-11,1202.0,1214.3499755859375,1198.550048828125,1201.75,741064.0
2025-07-14,1202.6500244140625,1207.3499755859375,1188.5,1196.449951171875,942914.0
2025-07-15,1196.449951171875,1210.0,1190.050048828125,1208.1500244140625,1064608.0
2025-07-16,1208.0,1245.0,1203.699951171875,1230.0,2810630.0
2025-07-17,1229.0,1235.0,1223.050048828125,1224.550048828125,546708.0
2025-07-18,1229.5,1238.449951171875,1215.5,1236.0999755859375,899652.0
2025-07-21,1236.449951171875,1239.199951171875,1222.5,1236.300048828125,957974.0
2025-07-22,1236.4000244140625,1238.75,1219.0,1221.75,774548.0
2025-07-23,1230.0,1234.5,1216.800048828125,1226.25,720228.0
2025-07-24,1226.4000244140625,1237.5,1155.0,1161.050048828125,5372012.0
2025-07-25,1157.449951171875,1157.449951171875,1133.0,1137.300048828125,3178714.0
2025-07-28,1137.3499755859375,1149.949951171875,1111.050048828125,1114.6500244140625,1879938.0
2025-07-29,1115.0,1129.050048828125,1109.949951171875,1111.8499755859375,1801922.0
2025-07-30,1115.0,1119.75,1110.8499755859375,1115.75,929698.0
2025-07-31,1112.5,1132.949951171875,1110.5,1123.8499755859375,1346218.0
2025-08-01,1123.8499755859375,1143.8499755859375,1121.550048828125,1138.25,1410024.0
2025-08-04,1143.0,1143.300048828125,1129.0,1138.699951171875,812794.0
2025-08-05,1139.8499755859375,1141.199951171875,1125.050048828125,1133.6500244140625,1135934.0
2025-08-06,1135.0,1136.199951171875,1113.050048828125,1116.6500244140625,1127544.0
2025-08-07,1118.0,1123.199951171875,1107.5,1117.300048828125,1014230.0
2025-08-08,1122.0,1126.4000244140625,1093.4000244140625,1096.5,1242852.0
2025-08-11,1097.0,1108.9000244140625,1087.0,1105.0,1038967.0
2025-08-12,1108.0,1109.5999755859375,1089.0,1091.0999755859375,758197.0
2025-08-13,1091.0999755859375,1100.800048828125,1086.5999755859375,1096.9000244140625,813725.0
2025-08-14,1099.9000244140625,1103.0,1084.699951171875,1089.4000244140625,941698.0
2025-08-18,1120.5,1169.9000244140625,1120.5,1144.0999755859375,3478231.0
2025-08-19,1149.5999755859375,1168.0,1130.199951171875,1161.4000244140625,1851158.0
2025-08-20,1165.0,1192.800048828125,1156.699951171875,1190.300048828125,1652532.0
2025-08-21,1190.0,1190.300048828125,1168.800048828125,1179.4000244140625,991563.0
2025-08-22,1175.0,1191.0,1158.0,1162.9000244140625,921658.0
2025-08-25,1162.9000244140625,1166.800048828125,1148.800048828125,1153.0,931240.0
2025-08-26,1149.0,1179.0,1149.0,1159.199951171875,3619268.0
2025-08-28,1165.5999755859375,1168.199951171875,1155.0,1162.4000244140625,1065825.0
2025-08-29,1160.300048828125,1184.4000244140625,1150.0,1156.199951171875,1592996.0
2025-09-01,1157.9000244140625,1176.0,1156.199951171875,1174.4000244140625,643796.0
2025-09-02,1174.4000244140625,1202.5,1172.4000244140625,1200.9000244140625,1773418.0
2025-09-03,1206.5,1206.5,1191.300048828125,1194.800048828125,827752.0
2025-09-04,1230.0,1238.199951171875,1208.0,1212.5999755859375,3346052.0
2025-09-05,1212.0,1216.4000244140625,1191.0,1208.5,1434310.0
2025-09-08,1208.5,1211.0,1185.199951171875,1187.699951171875,1112747.0
2025-09-09,1195.199951171875,1204.0,1187.9000244140625,1202.199951171875,1295603.0
2025-09-10,1208.199951171875,1219.199951171875,1201.699951171875,1217.5,1015587.0
2025-09-11,1212.0999755859375,1224.9000244140625,1212.0999755859375,1220.800048828125,783258.0
2025-09-12,1220.199951171875,1223.0,1209.5,1217.5999755859375,632629.0
2025-09-15,1212.199951171875,1220.0,1209.5999755859375,1212.5,523032.0
2025-09-16,1212.0,1215.0,1201.199951171875,1204.199951171875,1137113.0
2025-09-17,1207.0,1212.5999755859375,1195.5999755859375,1204.300048828125,1005650.0
2025-09-18,1205.0999755859375,1213.300048828125,1200.0,1209.0999755859375,1345150.0
2025-09-19,1212.0,1212.0,1191.0,1194.5,2395343.0
2025-09-22,1198.9000244140625,1201.199951171875,1184.0,1188.300048828125,1107199.0
2025-09-23,1189.800048828125,1194.5,1165.0,1168.4000244140625,2113069.0
2025-09-24,1167.9000244140625,1185.199951171875,1161.4000244140625,1178.5999755859375,1395163.0
2025-09-25,1184.5,1192.4000244140625,1171.5999755859375,1173.5,1273921.0
2025-09-26,1170.0,1179.0,1160.199951171875,1162.5999755859375,1010457.0
2025-09-29,1160.0,1162.0999755859375,1149.199951171875,1152.5,2130355.0
2025-09-30,1155.5999755859375,1159.5999755859375,1146.4000244140625,1152.9000244140625,1409292.0
2025-10-01,1157.9000244140625,1169.199951171875,1145.0,1167.0,727798.0
2025-10-03,1160.0,1171.300048828125,1154.4000244140625,1169.9000244140625,1159959.0
2025-10-06,1163.5,1183.699951171875,1163.5,1181.699951171875,639962.0
2025-10-07,1181.699951171875,1192.199951171875,1175.0,1176.800048828125,922438.0
2025-10-08,1170.0,1182.5,1158.5999755859375,1180.5,893562.0
2025-10-09,1175.0999755859375,1189.0999755859375,1172.9000244140625,1187.800048828125,922094.0
2025-10-10,1186.4000244140625,1202.0,1184.4000244140625,1199.5,1110597.0
2025-10-13,1199.0,1200.800048828125,1182.0,1188.0999755859375,1062392.0
2025-10-14,1190.0999755859375,1194.300048828125,1171.0,1175.5,1293175.0
2025-10-15,1175.5,1225.0,1175.5,1221.4000244140625,2282778.0
2025-10-16,1221.4000244140625,1286.5,1216.5,1276.5999755859375,6925715.0
2025-10-17,1263.9000244140625,1311.5999755859375,1261.300048828125,1289.5,3171742.0
2025-10-20,1289.5,1305.5999755859375,1280.800048828125,1285.4000244140625,1246598.0
2025-10-21,1280.0,1292.0,1277.300048828125,1287.300048828125,245138.0
2025-10-23,1287.0,1303.800048828125,1270.800048828125,1272.800048828125,1751421.0
2025-10-24,1274.4000244140625,1284.5,1259.4000244140625,1282.0,1433264.0
2025-10-27,1282.0,1292.199951171875,1275.800048828125,1283.0,1107938.0
2025-10-28,1283.800048828125,1288.9000244140625,1263.699951171875,1271.0,1343780.0
2025-10-29,1275.0,1281.0,1266.5,1273.0,836921.0
2025-10-30,1278.0,1281.4000244140625,1267.699951171875,1279.9000244140625,728510.0
2025-10-31,1279.9000244140625,1284.0,1269.5999755859375,1271.5999755859375,943029.0
2025-11-03,1269.5999755859375,1269.9000244140625,1255.5,1266.699951171875,847047.0
2025-11-04,1266.0,1269.0,1250.699951171875,1266.5,770666.0
2025-11-06,1265.0,1278.9000244140625,1260.0999755859375,1266.0999755859375,1171205.0
2025-11-07,1264.0,1270.9000244140625,1256.4000244140625,1262.699951171875,596671.0
2025-11-10,1263.0999755859375,1273.199951171875,1260.199951171875,1262.9000244140625,737956.0
2025-11-11,1268.0,1270.199951171875,1255.0,1268.0999755859375,729908.0
2025-11-12,1270.0,1286.9000244140625,1261.5999755859375,1278.199951171875,824737.0
2025-11-13,1280.0,1289.300048828125,1270.300048828125,1275.199951171875,691325.0
2025-11-14,1275.199951171875,1279.0,1262.4000244140625,1269.699951171875,675047.0
2025-11-17,1272.0,1278.0,1264.0999755859375,1270.300048828125,774793.0
2025-11-18,1262.0999755859375,1269.9000244140625,1252.5999755859375,1265.0999755859375,810383.0
2025-11-19,1267.9000244140625,1280.0,1263.0,1279.0,726230.0
2025-11-20,1288.0,1288.5999755859375,1275.199951171875,1279.199951171875,796772.0
2025-11-21,1275.0,1288.9000244140625,1273.0,1280.699951171875,673196.0
2025-11-24,1285.0,1285.800048828125,1259.5,1269.199951171875,2635912.0
2025-11-25,1267.4000244140625,1270.9000244140625,1250.800048828125,1263.199951171875,1065969.0
2025-11-26,1257.0999755859375,1282.699951171875,1257.0999755859375,1276.800048828125,810801.0
2025-11-27,1276.0,1279.5,1260.5,1266.4000244140625,708587.0
2025-11-28,1266.300048828125,1269.699951171875,1258.199951171875,1261.0999755859375,626747.0
2025-12-01,1260.5999755859375,1264.0,1251.5999755859375,1260.5999755859375,644551.0
2025-12-02,1251.0,1261.800048828125,1251.0,1258.9000244140625,911542.0
2025-12-03,1257.0,1258.0,1236.0999755859375,1241.9000244140625,642959.0
2025-12-04,1241.9000244140625,1245.0,1233.199951171875,1242.4000244140625,664612.0
2025-12-05,1237.5,1249.0,1234.199951171875,1246.9000244140625,911638.0
2025-12-08,1246.9000244140625,1248.0,1212.800048828125,1214.800048828125,1534805.0
2025-12-09,1214.9000244140625,1221.5,1207.300048828125,1215.800048828125,810008.0
2025-12-10,1215.800048828125,1221.800048828125,1205.0,1209.300048828125,514845.0
2025-12-11,1209.4000244140625,1220.4000244140625,1205.800048828125,1215.0,339615.0
2025-12-12,1219.0,1240.0,1215.4000244140625,1238.300048828125,841664.0
2025-12-15,1238.0,1248.0,1225.5,1243.5,857784.0
2025-12-16,1236.5,1264.0,1234.4000244140625,1240.5999755859375,1086301.0
2025-12-17,1237.0,1241.4000244140625,1224.300048828125,1234.5999755859375,526207.0
2025-12-18,1234.699951171875,1243.9000244140625,1227.5,1233.5,707422.0
2025-12-19,1230.800048828125,1246.199951171875,1229.699951171875,1244.4000244140625,754432.0
2025-12-22,1246.0,1259.9000244140625,1240.0,1257.199951171875,880354.0
2025-12-23,1260.0,1261.5,1251.0999755859375,1256.5,663211.0
2025-12-24,1251.0999755859375,1264.0999755859375,1247.9000244140625,1259.699951171875,598951.0
2025-12-26,1264.0,1277.0,1251.4000244140625,1272.5999755859375,1433002.0
2025-12-29,1275.0,1286.5,1270.800048828125,1280.0,886970.0
2025-12-30,1284.0,1289.0,1267.699951171875,1274.0999755859375,2043248.0
2025-12-31,1274.199951171875,1294.300048828125,1270.4000244140625,1288.0,738620.0
2026-01-01,1293.0,1299.0,1284.0,1295.0,932252.0
2026-01-02,1292.0,1299.0,1277.5999755859375,1279.699951171875,736384.0
2026-01-05,1279.0,1320.0,1278.5,1314.5999755859375,2396772.0
2026-01-06,1319.0,1323.5,1298.4000244140625,1319.9000244140625,866044.0
2026-01-07,1312.5,1332.699951171875,1304.199951171875,1314.800048828125,676664.0
2026-01-08,1309.0999755859375,1315.0999755859375,1299.0,1306.9000244140625,555814.0
2026-01-09,1306.9000244140625,1310.800048828125,1290.0999755859375,1299.0999755859375,1194476.0
2026-01-12,1293.0,1318.0,1291.5999755859375,1312.4000244140625,1032487.0
2026-01-13,1312.4000244140625,1321.9000244140625,1309.0,1318.699951171875,1315330.0
2026-01-14,1321.0,1328.199951171875,1302.199951171875,1307.0,904108.0
2026-01-16,1318.199951171875,1320.9000244140625,1305.300048828125,1315.9000244140625,1491985.0
2026-01-19,1306.0,1320.300048828125,1305.5,1315.5999755859375,867546.0
2026-01-20,1315.0,1317.0999755859375,1291.5999755859375,1295.699951171875,1173658.0
2026-01-21,1298.9000244140625,1311.699951171875,1271.300048828125,1283.199951171875,1045886.0
2026-01-22,1285.9000244140625,1312.0,1272.300048828125,1306.0,994350.0
2026-01-23,1310.0,1311.9000244140625,1290.300048828125,1295.4000244140625,744221.0
2026-01-27,1300.0,1314.0,1290.300048828125,1303.300048828125,1159409.0
2026-01-28,1297.199951171875,1306.0,1273.0,1292.4000244140625,940389.0
2026-01-29,1286.5,1294.4000244140625,1262.300048828125,1287.9000244140625,1151338.0
2026-01-30,1286.0,1339.5999755859375,1283.0,1332.4000244140625,5291782.0
2026-02-01,1286.0,1331.800048828125,1265.0,1282.5,1104386.0
2026-02-02,1297.5,1311.0,1273.9000244140625,1308.300048828125,1254441.0
2026-02-03,1330.0,1340.4000244140625,1291.0999755859375,1308.0,1232172.0
2026-02-04,1313.5999755859375,1328.0,1295.0999755859375,1303.199951171875,875491.0
2026-02-05,1304.800048828125,1310.5999755859375,1287.0,1303.5,854735.0
2026-02-06,1291.0999755859375,1305.199951171875,1278.699951171875,1303.300048828125,835638.0
2026-02-09,1301.0,1307.0,1290.300048828125,1295.5999755859375,746256.0
2026-02-10,1296.9000244140625,1310.300048828125,1296.5,1308.5999755859375,936244.0
2026-02-11,1315.0,1324.9000244140625,1296.699951171875,1305.300048828125,911384.0
2026-02-12,1312.0999755859375,1312.0999755859375,1295.0999755859375,1305.5,534651.0
2026-02-13,1305.0,1310.4000244140625,1278.0,1282.5999755859375,522532.0
2026-02-16,1276.699951171875,1295.5,1274.199951171875,1289.800048828125,456192.0
2026-02-17,1281.0,1289.5999755859375,1278.0,1285.300048828125,396196.0
2026-02-18,1286.5999755859375,1303.4000244140625,1278.0,1300.9000244140625,445974.0
2026-02-19,1299.800048828125,1300.0,1271.9000244140625,1278.5,659337.0
2026-02-20,1278.5,1301.0,1276.4000244140625,1293.800048828125,754141.0
2026-02-23,1299.0,1318.5,1295.5,1315.0999755859375,933535.0
2026-02-24,1305.5999755859375,1323.9000244140625,1305.5999755859375,1320.0,1119949.0
2026-02-25,1328.0,1334.800048828125,1315.0,1323.4000244140625,991358.0
2026-02-26,1329.199951171875,1329.199951171875,1310.5999755859375,1318.0,438937.0
2026-02-27,1311.0999755859375,1322.9000244140625,1286.0,1291.699951171875,1640800.0
2026-03-02,1261.9000244140625,1288.0,1261.300048828125,1279.699951171875,1161803.0
2026-03-04,1259.699951171875,1270.0,1240.0,1245.300048828125,1111984.0
2026-03-05,1249.5,1254.4000244140625,1222.699951171875,1250.9000244140625,935689.0
2026-03-06,1250.0,1264.0999755859375,1234.199951171875,1252.4000244140625,830769.0
2026-03-09,1227.0,1242.5999755859375,1217.4000244140625,1235.800048828125,1467474.0
2026-03-10,1236.9000244140625,1249.5,1233.5,1241.199951171875,1301134.0
2026-03-11,1237.0999755859375,1245.9000244140625,1226.0999755859375,1233.699951171875,1471802.0
2026-03-12,1225.0,1229.9000244140625,1209.300048828125,1220.800048828125,1358445.0
2026-03-13,1219.0,1238.5999755859375,1200.5999755859375,1202.199951171875,1681355.0
2026-03-16,1200.0,1219.300048828125,1196.5,1213.4000244140625,1100099.0
2026-03-17,1213.4000244140625,1225.0,1199.0999755859375,1206.9000244140625,1673007.0
2026-03-18,1206.0,1213.300048828125,1199.9000244140625,1204.800048828125,1144148.0
2026-03-19,1193.0,1203.0,1177.699951171875,1186.300048828125,826730.0
2026-03-20,1204.0,1204.0,1177.5999755859375,1193.5999755859375,1395118.0
2026-03-23,1189.0,1189.0,1164.800048828125,1166.800048828125,944878.0
2026-03-24,1180.0,1195.0999755859375,1163.199951171875,1183.199951171875,1001488.0
2026-03-25,1183.199951171875,1217.800048828125,1180.0,1204.0999755859375,1003636.0
2026-03-27,1204.0999755859375,1215.699951171875,1188.300048828125,1193.199951171875,2005041.0
2026-03-30,1185.0,1194.4000244140625,1169.5999755859375,1174.800048828125,1814089.0
2026-04-01,1174.800048828125,1191.5999755859375,1167.0999755859375,1180.800048828125,1836283.0
2026-04-02,1173.300048828125,1200.0,1159.4000244140625,1191.300048828125,1357607.0
2026-04-06,1190.0,1218.800048828125,1179.0,1216.0,1460934.0
2026-04-07,1204.4000244140625,1225.4000244140625,1194.199951171875,1222.800048828125,1434518.0
2026-04-08,1238.0,1250.5999755859375,1209.300048828125,1213.699951171875,1638595.0
2026-04-09,1209.5,1230.0999755859375,1206.4000244140625,1228.699951171875,1258617.0
2026-04-10,1230.800048828125,1252.300048828125,1229.0999755859375,1249.300048828125,1358273.0
2026-04-13,1239.300048828125,1246.800048828125,1222.0999755859375,1226.0999755859375,1346830.0
2026-04-15,1235.0,1259.9000244140625,1232.300048828125,1256.5999755859375,1236533.0
2026-04-16,1255.0999755859375,1261.9000244140625,1246.5,1257.4000244140625,1126009.0
2026-04-17,1258.0999755859375,1292.0,1252.800048828125,1285.5999755859375,1994168.0
2026-04-20,1294.0,1294.300048828125,1274.5999755859375,1286.4000244140625,1156327.0
2026-04-21,1298.0999755859375,1396.0,1286.800048828125,1379.9000244140625,9586515.0
2026-04-22,1391.0,1425.199951171875,1386.0,1395.800048828125,7723484.0
2026-04-23,1388.9000244140625,1415.0,1382.0999755859375,1410.5,2963135.0
2026-04-24,1420.0,1430.9000244140625,1409.0999755859375,1421.300048828125,3419416.0
2026-04-27,1429.0,1437.9000244140625,1410.0,1417.300048828125,1719329.0
2026-04-28,1417.9000244140625,1445.0999755859375,1401.0,1440.0,4008095.0
2026-04-29,1445.0,1470.0,1436.0999755859375,1465.5999755859375,2753356.0
2026-04-30,1466.0,1466.0,1436.0999755859375,1458.5999755859375,2305703.0
2026-05-01,1458.5999755859375,1458.5999755859375,1458.5999755859375,1458.5999755859375,0.0
2026-05-04,1460.0,1472.9000244140625,1446.300048828125,1457.0999755859375,1744112.0
2026-05-05,1456.0,1480.4000244140625,1447.5999755859375,1477.800048828125,2490700.0
2026-05-06,1485.0,1490.0,1468.199951171875,1486.0999755859375,2133310.0
2026-05-07,1488.0,1493.0,1468.300048828125,1469.4000244140625,877952.0
