Date,Open,High,Low,Close,Volume
2020-01-01,679.0819971118469,683.1529137163456,673.490123328754,675.32421875,14004468.0
2020-01-02,676.397899264457,689.3487905881979,676.397899264457,686.8212280273438,17710316.0
2020-01-03,685.7923126356704,689.6619561224467,681.3187895160008,687.6488647460938,20984698.0
2020-01-06,679.9767186772816,683.5107670428088,670.13493269889,671.70068359375,24519177.0
2020-01-07,679.5293813804267,686.4633961016671,677.0689495898322,682.0346069335938,16683622.0
2020-01-08,677.7399630034671,686.440941615489,675.5032015883575,676.912353515625,16047902.0
2020-01-09,688.2975058097518,693.3973052036212,685.0094646794911,692.5026245117188,14982742.0
2020-01-10,694.2472957890357,696.9537946408119,688.7672268918529,692.3460693359375,12478359.0
2020-01-13,691.182918802657,697.2892636445985,688.2080160085029,690.5789794921875,18282382.0
2020-01-14,688.9238120878065,693.3973351908096,680.8043754201078,684.181884765625,15816535.0
2020-01-15,687.0672990416617,688.8790573291237,679.1938699492092,681.6990356445312,15817859.0
2020-01-16,684.0028644434916,690.4223472080394,683.5554644082378,687.9842529296875,12847975.0
2020-01-17,694.9630411899628,709.0322829800654,694.8288390890643,707.2652587890625,29463471.0
2020-01-20,719.7911481994419,719.7911481994419,682.839761284159,685.5015258789062,32545850.0
2020-01-21,683.8240435553602,691.5408742450458,680.8714775601642,686.1950073242188,18922720.0
2020-01-22,690.7131763493682,691.9433921150559,684.9423069375898,685.9488525390625,10322817.0
2020-01-23,687.3580618125278,689.796156393504,680.2899048582964,683.0411376953125,11247739.0
2020-01-24,683.1082008428737,687.2909825261135,679.3280852091012,680.670166015625,14628445.0
2020-01-27,677.6952802850295,681.9674704241261,673.2664314282462,673.9598388671875,13387750.0
2020-01-28,674.8768456496997,675.5031818296184,654.7459935025485,658.3919067382812,24532236.0
2020-01-29,659.4207487202938,668.5243925324733,654.9472262974796,662.0154418945312,24746565.0
2020-01-30,661.6352224321117,661.9483606637074,644.1884717288344,645.8660278320312,22402689.0
2020-01-31,650.004074503463,650.115939458839,629.5153479649114,631.5060424804688,34750310.0
2020-02-03,612.8289902103342,626.2719547408867,609.7646194987522,619.8076782226562,30712290.0
2020-02-04,626.2943485822723,640.8333280510134,625.3101998110101,638.1044921875,25383901.0
2020-02-05,641.9068982608502,649.9145288544571,639.849132797698,647.9909057617188,18472100.0
2020-02-06,650.4961469348968,656.26695662953,644.2332031533095,652.1513061523438,15538577.0
2020-02-07,649.1094039600182,649.7133433335028,638.9544787429636,641.3478393554688,12209212.0
2020-02-10,638.8201262121858,646.6488198926669,630.9690953805479,642.2200317382812,15142476.0
2020-02-11,647.4987907400189,655.9090270916164,646.4475111960692,649.8921508789062,13999816.0
2020-02-12,651.4132707150139,659.7787743619559,650.8987994375913,657.7432861328125,13533565.0
2020-02-13,661.0760000110254,661.0760000110254,654.2985851368666,659.4655151367188,13565659.0
2020-02-14,660.8523004641426,671.6782343336056,650.0487037471439,665.482421875,21227841.0
2020-02-17,666.108801931165,673.7808982963232,659.5327193324579,661.2997436523438,13149130.0
2020-02-18,660.248373884015,660.248373884015,651.9723392868693,656.4458618164062,11127161.0
2020-02-19,661.7918138192991,673.9150960904617,659.8905874009041,672.7296142578125,14084409.0
2020-02-20,669.6876451612479,674.6085086758875,663.7825731086709,664.744384765625,16892268.0
2020-02-24,657.4971707893623,660.7404777544862,643.9871345353313,646.40283203125,21370214.0
2020-02-25,649.2883120922913,649.2883120922913,630.7678836964259,633.6309814453125,27745062.0
2020-02-26,630.7678186366056,631.8190982347916,620.6352917833475,622.7154541015625,29362748.0
2020-02-27,620.9261263497503,623.520820005058,612.4264202255112,620.143310546875,25054993.0
2020-02-28,606.1186837322065,607.0581581658521,592.7428492925397,594.3756713867188,39315769.0
2020-03-02,606.2081051825395,612.4263145698782,582.0510718430629,588.7837524414062,29500495.0
2020-03-03,594.8454740172322,605.6714099989539,591.4008335900859,600.7281494140625,27398798.0
2020-03-04,604.8213738082619,605.6265863851147,585.0930684252744,599.3189086914062,22105261.0
2020-03-05,604.9109502487335,607.4832471398267,584.2432264899035,586.547119140625,30510390.0
2020-03-06,568.1384140570675,576.2579099445863,555.2099199542964,568.5857543945312,33734039.0
2020-03-09,554.7401888514859,555.1651920392663,489.8516505743549,498.41845703125,88187018.0
2020-03-11,495.6671803789598,527.1832005807552,495.6671803789598,516.0441284179688,59578576.0
2020-03-12,485.3781638437168,492.5357890300457,469.13923040549446,475.536376953125,55970485.0
2020-03-13,446.45838815033005,509.98250923399024,421.5855779962733,494.4593811035156,73297403.0
2020-03-16,474.4403385952524,483.00714524632815,449.5898653118392,454.3765563964844,38482258.0
2020-03-17,468.49050072051966,474.1942690006391,448.78462201274766,450.9319152832031,45445979.0
2020-03-18,458.6711544738802,463.4131116395079,429.9063628131876,433.2615051269531,44730415.0
2020-03-19,411.6095964210696,432.5904563115507,399.128442171934,410.5359497070313,61404010.0
2020-03-20,420.2882504902189,462.9657459489258,416.0383975453142,455.3831176757813,63360475.0
2020-03-23,409.8648934921591,424.9854448385333,391.7247351423912,395.4825134277344,40670949.0
2020-03-24,416.0383584084689,433.93247910305325,400.7389011910396,422.0328979492188,45734887.0
2020-03-25,431.15893082862937,515.1494403179707,430.9128936371874,484.14788818359375,73130298.0
2020-03-26,490.2094960975014,499.648645569476,466.2984692637249,476.96783447265625,45744488.0
2020-03-27,489.8516259919914,495.3540612398386,468.020791266076,476.6994323730469,41657940.0
2020-03-30,465.51565999753865,480.815118140311,456.30017996614265,460.9750061035156,30229866.0
2020-03-31,480.4348787671312,505.41952430798887,468.8260681247117,498.2395324707031,44292810.0
2020-04-01,502.04195294531377,503.0932325068098,467.57342742716816,483.3426208496094,41597459.0
2020-04-03,507.4997254458984,507.4997254458984,472.5390630031507,482.0005798339844,41367807.0
2020-04-07,493.0277599338764,543.0865379714437,492.0883155365225,539.552490234375,54373624.0
2020-04-08,527.8766166035285,549.7969487728319,518.929571501776,533.3119506835938,49880330.0
2020-04-09,543.0866484415843,551.4968858405396,533.6922622821191,545.7484130859375,33032857.0
2020-04-13,538.590786977077,543.534047096568,527.8766572382242,531.969970703125,23673784.0
2020-04-15,535.50397581859,552.9283884903713,511.3245453160948,514.388916015625,35321842.0
2020-04-16,514.3889890858135,531.2094648682425,512.2193584197375,522.5308227539062,37455706.0
2020-04-17,543.9813981126731,550.2443422338717,533.5356723756136,547.5601806640625,33269335.0
2020-04-20,548.4548889228998,562.3227974116861,537.7184224485133,556.4177856445312,36030932.0
2020-04-21,541.2971428403878,560.0859719515005,520.7189526258386,553.5322875976562,61371628.0
2020-04-22,590.5061043699907,619.5393292310587,581.5590584712065,610.0106811523438,142683366.0
2020-04-23,611.6882791292506,619.9643142606366,605.4029383592604,613.2763671875,65464502.0
2020-04-24,603.9939018532853,668.7706464797333,602.6742177449541,633.8994750976562,134986308.0
2020-04-27,641.5043758770541,659.8458688421625,636.5835122845931,639.6031494140625,58482901.0
2020-04-28,648.6619839341811,651.1000185601599,622.7825996528488,638.8873291015625,78453401.0
2020-04-29,646.3805532770238,650.2948710877204,635.2414197546999,638.3505249023438,37494672.0
2020-04-30,650.4290406318744,668.770532341543,643.3161499559969,655.8196411132812,71345899.0
2020-05-04,644.1884921115068,655.3722993617022,634.100638844068,642.0411987304688,53456868.0
2020-05-05,650.3171635725639,661.6351717003255,647.4093321949724,653.4262084960938,44903763.0
2020-05-06,654.9248941405343,664.2969422025669,646.6488596777011,653.4710083007812,40489094.0
2020-05-07,650.8987749292127,677.1360326646604,646.4252520396666,674.1387329101562,50026966.0
2020-05-08,691.1605298647231,706.7731256998821,687.6264217526766,698.6760864257812,84262770.0
2020-05-11,706.8179638986242,722.4753557999495,703.373383071348,705.386474609375,67085063.0
2020-05-12,700.0181429966896,701.6062908611085,655.372320874391,661.7470703125,100683202.0
2020-05-13,689.5833490177412,689.5833490177412,656.6169951579172,675.7871704101562,66430125.0
2020-05-14,663.3909205122524,675.9000855316069,645.8013667337839,648.4657592773438,49266771.0
2020-05-15,652.1010439801705,662.3522442657764,639.0499950684349,659.0556030273438,62152260.0
2020-05-18,663.842565100716,669.2616544401022,644.875632962838,650.6334228515625,62796089.0
2020-05-19,657.9718729953,660.0943806330317,633.6987303989603,636.2501831054688,42315854.0
2020-05-20,636.7468651669092,653.3881033587526,629.0697531498768,647.4496459960938,55320985.0
2020-05-21,648.0367682176926,659.981412669229,643.5208404585119,650.8592529296875,39167981.0
2020-05-22,655.6235549779989,658.4234038155449,644.1982199074185,646.478759765625,37828973.0
2020-05-26,653.9752489639468,654.6752261523151,639.5919719683144,643.0918579101562,33216635.0
2020-05-27,646.230439764707,656.6170983783275,637.6501643523708,652.8011474609375,35667956.0
2020-05-28,657.0685283367451,668.2454658354499,654.3589840196363,664.8585205078125,40126278.0
2020-05-29,662.9393134152917,664.7456963541632,656.007389810822,661.3135986328125,40022527.0
2020-06-01,668.358459270055,694.7089545568629,666.5295002853659,686.5802612304688,39943702.0
2020-06-02,689.1317954741431,695.4541060723005,686.7834677262479,693.51220703125,22153960.0
2020-06-03,697.712053268636,704.4859445214847,692.4509368094127,696.19921875,25381289.0
2020-06-04,697.2604674305974,717.8080227909754,695.9057249087699,713.4275512695312,34202350.0
2020-06-05,720.291708575871,730.6783659768879,710.6727564801458,714.2855224609375,33076685.0
2020-06-08,730.8589637156836,730.8589637156836,706.7438576363093,708.7760009765625,31414953.0
2020-06-09,704.6214390965813,714.8726404733965,692.29294201313,694.1670532226562,25857161.0
2020-06-10,696.8540015463917,713.3146329578219,695.4766830422209,709.9728393554688,22132647.0
2020-06-11,707.1955445300772,708.0761301554923,691.3897970340737,694.4154663085938,20385805.0
2020-06-12,677.3903002260765,719.3885083960947,676.0354981246212,717.4918212890625,38548899.0
2020-06-15,706.7439674657269,734.7201801016447,704.9827364804711,729.1204223632812,53107403.0
2020-06-16,741.9683047604242,744.4746053701579,715.9112952066059,730.54296875,51187003.0
2020-06-17,726.2753520321108,738.5586972066078,723.4980791176175,729.481689453125,41782053.0
2020-06-18,725.7107978465832,751.9031997400788,725.0785489207035,747.793701171875,40471557.0
2020-06-19,754.1611973181019,807.8105013724783,750.5484911968546,794.53369140625,105804173.0
2020-06-22,800.8559685231744,814.7650268662464,783.5147529061562,788.550048828125,60198705.0
2020-06-23,790.2886307127717,796.4980604519991,774.9796184501552,777.1472778320312,37962078.0
2020-06-24,783.9212919679801,800.539956785878,772.9927488541816,780.2859497070312,51586221.0
2020-06-25,779.9020403666149,789.8371168459703,773.6023058840819,775.7925415039062,39679374.0
2020-06-26,780.7149415817722,791.1919028764127,775.3860969939733,786.5178833007812,30921913.0
2020-06-29,780.3763250508288,785.6599583746296,774.7314151012546,778.1635131835938,25621946.0
2020-06-30,784.4179786955026,786.2243018289918,765.6993848508981,769.560546875,30276420.0
2020-07-01,776.7409392467646,789.8371415415186,771.3443662186169,784.68896484375,28464103.0
2020-07-02,790.3307243392775,801.4851428535685,786.7259244633,798.19775390625,28789533.0
2020-07-03,807.0169546549783,813.0023064997346,801.6664846343106,810.6897583007812,29434266.0
2020-07-06,818.4434059167284,842.4752438841282,812.5941218966552,839.6640014648438,47016185.0
2020-07-07,843.3821557977242,845.3545651080822,819.0329064848479,826.8092041015625,35189589.0
2020-07-08,827.0811948455379,832.023581564041,811.6418808428549,815.2693481445312,26204095.0
2020-07-09,820.257139626406,832.0463193953086,809.9415548565688,827.1719360351562,36418942.0
2020-07-10,829.0990778284718,854.5365672443328,827.1719444149811,851.5665893554688,43759967.0
2020-07-13,863.0383306607164,883.1480175589572,861.5193398778321,877.3894653320312,69608392.0
2020-07-14,876.9360759259316,880.4274760561808,855.7608159923657,869.2277221679688,67331128.0
2020-07-15,878.7269992664014,897.2496904821614,815.2693491404729,836.1271362304688,139669773.0
2020-07-16,837.4875551151266,847.463061457531,821.8214999600007,835.855224609375,60961724.0
2020-07-17,836.5806561826539,870.5879989548259,833.4066071401047,866.8245239257812,49726765.0
2020-07-20,869.5904907729887,876.0292010321696,861.3607145700907,870.5426635742188,36592938.0
2020-07-21,879.2032442811862,896.4336259674744,878.0696681167741,893.96240234375,42173371.0
2020-07-22,899.154121537288,911.396779069445,889.0426086044159,908.6762084960938,59771457.0
2020-07-23,908.6534892544267,943.000910454132,902.9402730055884,933.07080078125,58333751.0
2020-07-24,933.161502678431,980.771759562493,933.0708309814,973.1314697265624,120597372.0
2020-07-27,987.9360577935169,997.004667049382,964.8563920667284,977.6884765625,80304827.0
2020-07-28,977.6884283611794,994.8281373893102,975.1718690276076,987.4371948242188,55114422.0
2020-07-29,987.5279599955765,989.7497164572248,938.806733983119,950.6866455078124,72663399.0
2020-07-30,951.7523266351848,970.2069578910128,939.5096669480744,956.2186279296876,72857444.0
2020-07-31,958.7803899595892,965.3551074174673,930.8036739652496,937.2877197265624,74958061.0
2020-08-03,930.1234808378756,932.7080438678016,908.2680646839152,910.943359375,46715383.0
2020-08-04,916.203269273076,982.5855710982528,906.9759241686488,975.1492919921876,92041055.0
2020-08-05,983.4924363615606,995.7350350128564,960.5034420662862,964.1989135742188,74549993.0
2020-08-06,978.0512526670176,982.9029683593162,955.7424156591268,967.6676635742188,49322975.0
2020-08-07,965.7178380803712,978.4139143017512,961.3649370691896,973.2674560546876,32984416.0
2020-08-10,979.0034370833714,981.6786719644748,955.878435955378,961.2062377929688,26958997.0
2020-08-11,967.9850346750636,979.4115277857608,952.3643158271036,967.5316162109376,46828306.0
2020-08-12,961.7277518696428,972.6101557663372,955.2890412068108,964.7203979492188,30264617.0
2020-08-13,964.901699164418,969.8440862641454,956.7399270901238,962.2037963867188,24830322.0
2020-08-14,962.4304992398274,978.051218179692,947.331262509623,958.4630126953124,33224635.0
2020-08-17,954.472872816078,954.472872816078,938.6481413156388,948.2835693359376,30979066.0
2020-08-18,945.4042450993712,967.7584184957974,944.2026651023108,960.6168823242188,30547672.0
2020-08-19,970.7963711289711,976.6909912734272,961.8864371354928,966.5114135742188,34087543.0
2020-08-20,961.2742374165048,963.0426353692126,946.7644269706008,950.8679809570312,22537845.0
2020-08-21,960.3673777103614,962.1811114690666,941.776681643698,943.975830078125,25280895.0
2020-08-24,948.3061551600296,954.2460509640608,938.829403447164,950.278564453125,32717218.0
2020-08-25,954.9262408658594,957.329460746316,942.2301636663344,944.0892333984376,19388008.0
2020-08-26,945.404223995661,973.9477001185352,928.1738418761494,969.11865234375,59870421.0
2020-08-27,973.9702681942396,974.8771650364312,953.6792384308744,957.011962890625,28085062.0
2020-08-28,961.2742345079783,967.1235185049004,955.0395957954092,959.528564453125,27166900.0
2020-08-31,985.7595292256586,985.7595292256586,934.2270624878475,943.4544067382812,62076132.0
2020-09-01,952.2056589351108,962.3625085827924,935.1566206196068,946.4244384765624,38616258.0
2020-09-02,948.5782147606872,969.4360647157956,945.4042254030268,964.992431640625,26949439.0
2020-09-03,964.9018008480824,969.7761846883416,953.5660384214476,957.6922607421876,18586429.0
2020-09-04,944.746652794342,950.822615867292,939.6001945341708,941.8900146484376,28475945.0
2020-09-07,944.9507158856928,954.8128218318382,926.9267781694188,944.3385620117188,21926473.0
2020-09-08,948.5781353786672,961.7276301292338,943.363673326264,955.4249877929688,27397082.0
2020-09-09,945.4041235297914,982.94820142893,943.7944011305528,980.0235595703124,55310877.0
2020-09-10,989.8857107486724,1063.2735913062183,986.3715829983508,1049.2398681640625,140304404.0
2020-09-11,1048.333038061574,1060.0541533856804,1037.0426132778334,1051.8470458984375,59470807.0
2020-09-14,1054.2276724587873,1070.097737564955,1034.7300199764577,1044.048095703125,44063445.0
2020-09-15,1048.3104335818653,1054.5677402462595,1037.518702454909,1051.4390869140625,27178393.0
2020-09-16,1051.9602968564543,1074.3371332294498,1047.6754600565869,1054.0234375,33952295.0
2020-09-17,1051.9606261705794,1058.1727179671664,1039.1965435880918,1042.3253173828125,25828669.0
2020-09-18,1049.3532551234189,1051.7110790333331,1032.2588818564082,1045.4764404296875,33074915.0
2020-09-21,1042.891757906889,1059.215300889657,1019.0185972834088,1022.8728637695312,33627381.0
2020-09-22,1032.4629482711289,1032.4629482711289,998.2515919553894,1002.6045532226562,34792254.0
2020-09-23,1024.754631202086,1032.3495853551422,999.95196363165,1011.514404296875,42988708.0
2020-09-24,1001.1308828752752,1009.3379310241464,986.6890759494188,989.0242919921876,29826318.0
2020-09-25,992.561027630643,1003.3526989604932,982.7215890510984,998.319580078125,28374935.0
2020-09-28,1009.791436796348,1014.7792199657464,1000.7454952765088,1004.9170532226562,19666849.0
2020-09-29,1008.8845531281476,1026.5682927534233,1004.9170066954656,1017.975830078125,25842539.0
2020-09-30,1024.7546512095244,1027.928640481229,1008.8845849148896,1013.1242065429688,24465159.0
2020-10-01,1026.4777157574597,1026.4777157574597,1003.8968628083494,1008.9979858398438,20783227.0
2020-10-05,1017.4997065200467,1019.8348626021702,1000.269384966474,1003.0806274414062,18922799.0
2020-10-06,1008.9978810960308,1012.9200316663944,998.2968817912704,1002.2417602539062,18412175.0
2020-10-07,1013.4189091449192,1046.9728362062017,1006.6174520301324,1023.6211547851562,53170865.0
2020-10-08,1024.301278914029,1028.3822254886384,1007.569709792054,1015.3460083007812,21077808.0
2020-10-09,1013.4188900706192,1021.5806624419674,1005.3024535496828,1012.716064453125,18545499.0
2020-10-12,1013.4188228288398,1022.8274503983472,1009.4513365004996,1014.3483276367188,14226473.0
2020-10-13,1011.4236482729492,1036.430445017385,1009.2698357927376,1034.140625,23112012.0
2020-10-14,1033.3245163972065,1044.7056133384592,1028.608748631058,1037.2239990234375,26742011.0
2020-10-15,1038.3575863716285,1038.3575863716285,995.2816312959982,1000.49609375,20036197.0
2020-10-16,1004.3502763795696,1012.285249528179,985.1474254749344,986.5757446289062,21583600.0
2020-10-19,993.03711473914,1010.5622392043456,977.2123844835456,986.757080078125,31200385.0
2020-10-20,988.0267509433464,994.374789553876,975.8974318290544,977.552490234375,18482288.0
2020-10-21,983.0389831777512,993.9213260213652,951.1853919731954,963.3600463867188,34082321.0
2020-10-22,964.6295521399456,966.942040062599,948.1246658276176,955.3568725585938,30802210.0
2020-10-23,954.9262685377892,968.075764596618,950.573367065108,958.1229858398438,23422125.0
2020-10-26,953.0898169372152,953.0898169372152,915.2509933655792,920.057373046875,37324416.0
2020-10-27,922.6872638083933,934.0003573150688,909.129685940206,922.5059204101562,36478896.0
2020-10-28,925.8159103792912,933.0255097674074,910.2179195551136,912.0543212890624,29924017.0
2020-10-29,905.5022363151312,925.9066672658702,902.7816655110512,919.059814453125,30655304.0
2020-10-30,922.0524364064572,936.3809035347286,916.7473024873174,931.5745239257812,34021563.0
2020-11-02,919.1051761545776,919.1051761545776,842.9967754989971,851.2945556640625,99366895.0
2020-11-03,856.9851117444604,865.6003029117848,832.0917710410919,839.0292358398438,88691623.0
2020-11-04,832.953205081128,874.6689020903103,832.953205081128,867.504638671875,80180117.0
2020-11-05,886.4355229909437,889.15609401037,876.0292653807634,886.4581909179688,37205373.0
2020-11-06,902.3282137896616,924.9997362683604,896.955016187128,920.0800170898438,66674086.0
2020-11-09,935.0205666821016,938.1492199552744,923.1859913130512,929.8514404296876,35838510.0
2020-11-10,941.7767378395364,947.6713579150476,925.543924674604,945.2001342773438,36934242.0
2020-11-11,947.217858238175,949.9384288213168,896.9323084725518,905.5928344726562,56724780.0
2020-11-12,898.2473016530297,910.6939707303044,890.9923666961812,897.7938232421875,40046527.0
2020-11-13,898.7007816340105,923.4807818666762,898.5874420075651,905.2301635742188,45388670.0
2020-11-14,913.6186721505104,913.8000155522184,904.7540741586882,907.9053955078124,5226220.0
2020-11-17,945.4041769988106,945.4041769988106,900.0610116001939,903.8018188476562,46542562.0
2020-11-18,903.8018936710494,909.80991365708,888.7706596628595,901.0586547851562,30402290.0
2020-11-19,901.0586339089176,911.6008986042737,892.4434427638029,894.6879272460938,27796343.0
2020-11-20,895.5268130062715,899.5170278650099,859.2523123764714,861.2927856445312,57471248.0
2020-11-23,884.6443083205546,893.2594984083482,873.4218872864003,884.50830078125,45327567.0
2020-11-24,890.5390996505345,895.0734047853985,876.029287238132,890.561767578125,30936268.0
2020-11-25,897.7938413094128,903.6657931642696,880.654192057057,883.193359375,32637879.0
2020-11-26,885.5739443403047,890.9924179780169,875.1450197156285,885.369873046875,25838637.0
2020-11-27,879.8833317328676,886.956863707273,871.2228051404243,875.0316162109375,47336811.0
2020-12-01,879.8152745444881,891.5591779283297,875.1449626736697,886.4127197265625,19750687.0
2020-12-02,888.0450890461269,889.6321436054803,877.3894853981996,887.8864135742188,22188887.0
2020-12-03,894.1665677456506,898.2927902158219,888.113211621906,890.561767578125,27785372.0
2020-12-04,892.8061306985533,892.8061306985533,879.6566356036066,882.71728515625,18464552.0
2020-12-07,879.9286890581647,890.9923750186222,879.9286890581647,887.9090576171875,18242188.0
2020-12-08,889.2466786868488,913.323851163145,884.1908922431836,904.0285034179688,43403061.0
2020-12-09,911.374225280082,922.1885651259228,906.522509499852,919.08251953125,29175254.0
2020-12-10,916.6567352689387,919.7853889706612,907.3160500501624,910.03662109375,16065507.0
2020-12-11,912.7571538037538,924.0929759507372,895.1866924423914,909.4924926757812,26944202.0
2020-12-14,910.4672819578382,913.6639990942832,900.6731791916262,902.9176635742188,17312747.0
2020-12-15,902.1921882018914,902.1921882018914,889.2240359631435,895.2320556640625,18551265.0
2020-12-16,901.4213476389596,904.5727289498444,891.3098338764274,896.2295532226562,18561011.0
2020-12-17,899.8343145472157,909.1296626703094,896.5015899774218,900.3330688476562,20252358.0
2020-12-18,897.8392714360722,909.0843613071538,890.9924186751066,903.031005859375,18466344.0
2020-12-21,911.3968279822236,916.8379694209408,841.2283275836958,879.5205688476562,44135540.0
2020-12-22,883.7375484737753,888.2265172786522,856.2822534289644,878.1603393554688,28140001.0
2020-12-23,875.1223699613015,884.8484691755272,870.8827482738318,881.4024047851562,19501410.0
2020-12-24,882.8307490429305,906.318500123846,882.3319946655577,904.2100830078124,20776988.0
2020-12-28,909.9004843884214,915.0242747672096,904.7313581616152,908.3588256835938,17221499.0
2020-12-29,910.943413813905,912.4397367118077,898.9501027379986,902.3508911132812,18611939.0
2020-12-30,904.7088039204004,910.1272779921744,895.7762015051192,904.8221435546876,22043630.0
2020-12-31,903.9152831436564,912.2583993085362,897.1591616899547,900.1971435546875,18781189.0
2021-01-01,901.421320358103,905.5022064134912,898.7007496438623,901.1946411132812,10015175.0
2021-01-04,904.6406964491767,906.363698565092,892.3527025549105,902.713623046875,24513534.0
2021-01-05,892.80613046262,899.4262438413816,886.9115106039434,891.4912109375,24123091.0
2021-01-06,891.4004573776713,891.4457932255564,863.854552119663,867.9807739257812,46401468.0
2021-01-07,870.814757093236,881.9238397966232,863.8546244352824,866.5751953125,32325918.0
2021-01-08,869.6811201830574,878.9311324815067,867.005885344283,876.7999877929688,27540187.0
2021-01-11,879.1125050229124,879.1125050229124,858.1186482532938,860.2724609375,33307825.0
2021-01-12,862.87970997784,888.7252828199374,861.4740587259083,887.3876953125,41161546.0
2021-01-13,890.3349713085404,895.5040980209848,869.8852636562669,879.112548828125,26619458.0
2021-01-14,881.9238432057263,891.8540138996398,879.2259402439199,888.9973754882812,21553242.0
2021-01-15,888.9973558240713,894.9826476255291,870.6107298685408,878.5004272460938,20593268.0
2021-01-18,883.7828981720585,905.5022489944744,872.1070575050039,899.5849609375,35100458.0
2021-01-19,904.4366615381476,920.9188817318542,904.4366615381476,914.298828125,32006615.0
2021-01-20,916.5659852036084,933.1615451092316,907.4973158868204,931.6652221679688,30924537.0
2021-01-21,944.0438963533106,961.2742782497206,940.8699070414724,951.93359375,39087742.0
2021-01-22,957.1933717044934,959.165840987856,922.8006124178714,929.3527221679688,30532660.0
2021-01-25,922.7099125187834,922.7099125187834,876.0291603627637,880.1100463867188,54207104.0
2021-01-27,872.8552326609131,872.8552326609131,856.0782689298538,859.2522583007812,42370131.0
2021-01-28,852.5188051471522,872.0844035148573,847.9164965706553,850.886474609375,34067814.0
2021-01-29,858.9347876285253,867.4593064405973,829.7791594362084,835.1976928710938,43712383.0
2021-02-01,843.110096652801,863.7865428347654,837.9409701152957,859.3883056640625,34180952.0
2021-02-02,867.9808262438378,879.6566667876373,841.0923491274965,873.2179565429688,41470034.0
2021-02-03,874.3515418529886,885.0978176672972,861.5193971120666,875.4171142578125,30301696.0
2021-02-04,872.4017132446297,879.656648554206,863.7865225405493,872.5377807617188,25626981.0
2021-02-05,875.1450294447208,881.7651430554548,870.5880568440388,872.2883911132812,20248046.0
2021-02-08,876.5052740367894,892.8061507159327,874.691600163488,884.8484497070312,21183400.0
2021-02-09,889.6095735403137,902.1469161459931,885.233944002577,886.9796142578125,19604141.0
2021-02-10,885.8913333557456,899.9476653520371,873.8980223594517,895.2092895507812,21234156.0
2021-02-11,897.7938959649373,935.9728593397924,894.2798277886045,932.11865234375,42539278.0
2021-02-12,932.0279220969352,942.2301071014969,913.8453084946966,925.7252197265624,30497029.0
2021-02-15,928.6498762091928,934.6578356915304,918.1982839074868,921.6443481445312,15791099.0
2021-02-16,924.8864053509031,942.864948032298,922.7325927047402,933.8416748046876,21421660.0
2021-02-17,934.0683933136262,950.3692703869466,929.8061636594126,944.6107177734376,23742994.0
2021-02-18,945.4042372455168,956.014505762448,933.6603325517268,937.5598754882812,18646877.0
2021-02-19,932.7080785090463,954.4500958860806,931.0303522839878,943.2730102539062,23403483.0
2021-02-22,943.1370313830364,947.6260001116776,904.5727145749872,910.5352783203124,23804335.0
2021-02-23,928.627233675732,930.8490501461664,913.0291825324456,917.4954833984376,25644108.0
2021-02-24,920.4654582700598,936.4489240552962,918.7197282010852,934.5218505859376,10807663.0
2021-02-25,941.3232186199032,975.7839784992644,939.9629033732784,972.3152465820312,34855693.0
2021-02-26,959.9139702500598,967.576928004242,938.9200542247918,945.7669067382812,37481215.0
2021-03-01,956.8306484903324,957.646873714604,935.2019693603648,952.9765014648438,17680764.0
2021-03-02,962.1811437745008,965.8085514456496,947.263250572338,954.9262084960938,17150760.0
2021-03-03,961.750393670414,1006.572077071357,955.4703590572256,998.5009765625,31924461.0
2021-03-04,988.480126250495,992.991762854271,978.368612759976,986.598388671875,21435754.0
2021-03-05,977.5977682721734,1002.9672532884404,976.260120871694,987.890625,25511666.0
2021-03-08,983.2657240329896,1012.0132716669716,983.039044773577,993.5133056640624,19506841.0
2021-03-09,997.5487577867862,1003.8061245628406,973.3355758572836,993.4905395507812,15154484.0
2021-03-10,1000.7227465962088,1004.3955499162572,984.0591241137868,989.3642578125,11519358.0
2021-03-12,995.2816784252692,1000.4508052727284,963.0427293609322,969.2547607421876,16864952.0
2021-03-15,970.3655452396614,974.378367439583,943.3636702802957,956.2411499023438,16698099.0
2021-03-16,958.5537469717594,963.9949488326658,950.165294900262,952.477783203125,13873801.0
2021-03-17,951.321487384943,953.5659717866566,922.7779520359184,931.9599609375,19210236.0
2021-03-18,939.9177225056252,945.3135885679563,907.3160267693696,910.9888305664062,20647480.0
2021-03-19,902.7816639429236,950.3239190123004,899.0635245309819,944.0438842773438,41787429.0
2021-03-22,939.0561589834672,940.4164143959772,921.9164490477824,935.1566162109376,18572478.0
2021-03-23,934.9525516306612,956.6038970524452,932.2546489163942,946.5377197265624,17421165.0
2021-03-24,943.0236364808284,943.0236364808284,925.1811610696236,928.309814453125,16822814.0
2021-03-25,931.3477881428614,931.3477881428614,900.0610147041692,902.9856567382812,22001648.0
2021-03-26,912.303674731854,913.0745041101142,894.937285828174,904.4366455078124,20180202.0
2021-03-30,910.4899757979094,929.035337372419,903.0310289019576,920.1480712890624,20441701.0
2021-03-31,915.0243084377212,929.4887232737644,906.40905776399,908.2681274414062,16250796.0
2021-04-01,915.0242884490824,920.465429845356,908.290775524704,916.7699584960938,11723312.0
2021-04-05,918.1756892265367,918.1983571528486,889.6775482799965,903.5072021484376,14875099.0
2021-04-06,908.6763154469584,909.107066008566,892.8061886370579,899.7437133789062,14009194.0
2021-04-07,906.8625335398098,928.128465159544,903.8245518752842,908.15478515625,24266353.0
2021-04-08,911.850225266319,916.8379481306634,903.6884533297168,909.288330078125,15369188.0
2021-04-09,906.159790104371,909.7418622564088,897.7939458378843,898.7235107421875,14037885.0
2021-04-12,888.271878488836,889.3601188333347,861.632807894605,866.5751953125,20901482.0
2021-04-13,872.4017415275625,879.9287521472845,869.6131669055775,875.9385375976562,19411189.0
2021-04-15,873.4445516203328,889.1786089267097,867.4139245804644,881.6063232421875,19723716.0
2021-04-16,878.1149969863354,884.1456245317884,873.5126286216039,876.0745239257812,15656948.0
2021-04-19,863.3331266419872,868.9556716698464,856.985088064207,862.2902221679688,18478808.0
2021-04-20,866.2803326796494,870.134479220808,857.1890564398374,862.040771484375,17203668.0
2021-04-22,858.0052836359382,868.0714611843059,850.9544197704057,864.4213256835938,14490954.0
2021-04-23,864.240104905144,870.0893297378433,859.4110567489932,863.491943359375,11828857.0
2021-04-26,870.5880540621903,889.6321696188024,866.7338471259807,878.6817626953125,20846778.0
2021-04-27,879.6566357896455,905.592879224886,878.8631384956852,901.716064453125,19992524.0
2021-04-28,905.8876517747104,910.4899602170952,897.861946907099,905.6382446289062,17122437.0
2021-04-29,917.2460348994038,927.0401972486708,910.1725631547909,917.7675170898438,17412606.0
2021-04-30,910.7166908105166,923.1860285256436,901.2173310194296,904.36865234375,19828769.0
2021-05-03,891.4458771331132,897.340497401844,881.0623478526642,888.2945556640625,23640186.0
2021-05-04,884.1910203527071,892.2621215061423,866.5072191354321,869.04638671875,21849830.0
2021-05-05,872.1070167804479,878.9764773257763,865.1694924935965,870.6333618164062,12393609.0
2021-05-06,871.4268548191382,877.3894784194164,864.5119984908221,875.5757446289062,14624666.0
2021-05-07,878.6363420246701,886.7527777675398,873.3085405592442,875.915771484375,12288548.0
2021-05-10,879.2032403073009,882.7399763357812,871.0188000480982,873.3992919921875,13941237.0
2021-05-11,868.3209436649042,878.999216065306,866.0537312569095,876.5507202148438,13478264.0
2021-05-12,875.1676804843173,876.4372641804301,864.6934200952072,867.4819946289062,13177961.0
2021-05-14,874.2381482108096,880.563518938135,864.2400338075389,878.4324340820312,13291616.0
2021-05-17,878.4324402760395,890.2896245106193,875.3037267948372,888.884033203125,11873078.0
2021-05-18,898.2473602910601,908.0414631541172,894.3931533556103,901.398681640625,12064918.0
2021-05-19,897.7938200130252,914.32143492012,894.1664125157001,905.5248413085938,16317002.0
2021-05-20,905.910251008994,911.8048706158812,898.2472934944823,900.2423706054688,11422532.0
2021-05-21,903.235087003718,911.2154560407944,900.5145161905418,908.018798828125,10785605.0
2021-05-24,910.4898938764024,911.3061190300916,898.700714595752,900.355712890625,8551760.0
2021-05-25,905.2301329831128,905.5022080454436,888.7252453359569,890.153564453125,14780102.0
2021-05-26,895.5267109206686,897.5671839561246,891.1284738713696,893.2822265625,7480204.0
2021-05-27,893.3956745411289,903.6885320706948,889.7455387788042,896.0255737304688,26819294.0
2021-05-28,902.3282518740784,954.472815743996,902.3282518740784,949.8478393554688,56469931.0
2021-05-31,953.1124880356036,993.7852821100848,945.4268620793822,979.5475463867188,59124142.0
2021-06-01,982.1321030027278,998.4556475299046,973.2901730558312,983.4470825195312,28013832.0
2021-06-02,978.051248127406,1001.856407995626,978.051248127406,998.1156005859376,24630162.0
2021-06-03,1007.0707759680464,1020.220331233519,995.7804103170116,1001.9243774414062,23974257.0
2021-06-04,1004.2595618006808,1005.007723278059,990.4072405064372,993.2412109375,14468646.0
2021-06-07,998.4556127916534,1016.5928305525484,990.747259262441,1009.9727172851562,16336573.0
2021-06-08,1009.6100245190582,1009.8593716828784,996.7098768905072,1004.1688232421876,9674735.0
2021-06-09,1006.1639653966724,1007.0708023507112,978.4819907883092,986.2130126953124,11409161.0
2021-06-10,994.5561020859404,1011.1517216348074,987.3692305170946,989.8404541015624,14155653.0
2021-06-11,993.24581569042,1013.766875641892,991.9717457006176,1007.0098876953124,13762778.0
2021-06-14,1007.851579256908,1027.530819009634,998.7740423359074,1021.4564208984376,20332436.0
2021-06-15,1028.7822100785202,1035.106825043558,1019.363408127066,1023.7770385742188,15174215.0
2021-06-16,1021.4564397057088,1022.434678867938,1003.6881840170562,1006.3045043945312,10797349.0
2021-06-17,1001.0264608448158,1016.9519142263862,991.8807422543712,1008.1473999023438,15745975.0
2021-06-18,1012.6292078814683,1016.951850443548,993.9054594499104,1012.6974487304688,29369026.0
2021-06-21,1002.6189877915084,1022.6394327555988,1001.0947014517697,1017.9755859375,12186448.0
2021-06-22,1025.596992217332,1028.7821668704214,1009.8308290128952,1012.742919921875,12871913.0
2021-06-23,1023.777092514532,1024.0500559302593,1001.799987098414,1003.4608154296876,16653951.0
2021-06-24,1004.1432535343796,1007.669572262773,973.7257080355693,979.8683471679688,91461975.0
2021-06-25,979.868355835384,979.868355835384,946.9254774381874,957.5499877929688,55355022.0
2021-06-28,965.535542609245,967.5830690553375,946.880034202098,949.1550903320312,20277042.0
2021-06-29,950.7476377872767,959.6203929887992,948.2906059997632,949.97412109375,27144063.0
2021-06-30,953.8189497184268,965.8312654969786,951.4529057551116,960.3711547851562,19762858.0
2021-07-01,963.715500911565,966.0587979305756,953.2502184775108,954.592529296875,12534407.0
2021-07-02,954.1602048328318,970.4951632609226,952.317400936898,968.7433471679688,14086620.0
2021-07-05,972.1104477919256,979.891168748786,969.8581385815544,978.3668823242188,11702287.0
2021-07-06,975.9780960314432,977.775345876362,964.7165499262376,966.8095703125,10070124.0
2021-07-07,968.1518891821572,968.1518891821572,954.6152867923088,960.09814453125,10454892.0
2021-07-08,963.2377120648708,963.2377120648708,946.880007204719,952.1581420898438,11185460.0
2021-07-09,950.0650773140198,951.7486525291566,940.1003484340648,942.4208984375,9037675.0
2021-07-12,946.3112426024384,956.2077909534228,943.9224517127792,948.2905883789062,8585292.0
2021-07-13,955.525214607773,956.9130192420056,950.087790995972,955.3887329101562,6717133.0
2021-07-14,955.6844881859736,958.6420731903104,946.9937689554592,949.1550903320312,8532544.0
2021-07-15,953.2502049164672,953.2502049164672,945.7425076403308,947.4943237304688,9448356.0
2021-07-16,949.951306958421,962.2366455584817,949.8830661097808,961.1673583984376,8828185.0
2021-07-19,955.52529254446,966.4455743808566,951.9989734743656,955.0475463867188,8354449.0
2021-07-20,955.2976750301372,959.1653183707836,948.2450375383124,952.7041015625,6741464.0
2021-07-22,964.1704530749702,966.4000152300578,954.683470529445,964.9439697265624,7972397.0
2021-07-23,971.2004383163172,971.2004383163172,956.4580071605648,958.1188354492188,9937030.0
2021-07-26,959.1653356602168,965.0804452589716,942.3753787545852,944.99169921875,12389668.0
2021-07-27,944.9689777697636,948.1085383406383,929.1345728588084,935.0496826171876,10824523.0
2021-07-28,936.414732655119,936.414732655119,917.4179602018662,927.0187377929688,12897848.0
2021-07-29,934.5946824013536,943.8769425785124,929.7715466212894,934.25341796875,13765738.0
2021-07-30,936.4146770615432,940.9420420087474,924.174832733627,926.0859375,11350608.0
2021-08-02,934.7312372274596,946.1520117827724,928.7478263645152,943.012451171875,10925104.0
2021-08-03,950.9750871922384,951.4300863540562,939.235795896344,949.9512939453124,11817299.0
2021-08-04,952.9772263092808,961.8954756587328,949.6101358514544,957.2316284179688,13169800.0
2021-08-05,962.0318984025092,980.4598768953388,957.4590392491626,971.1094360351562,21252078.0
2021-08-06,969.1528000617284,976.8880266163,945.856192777068,950.5428466796876,16620987.0
2021-08-09,946.8799898333924,950.8841149123824,940.2822912594686,945.128173828125,7494143.0
2021-08-10,947.3349664779624,961.4403616289128,943.5811181110124,950.0877685546876,11919198.0
2021-08-11,954.1374592617028,964.6254885296094,947.9720727670094,963.39697265625,9184963.0
2021-08-12,966.8550623942888,967.4466034758628,957.800331624984,960.3029174804688,8137612.0
2021-08-13,963.3969420853272,978.2303606065248,959.5975996548036,976.2965087890624,12780901.0
2021-08-16,977.980045315504,1002.3914332731312,968.3337742680684,988.9685668945312,21935444.0
2021-08-17,986.8528461084586,994.292242197458,977.2975624086582,984.759765625,12658169.0
2021-08-18,989.1961972236584,995.020319457164,979.4589373887336,988.5819091796876,10075860.0
2021-08-20,975.090702319037,988.2860390419916,972.3606471777292,977.4795532226562,9426282.0
2021-08-23,989.1961455676026,989.1961455676026,970.2221199980744,983.895263671875,9854395.0
2021-08-24,985.123805492856,997.3863978639248,980.8239096504692,993.6098022460938,11864472.0
2021-08-25,994.383318017174,1010.1267354530132,991.9717199859176,1002.20947265625,13380559.0
2021-08-26,1004.666525440298,1021.4564824929126,1003.3014677332652,1014.8815307617188,18589616.0
2021-08-27,1017.8619111430866,1020.4782919319844,1008.3294342208058,1013.4937744140624,10480636.0
2021-08-30,1023.7770080256,1035.5391065503322,1017.7708505413505,1032.990966796875,14027062.0
2021-08-31,1036.016904489164,1039.1337183154053,1020.2507393885752,1027.4854736328125,26485463.0
2021-09-01,1034.242238504605,1043.296968181422,1029.6921267178896,1031.5576171875,11145486.0
2021-09-02,1026.052128476792,1050.0767599227504,1026.052128476792,1043.9796142578125,9956770.0
2021-09-03,1051.0776557907193,1089.753727352986,1047.6651320377116,1086.796142578125,30664428.0
2021-09-06,1097.944051619568,1128.4299004209945,1097.4889922462603,1103.67724609375,33641710.0
2021-09-07,1105.6792381399396,1118.4195769224002,1097.4890117544835,1110.638916015625,17349882.0
2021-09-08,1115.689511959844,1116.5995103115172,1095.054658449374,1106.29345703125,14301651.0
2021-09-09,1104.7237261918483,1109.2510915570197,1099.35460328716,1103.67724609375,8963249.0
2021-09-13,1107.0443192185294,1107.0443192185294,1077.4913349676583,1079.0838623046875,16311160.0
2021-09-14,1080.6536720322044,1089.2988378614205,1076.5584984650136,1077.67333984375,8908356.0
2021-09-15,1077.695905241629,1090.0949179081745,1077.695905241629,1082.155029296875,9071075.0
2021-09-16,1083.6338341939222,1108.750437452325,1077.013388880378,1104.860107421875,13448882.0
2021-09-17,1112.9593400786748,1117.441211114052,1080.9264609621353,1087.7288818359375,34882133.0
2021-09-20,1079.3340516110384,1100.3783514488218,1078.3785593037169,1089.4581298828125,11779819.0
2021-09-21,1094.3038400919852,1099.5819747220887,1084.7485569386888,1094.1673583984375,9915736.0
2021-09-22,1095.6689260415033,1111.1392587944545,1091.2325487612284,1105.90673828125,10995912.0
2021-09-23,1113.596411926489,1136.1649964932392,1112.731907489886,1132.9344482421875,15748397.0
2021-09-24,1139.1453680882423,1140.009872555042,1124.7897556991463,1129.6583251953125,15192163.0
2021-09-27,1131.6149158288963,1151.134928281977,1126.2912870102596,1148.655029296875,15373834.0
2021-09-28,1153.0004562253168,1167.0603586138618,1143.354184437372,1159.3934326171875,18035258.0
2021-09-29,1169.38083570803,1169.38083570803,1146.653022546889,1150.2021484375,9719875.0
2021-09-30,1148.9053210131074,1153.273457399079,1137.6892697076169,1146.2889404296875,13590654.0
2021-10-01,1138.417354693103,1155.6395643825465,1135.2550471541776,1148.3138427734375,8958928.0
2021-10-04,1161.645680951927,1171.587662580675,1154.38820045178,1163.0789794921875,10918552.0
2021-10-05,1162.6012346483487,1188.4914771861918,1159.0748554855732,1187.2174072265625,13533634.0
2021-10-06,1192.1087413964174,1192.1087413964174,1160.78125500237,1164.7625732421875,10258881.0
2021-10-07,1180.7562090449592,1182.4625914537355,1168.3344479778266,1170.4730224609375,6336665.0
2021-10-08,1176.319912141792,1221.4344612360428,1174.6136499701672,1215.4510498046875,15772493.0
2021-10-11,1229.1694349795048,1237.6326239992216,1203.6660128198464,1206.987548828125,14768666.0
2021-10-12,1203.5069288032655,1220.797380462856,1201.8005463413256,1213.881103515625,6682011.0
2021-10-13,1218.9770173074653,1237.4050535570852,1214.5633873865163,1226.2344970703125,9959762.0
2021-10-14,1228.69173058792,1236.47251177523,1222.7083196035724,1228.7144775390625,8623469.0
2021-10-18,1214.24509076485,1249.0079672854492,1211.3784935963072,1231.9906005859375,13594479.0
2021-10-19,1239.3616754056989,1251.897290898018,1232.1725560059265,1243.0245361328125,8833409.0
2021-10-20,1247.9842743668398,1247.9842743668398,1224.6649184645307,1228.7144775390625,12710570.0
2021-10-21,1240.9997210618956,1241.2726844412653,1184.4871546113602,1193.2689208984375,20831669.0
2021-10-22,1192.1315066188683,1212.56163907253,1188.2639230760203,1195.4986572265625,11027475.0
2021-10-25,1219.4322268467454,1219.4322268467454,1169.3808726672285,1183.8502197265625,17198417.0
2021-10-26,1190.8119938799573,1214.3815653473446,1184.464511564794,1210.8096923828125,9750178.0
2021-10-27,1206.691962726344,1217.976256032517,1192.1087596672703,1195.4986572265625,9896298.0
2021-10-28,1192.1313011797697,1200.298779292571,1178.708556028044,1182.39404296875,9886181.0
2021-10-29,1181.2794715076984,1181.2794715076984,1138.303621720808,1154.0242919921875,14233025.0
2021-11-01,1154.0243384080532,1163.0108284889366,1134.845529109983,1154.7296142578125,15481114.0
2021-11-02,1158.0057208153316,1159.3707786875088,1135.3688922235076,1137.8941650390625,10569130.0
2021-11-03,1140.2828162204378,1146.6302984409235,1119.7845647630193,1130.06787109375,11989430.0
2021-11-04,1134.3220924997154,1139.7595760808606,1132.9799021702054,1137.0067138671875,1705656.0
2021-11-08,1146.357370619063,1146.630454409684,1117.691636338527,1138.41748046875,20337183.0
2021-11-09,1139.805123815544,1150.6798507830365,1131.637644937905,1147.40380859375,15682497.0
2021-11-10,1145.1286055338037,1163.9205925184517,1139.190689562383,1160.2349853515625,10253470.0
2021-11-11,1155.7534963250885,1169.6085579306034,1153.705909366423,1162.3511962890625,10722478.0
2021-11-12,1166.1503984605802,1182.4626105860948,1163.465776749054,1179.8917236328125,8712341.0
2021-11-15,1183.031141558392,1184.0322480185664,1169.3808058406628,1172.929931640625,4803269.0
2021-11-16,1170.3136027722971,1171.6559135252794,1135.255016670807,1145.6748046875,11337581.0
2021-11-17,1137.0524279565616,1137.0524279565616,1119.7847223766223,1121.1497802734375,10202029.0
2021-11-18,1119.3294522857675,1132.5248489990863,1114.8020873378032,1125.381103515625,8505625.0
2021-11-22,1108.4548007788628,1114.3244768150466,1069.733232783756,1075.53466796875,24124307.0
2021-11-23,1061.5658216102945,1092.597718814344,1050.6228528101806,1085.5904541015625,25326999.0
2021-11-24,1082.9287078531015,1096.5335515396243,1066.343532034508,1069.9154052734375,16820296.0
2021-11-25,1079.7435455818988,1138.4400635861748,1072.5315589664726,1134.3221435546875,42401936.0
2021-11-26,1122.8786907081894,1127.3378152568512,1092.7114193284249,1097.7620849609375,15763138.0
2021-11-29,1109.819891228915,1137.530130735484,1091.6193215192616,1110.911865234375,24325354.0
2021-11-30,1122.9695939867834,1126.56421376736,1086.9553960411952,1094.48583984375,32172299.0
2021-12-01,1107.044315866843,1125.699825172228,1103.4496957163708,1122.5147705078125,10104610.0
2021-12-02,1123.7432731717324,1135.8010837797613,1120.057665060323,1129.7266845703125,12720411.0
2021-12-03,1136.8020863205188,1136.8475802217874,1092.028866217897,1095.78271484375,19222481.0
2021-12-06,1099.309066908383,1103.404119692969,1072.5315739182363,1075.0113525390625,10332254.0
2021-12-07,1081.1768723394634,1093.8488493527543,1073.8284038337267,1083.7703857421875,11235122.0
2021-12-08,1102.994641711683,1106.4981533356588,1094.895403830012,1100.2645263671875,8744178.0
2021-12-09,1107.9543482561612,1126.1093048249602,1103.404235637729,1117.71435546875,13213547.0
2021-12-10,1110.343003210938,1122.0596079618992,1105.8383850496557,1118.851806640625,8364414.0
2021-12-13,1125.4723509045857,1125.7453143246432,1093.8489128488443,1096.4197998046875,12901733.0
2021-12-14,1082.928585323525,1094.758924705155,1079.925506579218,1082.996826171875,12991523.0
2021-12-15,1084.7486582787296,1094.3039423247055,1074.3288697386265,1079.8345947265625,9366969.0
2021-12-16,1094.6222331236886,1099.0813569765323,1077.7640971670985,1093.80322265625,9761279.0
2021-12-17,1091.1415595298963,1095.6689246022736,1055.6277943848347,1064.932861328125,21049821.0
2021-12-20,1054.6495980178693,1054.6495980178693,1022.4574879615028,1036.2216796875,14325846.0
2021-12-21,1051.6921003499008,1067.458265728843,1042.9786937245733,1051.6466064453125,12836561.0
2021-12-22,1057.8573860824,1079.2430094666254,1056.5379426212896,1076.6038818359375,17658543.0
2021-12-23,1080.1984810516549,1082.9285964305648,1072.9411209146308,1076.2171630859375,9072401.0
2021-12-24,1078.3785179602155,1088.3887407376528,1063.6133400712515,1079.652587890625,7886494.0
2021-12-27,1074.5337382222722,1082.0186888381238,1068.413845410363,1078.4923095703125,4017223.0
2021-12-28,1080.926608302519,1094.2357415301187,1079.7663934022717,1091.3009033203125,6374613.0
2021-12-29,1087.9337410579972,1100.6740785888855,1083.884061988693,1093.1663818359375,15425312.0
2021-12-30,1092.02896140955,1094.2812707813944,1067.276305271878,1073.4189453125,29333171.0
2021-12-31,1079.7435583793856,1084.703115610681,1073.828388538488,1077.5367431640625,9477290.0
2022-01-03,1076.1034905748938,1095.6462506930534,1075.4437086416906,1093.7806396484375,5421611.0
2022-01-04,1099.2636517956478,1119.7846517979926,1093.848914455948,1118.465087890625,10847728.0
2022-01-05,1120.2396140596422,1127.0647821675334,1107.021469888781,1123.6976318359375,11643813.0
2022-01-06,1115.3254092772324,1116.5994791465537,1096.1238548571223,1099.5364990234375,14447422.0
2022-01-07,1106.11137689842,1118.4421482661342,1097.284116906681,1108.4091796875,13112115.0
2022-01-10,1115.6895654128748,1117.9646215781718,1099.3318598320666,1109.3193359375,9246731.0
2022-01-11,1108.409307707792,1126.1319502273575,1107.9542483452858,1117.3048095703125,16205164.0
2022-01-12,1124.471284081761,1148.8827357783716,1121.604686652831,1147.130859375,14800442.0
2022-01-13,1147.19918473575,1156.1856749337926,1141.3522552982324,1153.592041015625,11856712.0
2022-01-14,1153.455515914101,1168.1523329319614,1149.2921017722908,1155.2755126953125,19930176.0
2022-01-17,1154.8205993720844,1167.105878804206,1154.3655399895374,1161.304443359375,8036453.0
2022-01-18,1162.4418646639435,1165.8998821993202,1144.696356607209,1147.44921875,6215029.0
2022-01-19,1151.1803655784236,1156.6404758295853,1141.6250823732196,1147.3582763671875,9755485.0
2022-01-20,1137.5528377304774,1142.0574560089742,1117.054465620327,1127.26953125,16494486.0
2022-01-21,1115.6895591579548,1138.5538554378695,1115.6895591579548,1127.4515380859375,13338594.0
2022-01-24,1126.1545759538076,1139.6912967231897,1071.598729229798,1081.9730224609375,21868937.0
2022-01-25,1069.0734401117095,1086.8644436444313,1048.802657948011,1079.8572998046875,24510205.0
2022-01-27,1062.9080331478983,1072.0537511885557,1051.5554999211186,1063.863525390625,20020431.0
2022-01-28,1076.103358864866,1081.0629157010064,1059.4499449788068,1062.8397216796875,14667727.0
2022-01-31,1073.91944662709,1094.9409997464795,1072.0993294430996,1085.9317626953125,12143683.0
2022-02-01,1095.6690383601324,1101.402112704543,1067.9587979070466,1082.337158203125,13200509.0
2022-02-02,1095.2138271372608,1095.2138271372608,1080.6989871423398,1084.5438232421875,10017691.0
2022-02-03,1088.3887863228124,1092.6886822523618,1068.0042683536662,1070.529541015625,9572839.0
2022-02-04,1065.183161923649,1068.573059435484,1056.1284310635565,1060.76953125,11061241.0
2022-02-07,1065.63825913264,1072.372440138568,1048.802746440698,1054.3084716796875,10714467.0
2022-02-08,1060.4737500675897,1073.8283759531455,1051.077695211511,1072.031005859375,12060849.0
2022-02-09,1078.901658786714,1086.204633140618,1072.918368570495,1084.5211181640625,11486225.0
2022-02-10,1090.0723137940836,1090.0723137940836,1076.1490130370194,1083.406494140625,12464491.0
2022-02-11,1079.857228868873,1084.9761347999724,1066.593591416207,1081.29052734375,15943370.0
2022-02-14,1064.8418760134352,1071.5305623649283,1052.4427424947037,1064.068359375,10719633.0
2022-02-15,1069.824295697398,1102.9037798370225,1062.7716573911962,1100.1964111328125,11212671.0
2022-02-16,1105.6793011160346,1107.0443589837334,1090.186219274119,1097.92138671875,10392840.0
2022-02-17,1101.1745201113265,1117.0089242641511,1096.5789142269996,1111.82177734375,12853252.0
2022-02-18,1112.2314504381943,1117.6915612787002,1101.1973736454247,1103.1312255859375,6775458.0
2022-02-21,1097.4890031023697,1109.091873871227,1085.021748188729,1091.9833984375,11107193.0
2022-02-22,1070.5978559109342,1090.1634849848142,1067.9815952626598,1087.0238037109375,13494914.0
2022-02-23,1092.5294602510214,1095.0092390254035,1077.468571284383,1080.2213134765625,7310110.0
2022-02-24,1048.8027920240986,1064.6828130643278,1020.7740927277777,1026.3934326171875,24846650.0
2022-02-25,1037.4729771115954,1050.1450756675365,1035.7212210618118,1039.224853515625,14570089.0
2022-02-28,1020.5919703644312,1077.1726610969984,1020.5919703644312,1073.62353515625,21297446.0
2022-03-02,1062.2027357830907,1092.4838597770895,1059.8139450476658,1091.3690185546875,21471786.0
2022-03-03,1092.0287696037128,1098.7856965324477,1078.4011810031334,1082.155029296875,10186748.0
2022-03-04,1070.643199306108,1075.7848524224223,1055.787154408625,1058.1531982421875,10805667.0
2022-03-07,1036.8358471079189,1052.0333374144284,1011.0367133096933,1019.022216796875,17983310.0
2022-03-08,1006.2590402981642,1021.9570232050448,991.92617525868,1017.1793212890624,21289374.0
2022-03-09,1017.406956117863,1077.01347494328,1016.565078233395,1071.143798828125,20414228.0
2022-03-10,1092.028820377732,1094.3038764083778,1073.8283721325647,1088.50244140625,17980493.0
2022-03-11,1081.1313132856126,1097.0340801861346,1081.1313132856126,1091.64208984375,12257423.0
2022-03-14,1086.06812572994,1103.1311056498985,1080.1984500463022,1100.605712890625,8340678.0
2022-03-15,1104.7464533796308,1104.7464533796308,1065.1148867530296,1075.398193359375,15925769.0
2022-03-16,1083.8387095081289,1095.6235563592827,1081.6091471404573,1093.55322265625,11149828.0
2022-03-17,1106.9304944761457,1136.3469946247096,1098.8994972340938,1129.203369140625,21422098.0
2022-03-21,1112.0493977484434,1130.249846191458,1109.7743416930666,1122.6966552734375,11999466.0
2022-03-22,1119.3750232146149,1153.4327442921551,1116.417558596963,1151.7037353515625,22557065.0
2022-03-23,1147.9954813767026,1167.0376894069475,1147.9954813767026,1155.3665771484375,15462187.0
2022-03-24,1142.0802732954487,1175.8194185614975,1142.0802732954487,1173.3167724609375,13168266.0
2022-03-25,1175.0686673806458,1190.3115323247282,1172.566021240517,1181.14306640625,14222488.0
2022-03-28,1187.5813149251485,1196.5678044575318,1176.8885634283015,1193.018798828125,9891424.0
2022-03-29,1200.321761515582,1200.321761515582,1186.3984604316122,1193.2918701171875,8684065.0
2022-03-30,1201.1863453712592,1223.0724028520565,1190.8120505919685,1216.2244873046875,15811550.0
2022-03-31,1212.584340487485,1214.7456618708436,1196.0446595036312,1198.8428955078125,13223718.0
2022-04-01,1199.4116203413212,1212.6752582349072,1193.0415116671982,1208.443603515625,7922880.0
2022-04-04,1208.2617761125623,1217.1572786813151,1201.9826544660282,1212.015625,7929162.0
2022-04-05,1206.2823045318924,1214.8366019261357,1192.4499926471442,1194.88427734375,13149870.0
2022-04-06,1177.1617516980632,1198.72923220727,1177.1617516980632,1191.6993408203125,12257215.0
2022-04-07,1180.8015690820075,1185.7612463786218,1168.0157378896515,1170.6776123046875,15496499.0
2022-04-08,1164.8308932448697,1194.40674604813,1164.8308932448697,1190.15234375,15152495.0
2022-04-11,1183.031386405553,1200.5721761413577,1175.2962186354357,1187.672607421875,9254209.0
2022-04-12,1177.1159431844708,1184.214194610572,1162.7375850997262,1165.3084716796875,13217742.0
2022-04-13,1171.4284128604863,1179.664132404293,1158.2330158892628,1161.0313720703125,10354235.0
2022-04-18,1152.545489452205,1164.7397805103374,1147.4493300930017,1157.4822998046875,9974224.0
2022-04-19,1163.920736701103,1213.972089786732,1160.7584292751112,1201.595703125,26141820.0
2022-04-20,1209.0124078704498,1244.0028730390352,1205.3722941596611,1236.9273681640625,25072240.0
2022-04-21,1251.692532864583,1269.0284764486553,1243.0927417436085,1265.888916015625,21708633.0
2022-04-22,1255.3327253469529,1274.9437261640835,1248.6440386176955,1255.2872314453125,15054154.0
2022-04-25,1247.8251704716654,1255.1052787532617,1211.9929418363483,1226.257568359375,17063215.0
2022-04-26,1233.0825422871724,1271.7586153913803,1232.0360622414871,1262.9541015625,12227666.0
2022-04-27,1253.9449263825295,1286.7740721528176,1253.5808548135026,1264.1827392578125,19338945.0
2022-04-28,1278.5610555725848,1297.239310503393,1267.708955036475,1283.065673828125,25614076.0
2022-04-29,1299.5825839676363,1299.5825839676363,1263.7048672221586,1269.5972900390625,18214862.0
2022-05-02,1256.7432351242765,1276.5362108883514,1254.9458650066724,1265.13818359375,9467006.0
2022-05-04,1267.2084828840266,1269.4835388914837,1217.748671405608,1225.64306640625,19247660.0
2022-05-05,1239.2252151754035,1242.18280014838,1197.591676403661,1201.6412353515625,17210669.0
2022-05-06,1188.582409796725,1209.8769247815503,1180.0963532492094,1192.42724609375,19649948.0
2022-05-09,1171.6331985147317,1181.711782557566,1140.715158224648,1145.8568115234375,18083752.0
2022-05-10,1135.255056944122,1149.633416525882,1118.419545268301,1125.9954833984375,19511677.0
2022-05-11,1125.0854480941018,1130.6821606199796,1102.0163098457965,1114.4609375,16643899.0
2022-05-12,1104.5416911448524,1107.885974171999,1078.378486557952,1091.755859375,20490321.0
2022-05-13,1103.85911669265,1127.5196744148525,1099.0131741208802,1104.132080078125,19308778.0
2022-05-16,1107.704062756325,1128.8848441001169,1099.6048242868326,1104.4052734375,13437911.0
2022-05-17,1107.999824091496,1155.6851383517535,1106.5892723531913,1150.793701171875,16551828.0
2022-05-18,1155.5712773721964,1169.3808421611643,1141.2839062872033,1154.979736328125,17276788.0
2022-05-19,1130.2499303127915,1143.2177387581737,1122.0824507846328,1128.361572265625,14699118.0
2022-05-20,1143.2176453948912,1203.2337272058603,1138.4400638194588,1194.15625,21793091.0
2022-05-23,1197.364082975496,1207.3971730449673,1179.8461630484092,1186.1708984375,15252755.0
2022-05-24,1186.2164738705717,1200.3217504414995,1181.9848186867473,1190.2432861328125,13527818.0
2022-05-25,1198.9568604081787,1208.8306025401785,1183.7138745751004,1188.4915771484375,12714544.0
2022-05-26,1194.1334932703796,1198.9111951609143,1159.37061802393,1177.16162109375,17882023.0
2022-05-27,1179.8690179099194,1185.3746228810087,1155.7761439362052,1171.7015380859375,16521973.0
2022-05-30,1189.8562993151577,1216.7020315446362,1180.392124401247,1212.5159912109375,13853398.0
2022-05-31,1201.8687694825662,1218.8862574674567,1190.1750310186887,1197.887451171875,70620653.0
2022-06-01,1198.638121118035,1208.1479107227306,1190.4024014083636,1198.274169921875,9776989.0
2022-06-02,1198.501741229144,1243.2977103658052,1198.501741229144,1239.58935546875,22126569.0
2022-06-03,1248.553069849641,1281.9281427980586,1247.642951094485,1264.7059326171875,23939791.0
2022-06-06,1264.933385678996,1280.4037178841604,1252.101940232276,1259.2684326171875,11093152.0
2022-06-07,1260.337826598074,1269.9840987331656,1252.2159612910536,1261.6346435546875,12358255.0
2022-06-08,1261.6344822845072,1265.388330609935,1235.9490850298985,1239.4754638671875,12479250.0
2022-06-09,1233.082627965682,1275.3986973973456,1233.082627965682,1273.4649658203125,17278305.0
2022-06-10,1261.2478021770742,1269.4380277636071,1229.2149225576163,1235.016357421875,18093057.0
2022-06-13,1205.7819334162448,1216.156107684235,1190.4479609930536,1211.6514892578125,17620803.0
2022-06-14,1205.804612494347,1215.7238471836963,1189.151077141205,1195.8170166015625,14714312.0
2022-06-15,1191.0166743810375,1200.0031636736535,1175.933039795803,1181.34765625,11195535.0
2022-06-16,1193.4965424947006,1209.8997420887065,1162.1006949883244,1164.830810546875,17111475.0
2022-06-17,1164.830742811065,1194.3382305909047,1163.0562400137392,1178.4810791015625,24457187.0
2022-06-20,1185.3063342518617,1190.8120593552974,1147.1308115234451,1157.118408203125,12066797.0
2022-06-21,1164.830795221328,1180.0281654943678,1150.4069416324685,1175.796630859375,11720049.0
2022-06-22,1163.966274425617,1164.057262227865,1137.985044485591,1140.078125,10617206.0
2022-06-23,1144.377961370299,1148.905326422505,1112.5043100555831,1121.581787109375,19446323.0
2022-06-24,1128.429884986889,1142.5351607614082,1122.9696539988313,1137.5528564453125,14240234.0
2022-06-27,1157.9828298757552,1157.9828298757552,1129.135003587969,1134.1856689453125,15474529.0
2022-06-28,1129.3853215361614,1152.9776391694047,1129.3853215361614,1150.1337890625,13572847.0
2022-06-29,1140.8061704616557,1181.6663139665932,1137.985067118919,1173.999267578125,19205146.0
2022-06-30,1173.931124222141,1190.2660842003577,1167.5610145751589,1181.0521240234375,23112959.0
2022-07-01,1171.610445710058,1179.391106293829,1076.103462886294,1095.9874267578125,81997149.0
2022-07-04,1082.4506733389208,1111.1391472548082,1076.6037450673573,1098.2623291015625,41857728.0
2022-07-05,1102.4941121326235,1121.5590649917854,1099.8094906293034,1107.157958984375,17647327.0
2022-07-06,1101.174625131128,1111.116607529142,1086.5687955560873,1097.4207763671875,23943726.0
2022-07-07,1103.813720771296,1107.1580039571163,1080.6535938667355,1086.6142578125,23301033.0
2022-07-08,1100.2192721805015,1100.2192721805015,1084.0890337509463,1088.115966796875,19010108.0
2022-07-11,1081.336087585235,1105.1331283386687,1078.3785026593284,1102.9036865234375,13847467.0
2022-07-12,1093.8487904297283,1110.0927598985188,1093.8487904297283,1101.333740234375,10778989.0
2022-07-13,1104.4507905221294,1107.499363443423,1079.7436294761944,1081.8138427734375,14224132.0
2022-07-14,1086.5686402982146,1107.4764556314449,1081.5407222618398,1090.73193359375,16970315.0
2022-07-15,1098.8540583216684,1098.8540583216684,1084.33921677306,1092.847900390625,9603210.0
2022-07-18,1101.584037969047,1103.4040345430285,1088.525123257814,1102.15283203125,15160908.0
2022-07-19,1092.1653876854057,1113.4145306244031,1092.1653876854057,1108.909912109375,16439888.0
2022-07-20,1155.730654624441,1156.8681226053911,1131.273708960185,1138.8951416015625,23924246.0
2022-07-21,1134.7998965175696,1137.5300117770723,1122.651100250388,1131.2962646484375,16523230.0
2022-07-22,1137.5300002449842,1144.9467089844488,1135.254944336538,1138.9405517578125,10969995.0
2022-07-25,1122.7195298133436,1122.7195298133436,1093.3940142099802,1101.3111572265625,23110452.0
2022-07-26,1101.629669898458,1112.003964591019,1097.193292295004,1101.8116455078125,11303288.0
2022-07-27,1101.1063409773997,1104.3141424256503,1092.938861823789,1100.76513671875,8655086.0
2022-07-28,1108.409232735442,1122.9468197968529,1101.5840648849116,1118.010009765625,12496073.0
2022-07-29,1126.0181765545474,1145.3107190485075,1121.149607208918,1141.829833984375,15130683.0
2022-08-01,1146.2434528105707,1177.4573222630406,1140.9880650198957,1171.587646484375,15700044.0
2022-08-02,1170.518401829726,1186.580275301345,1165.535977507085,1176.0467529296875,13917913.0
2022-08-03,1183.0311881851292,1187.581300270372,1168.220637135406,1185.9205322265625,14250977.0
2022-08-04,1187.581429174509,1191.1078085473182,1153.4555848310504,1170.2454833984375,14467127.0
2022-08-05,1172.1110567812314,1173.3850064214537,1149.792686697798,1153.00048828125,13942438.0
2022-08-08,1151.6354129424303,1175.546309977684,1151.6354129424303,1168.0841064453125,10165178.0
2022-08-10,1172.520585415533,1178.4357560699364,1163.488600761841,1175.0687255859375,10724688.0
2022-08-11,1184.4418001629217,1187.5358669102814,1174.0220116644236,1178.981689453125,8198226.0
2022-08-12,1178.617605730641,1201.845973401522,1174.9321182963515,1198.046630859375,12650587.0
2022-08-16,1204.052862906299,1209.1035287580976,1195.4531911057852,1206.3734130859375,6607378.0
2022-08-17,1212.6070521185068,1218.0216687174443,1208.3071564277768,1212.67529296875,6595965.0
2022-08-18,1214.2810405952932,1218.3894546289891,1205.24240897424,1214.87451171875,7410035.0
2022-08-19,1209.7159828214287,1215.0569809988342,1189.1507309375147,1193.213623046875,9460724.0
2022-08-22,1194.6517009933089,1201.1795211355932,1180.500282384016,1189.904052734375,9471680.0
2022-08-23,1184.1522321085429,1211.1768414672938,1182.9424687305054,1208.2552490234375,9678484.0
2022-08-24,1205.1968562417935,1218.846089361482,1203.0284828486283,1205.0369873046875,10369622.0
2022-08-25,1209.2366122809538,1215.6046836675666,1197.207925664541,1201.5218505859375,7871946.0
2022-08-26,1201.9555917154182,1209.716117387308,1190.0867726380989,1195.108154296875,10742038.0
2022-08-29,1180.0437597555986,1211.998588237166,1176.8711343003506,1185.8184814453125,19838975.0
2022-08-30,1193.282300881728,1207.547826665914,1176.2092881324145,1204.21533203125,23139054.0
2022-09-01,1178.9710757031155,1189.150886984996,1164.385933490136,1168.81396484375,19909939.0
2022-09-02,1168.8139049237643,1175.638520959865,1152.973478456532,1155.1646728515625,12999345.0
2022-09-05,1155.3929766209455,1178.446101569222,1155.3929766209455,1173.1051025390625,11327815.0
2022-09-06,1174.5658588505653,1189.6302455363334,1174.1093147173583,1185.4532470703125,10899618.0
2022-09-07,1175.478839783805,1184.563114237557,1173.1963605855797,1178.5601806640625,7488501.0
2022-09-08,1181.527366464761,1185.978218827882,1173.6528558204227,1180.226318359375,7057077.0
2022-09-09,1191.4561604892992,1191.4561604892992,1170.4573041604865,1172.8768310546875,8314850.0
2022-09-12,1173.4474025715351,1192.369291715923,1173.4474025715351,1186.0010986328125,7435419.0
2022-09-13,1195.1081207827935,1200.449119404543,1187.3477160754526,1195.906982421875,8888657.0
2022-09-14,1175.4787801044877,1191.4561336808906,1174.451706778856,1181.572998046875,8678219.0
2022-09-15,1179.1307346574977,1188.5116835520153,1167.1476896556203,1169.8638916015625,10365600.0
2022-09-16,1161.213264147553,1165.4359048168926,1137.133067391258,1140.8763427734375,20217708.0
2022-09-19,1140.8762459554318,1151.6038847358493,1132.7277612467549,1142.35986328125,7580254.0
2022-09-20,1151.4898271317024,1158.4514907194557,1138.822026415054,1142.54248046875,8411448.0
2022-09-21,1139.7580348153278,1156.3060391967588,1138.95917313293,1145.6925048828125,9207309.0
2022-09-22,1134.8505978968233,1142.6110027498532,1128.5053470017444,1134.896240234375,10308170.0
2022-09-23,1134.394179751921,1139.3927402184245,1112.0714541784876,1113.62353515625,9528051.0
2022-09-26,1092.8756748841324,1103.7175409409906,1084.2479451217905,1085.252197265625,12479523.0
2022-09-27,1092.8528108642224,1107.4607728213189,1077.3776445528867,1093.8800048828125,16154822.0
2022-09-28,1077.491757249726,1085.5489575446488,1062.3132660155625,1064.7554931640625,16997059.0
2022-09-29,1077.3320028920632,1080.7556609643932,1055.8766040342564,1061.4915771484375,14671827.0
2022-09-30,1054.9636064469146,1096.5047707006538,1054.9636064469146,1085.434814453125,18613024.0
2022-10-03,1091.7117072217247,1103.3294933419215,1078.7015883112226,1081.6688232421875,11852723.0
2022-10-04,1094.587668996287,1103.808870249341,1091.095426399377,1101.61767578125,8948850.0
2022-10-06,1108.830344904405,1118.4166846220046,1103.87730611944,1105.680419921875,13352162.0
2022-10-07,1102.2795971833257,1115.6321543527151,1102.2795971833257,1110.359619140625,7714340.0
2022-10-10,1097.8743645838504,1103.6262649687026,1090.1139598954956,1098.2396240234375,6329527.0
2022-10-11,1101.9828714622415,1101.9828714622415,1073.269250949044,1076.3734130859375,9215177.0
2022-10-12,1073.6801664299744,1087.238115154756,1069.6172735984808,1084.293701171875,7417103.0
2022-10-13,1082.5360411069073,1092.852778089425,1077.3776122421918,1087.7401123046875,7328492.0
2022-10-14,1102.4393688537991,1103.0556611703817,1081.48615457156,1082.216552734375,9106089.0
2022-10-17,1075.0496814411536,1101.982888862092,1069.845609321564,1099.5863037109375,16729355.0
2022-10-18,1105.634748048647,1124.3511243615108,1104.7902440911478,1118.9873046875,12415820.0
2022-10-19,1120.4709308445554,1153.955017958595,1114.6277458530562,1138.4569091796875,19247142.0
2022-10-20,1134.3942113183082,1149.9150215278255,1134.3942113183082,1141.5155029296875,8717053.0
2022-10-21,1144.7565172867282,1148.9106943491454,1126.177188586748,1128.2769775390625,8243452.0
2022-10-24,1122.9816380159375,1142.382770547029,1120.836206695688,1132.0430908203125,3370033.0
2022-10-25,1140.7849504711187,1140.7849504711187,1112.9386597912353,1114.5592041015625,12233241.0
2022-10-27,1122.0686333408069,1126.8391025996318,1110.5649536618178,1118.941650390625,12513059.0
2022-10-28,1125.2641978503823,1157.2190279737692,1122.7306857391648,1153.1790771484375,17609592.0
2022-10-31,1159.957944449031,1169.065039404331,1155.9406944170405,1163.8837890625,12419943.0
2022-11-01,1186.8912136799254,1186.8912136799254,1144.8936213637878,1154.8680419921875,13963166.0
2022-11-02,1155.986348539346,1164.157654947125,1148.0890168960857,1162.08056640625,8981896.0
2022-11-03,1154.8680356681098,1168.4259835133787,1152.676841200972,1166.4173583984375,6693449.0
2022-11-04,1165.8465983843869,1186.8910951526373,1164.5684922927214,1183.58154296875,12575815.0
2022-11-07,1182.7827614663586,1191.5931814379082,1175.0223567357784,1189.904052734375,11789748.0
2022-11-09,1191.5931131291466,1196.9112902936065,1182.348970740701,1188.7171630859375,11254205.0
2022-11-10,1182.3262632089595,1185.316319375086,1170.0008998356418,1174.337646484375,5966242.0
2022-11-11,1186.8912796597394,1203.3251787933696,1181.4133535308406,1201.407958984375,12310132.0
2022-11-14,1200.928400591495,1206.0640083384951,1189.2420312652064,1195.58740234375,9043112.0
2022-11-15,1197.0711926191022,1198.9427700567662,1182.3263018305277,1190.2237548828125,7086433.0
2022-11-16,1191.4561277313169,1194.1723297469184,1178.3775455967132,1183.3990478515625,9716161.0
2022-11-17,1180.020863607493,1192.825591205946,1177.7612057960014,1186.45751953125,6661451.0
2022-11-18,1189.9725379072304,1190.9997319984882,1173.6985088451029,1185.8184814453125,5303197.0
2022-11-21,1181.4131345958851,1181.4131345958851,1160.9164671915146,1164.4771728515625,6390268.0
2022-11-22,1161.783907991267,1172.511547625572,1157.903705618024,1170.9366455078125,6611488.0
2022-11-23,1175.4786728280303,1176.8025419691703,1165.0933516897298,1167.2845458984375,6413408.0
2022-11-24,1171.3704732897338,1184.152381470378,1163.2448083737015,1177.3505859375,9389439.0
2022-11-25,1181.8698970100843,1198.2580330465703,1178.7199717595092,1194.9256591796875,7349922.0
2022-11-28,1190.9541361505962,1242.1502306285356,1142.154626734269,1235.987548828125,31527484.0
2022-11-29,1234.34401084029,1246.9889910362924,1229.8018737736188,1238.110107421875,11058913.0
2022-11-30,1238.247142030381,1253.288707028199,1231.7192011093234,1246.85205078125,26164986.0
2022-12-01,1251.6224067137043,1257.6481612150444,1239.8448724818554,1243.17724609375,9485801.0
2022-12-02,1246.235748845341,1254.4526976676975,1232.8147284105949,1242.6522216796875,11589592.0
2022-12-05,1238.0189040182454,1240.1872774344642,1222.4980932976318,1224.5294189453125,14828536.0
2022-12-06,1216.6091015367565,1231.1713003979205,1214.737403586102,1228.067138671875,8594245.0
2022-12-07,1225.693478313524,1230.258436618436,1206.132596960368,1209.9443359375,8462111.0
2022-12-08,1214.2809311328976,1216.5634100007333,1205.1966579940977,1209.37353515625,7757008.0
2022-12-09,1207.8900896926802,1214.2811038799705,1187.7357368415526,1191.04541015625,12655763.0
2022-12-12,1180.2719996623723,1197.3905313761602,1180.0436672450348,1192.8712158203125,9479842.0
2022-12-13,1192.8713067918438,1201.9555809304147,1189.9497141999725,1198.3037109375,8333348.0
2022-12-14,1204.0782660411908,1204.6717371538757,1191.9126515922892,1193.9669189453125,7268947.0
2022-12-15,1188.0324923462415,1193.7386297598832,1173.6528618480468,1177.008056640625,8688551.0
2022-12-16,1173.6529134607251,1195.4734533972091,1167.78690686101,1171.187744140625,15837349.0
2022-12-19,1178.2177795852808,1188.7172073020977,1171.689838827475,1186.5716552734375,7729933.0
2022-12-20,1179.541792973625,1198.7602374146063,1171.3704856304953,1196.843017578125,7467588.0
2022-12-21,1196.477661489117,1201.9555872542346,1175.9809916475376,1179.8155517578125,8527550.0
2022-12-22,1185.9781586267084,1189.013856887232,1171.7126347696108,1176.7569580078125,7451122.0
2022-12-23,1170.137785137051,1182.554553491853,1137.703712598857,1142.245849609375,10257115.0
2022-12-26,1147.9748739735228,1160.414342154975,1137.7721216907048,1152.22021484375,5990242.0
2022-12-27,1154.9364624540497,1163.518549950611,1148.2031310835505,1161.64697265625,5763271.0
2022-12-28,1158.5884232916014,1163.9750640999512,1151.0562304776126,1161.5328369140625,7459393.0
2022-12-29,1153.566904464591,1163.5641454874342,1152.882148696241,1161.0078125,6930648.0
2022-12-30,1161.829476176333,1176.3916749175478,1160.0035413220228,1162.7880859375,7289476.0
2023-01-02,1164.066351583663,1177.3048023328713,1163.244668797144,1175.8896484375,5316175.0
2023-01-03,1170.9365362462836,1174.5657054277967,1163.0620263922654,1167.2845458984375,7658932.0
2023-01-04,1167.26185070999,1169.1107276232435,1147.6325061253483,1149.7095947265625,9264891.0
2023-01-05,1151.969321148222,1157.858149023016,1143.0676158255733,1147.6553955078125,13637099.0
2023-01-06,1153.407118001336,1163.1305046928026,1149.595379440652,1158.086181640625,6349597.0
2023-01-09,1161.9207528429104,1187.8041821914996,1161.0306065888913,1185.4302978515625,10722753.0
2023-01-10,1189.6301316742909,1189.6301316742909,1162.2403842296717,1167.90087890625,8047142.0
2023-01-11,1165.2077656913489,1167.7184566325625,1150.873655990327,1153.1790771484375,11509553.0
2023-01-12,1152.5855061360771,1156.077627831873,1125.2641003718309,1128.2769775390625,17688773.0
2023-01-13,1122.2513519945564,1128.8705782042637,1111.386784310048,1126.451171875,20618583.0
2023-01-16,1128.7791493112115,1131.951774613395,1107.917221092014,1115.723388671875,13623855.0
2023-01-17,1122.0687880986452,1133.4811846812154,1118.690771838856,1131.56396484375,10751000.0
2023-01-18,1129.144430635729,1137.178689301756,1123.1414974309205,1129.692138671875,13448286.0
2023-01-19,1128.8705038207283,1132.6366004638107,1121.4524163802744,1128.4825439453125,11940054.0
2023-01-20,1129.8291140692525,1129.8291140692525,1112.596474928504,1115.0615234375,14930286.0
2023-01-23,1117.960272105855,1125.811961602633,1107.004299933337,1109.4237060546875,10954118.0
2023-01-24,1113.851719292168,1115.51790607312,1089.8171651533376,1102.873046875,16488755.0
2023-01-25,1101.2753294802071,1102.302402806859,1086.461976225218,1087.6259765625,12385018.0
2023-01-27,1088.4706538388857,1089.817223588686,1055.260418546103,1066.992431640625,25830975.0
2023-01-30,1064.4132886312711,1082.764407064242,1050.3987961919847,1077.218017578125,21772103.0
2023-01-31,1087.3747826880974,1089.9540573273837,1068.6584086670991,1074.5244140625,22691594.0
2023-02-01,1086.439023705242,1086.439023705242,1052.2245419941687,1068.1563720703125,19347800.0
2023-02-02,1058.1590377354637,1071.85391093282,1054.963591472129,1062.2447509765625,13662663.0
2023-02-03,1072.3105805967243,1072.3105805967243,1046.7467660021257,1063.1806640625,24699575.0
2023-02-06,1056.7897340697052,1059.528757546533,1052.5900349184292,1055.169189453125,14837879.0
2023-02-07,1055.4202857843334,1062.4502927137798,1046.7467924098464,1052.6356201171875,15135435.0
2023-02-08,1055.876758827137,1077.28651848918,1053.1378561171298,1073.6573486328125,21160332.0
2023-02-09,1074.341987106508,1082.284961068636,1065.463103759131,1075.52880859375,13172763.0
2023-02-10,1075.0039060071294,1075.0039060071294,1059.6655455942528,1066.6728515625,10790445.0
2023-02-13,1068.293381324993,1072.7670546240695,1056.127767130611,1060.6014404296875,10352493.0
2023-02-14,1063.6144381671827,1087.329376978281,1060.738487756277,1085.5947265625,14321920.0
2023-02-15,1084.6358877756606,1112.5735854842064,1083.2664969637603,1110.1768798828125,33503591.0
2023-02-16,1118.1655094417106,1124.7162706791198,1107.0269694456315,1109.3094482421875,17264487.0
2023-02-17,1104.7216712307095,1117.2753650050747,1100.430567617511,1113.94287109375,11809520.0
2023-02-20,1116.13425652598,1118.3026298698114,1100.2025445254703,1102.16552734375,8836937.0
2023-02-21,1106.5479683974272,1116.9559918914763,1101.2296696771075,1111.1585693359375,13311592.0
2023-02-22,1107.4379365148654,1109.2866925279875,1084.2022454513722,1085.959716796875,11024335.0
2023-02-23,1085.5490279902117,1093.1953270218976,1077.9483712962124,1080.7557373046875,9851910.0
2023-02-24,1082.810002251087,1093.8344379808216,1080.9840672539892,1088.1510009765625,9434053.0
2023-02-27,1087.3750050988056,1090.8672478016565,1073.543202799622,1080.91552734375,11199715.0
2023-02-28,1075.5516247048563,1080.5274845520237,1056.1734344203933,1060.2362060546875,21994038.0
2023-03-01,1070.0280642112666,1070.712820002187,1060.5557097259696,1069.982421875,11551145.0
2023-03-02,1066.8325430044115,1073.5202315216086,1059.8024162422653,1061.8338623046875,9333535.0
2023-03-03,1072.3791189632543,1092.6019362119685,1068.9098180563456,1088.9271240234375,14643807.0
2023-03-06,1095.5918675399987,1106.8216933590495,1095.5918675399987,1099.5633544921875,10171916.0
2023-03-08,1099.5632986303583,1104.265304210858,1088.7443751303776,1103.5120849609375,15782657.0
2023-03-09,1102.8958764013148,1103.3066574341256,1075.095225544964,1076.9896240234375,16235128.0
2023-03-10,1068.8868957671646,1070.0280749321848,1056.8124450060086,1060.3046875,13334091.0
2023-03-13,1063.1806779260546,1070.0281154160118,1038.5298305140532,1042.8665771484375,12771592.0
2023-03-14,1040.812257084253,1052.2018311560978,1035.8136967949142,1038.9635009765625,16027522.0
2023-03-15,1042.6840329673732,1049.1662111592916,1016.800600298463,1021.205810546875,21728555.0
2023-03-16,1023.921951504309,1028.943333036388,1005.2968594074098,1016.1157836914062,18363159.0
2023-03-17,1024.7208434439497,1028.007574780085,1010.0901194945558,1014.8377075195312,34014213.0
2023-03-20,1011.140068022912,1013.422547157944,995.1626537042278,1004.8632202148438,19524589.0
2023-03-21,1012.943003930346,1038.0732119172071,1012.0528577510236,1036.1102294921875,21400360.0
2023-03-22,1043.0948141638405,1046.0392280531037,1036.2473765076484,1039.26025390625,10920094.0
2023-03-23,1035.3343603002547,1036.2016854580306,1023.9447859117854,1026.1131591796875,16249370.0
2023-03-24,1024.9489888672188,1027.117362031003,1003.3795441878092,1005.7989501953124,12375945.0
2023-03-27,1012.28122236079,1028.9432703448797,1004.3838307288752,1021.4338989257812,14054323.0
2023-03-28,1024.8349561252708,1030.0846702786253,1021.1829653124684,1026.2044677734375,12576424.0
2023-03-29,1022.0958575091914,1024.743595933455,1009.3596536883372,1020.1329956054688,18804065.0
2023-03-31,1029.3999027039445,1069.7770709600843,1029.2629756900762,1064.116455078125,28171201.0
2023-04-03,1070.4846960590223,1072.3106311531849,1056.7896998650788,1064.299072265625,10293043.0
2023-04-05,1071.8540232011114,1071.8540232011114,1053.8453439607506,1061.74267578125,16262928.0
2023-04-06,1058.2275373074351,1074.592970502133,1058.2275373074351,1068.8638916015625,18435046.0
2023-04-10,1072.7671126043012,1072.9496819536614,1059.779694186431,1061.2861328125,12961408.0
2023-04-11,1065.4631729553812,1068.6586196822263,1060.9210357303307,1066.535888671875,10542367.0
2023-04-12,1066.535787256919,1080.8925957399235,1063.6599579243734,1071.23779296875,18179087.0
2023-04-13,1074.1365320735108,1079.9797173840186,1069.1151503508545,1075.27783203125,12378208.0
2023-04-17,1106.9814803229494,1106.9814803229494,1072.333391852291,1080.73291015625,17929479.0
2023-04-18,1085.0925121063174,1085.0925121063174,1061.8111761257844,1068.3619384765625,10405576.0
2023-04-19,1067.768405195298,1076.3733137885806,1064.64142217666,1073.6800537109375,12273475.0
2023-04-20,1074.638556551585,1076.875393044396,1064.5956738732273,1070.9637451171875,7007330.0
2023-04-21,1073.0637661728558,1077.7884724738817,1066.558646510675,1072.310546875,7647317.0
2023-04-24,1084.1794719407253,1086.8727319946267,1071.8539885727766,1076.4190673828125,12936186.0
2023-04-25,1080.071033835217,1086.7359021827194,1072.995384428631,1084.6588134765625,9236126.0
2023-04-26,1086.005534613959,1089.2467445727557,1074.6159592843226,1078.290771484375,8617834.0
2023-04-27,1084.1795677314856,1088.2879820525134,1079.158065119624,1085.1153564453125,9167125.0
2023-04-28,1087.374995527852,1106.5022750107378,1087.2608896802224,1104.9500732421875,15565210.0
2023-05-02,1112.117161007185,1116.4995501680314,1108.4195276994035,1114.3311767578125,12981805.0
2023-05-03,1116.1342091904096,1116.1342091904096,1101.549188303151,1104.7674560546875,7061872.0
2023-05-04,1105.2467632974383,1119.717677582049,1102.2567073883076,1117.503662109375,8635233.0
2023-05-05,1114.3083172243437,1123.5979821409155,1112.0258380416835,1114.650634765625,8746585.0
2023-05-08,1118.4165791288924,1133.7777597410543,1115.7461404298203,1128.4139404296875,9153782.0
2023-05-09,1129.8291612797643,1135.2159233997013,1124.4653410768628,1131.90625,6464721.0
2023-05-10,1136.6766978121202,1141.173192717246,1132.659447469911,1139.6895751953125,10872255.0
2023-05-11,1140.7622816578707,1145.578272899187,1130.536707274967,1132.2486572265625,10557860.0
2023-05-12,1127.4553650769165,1135.4897449397138,1121.3839680276494,1134.097412109375,6955341.0
2023-05-15,1136.631024460071,1143.318592964205,1128.9846046154787,1136.334228515625,6833343.0
2023-05-16,1138.5024831085086,1141.058816015231,1118.4850597805391,1120.1513671875,8717229.0
2023-05-17,1124.3511508366894,1125.2641183192468,1108.830341392445,1113.5322265625,8798967.0
2023-05-18,1118.2112689036005,1121.6122266625744,1107.9856952056505,1111.1356201171875,10525531.0
2023-05-19,1111.1355938507186,1116.5678769225617,1104.196751489107,1114.7418212890625,8050447.0
2023-05-22,1111.5691808774145,1125.720598669704,1110.3595382742935,1120.6990966796875,7434906.0
2023-05-23,1123.2783175836105,1126.6335119735163,1119.0784985578175,1120.49365234375,6092034.0
2023-05-24,1116.5452176617491,1124.8078096781503,1110.8617801773491,1113.9659423828125,8112254.0
2023-05-25,1111.0672556833676,1117.9603357408223,1102.9187697829475,1113.8289794921875,11487863.0
2023-05-26,1122.0687058844728,1145.3500415058625,1118.7591533794464,1144.2088623046875,12626260.0
2023-05-29,1150.8278330032474,1154.9363674405995,1144.5282250956022,1150.645263671875,10010304.0
2023-05-30,1150.645307987406,1158.451475420254,1147.7921790871794,1150.3486328125,11342504.0
2023-05-31,1141.241614387353,1145.7381091276332,1123.4382047768397,1127.5009765625,27107927.0
2023-06-01,1132.180215680503,1134.34858906371,1122.068746948841,1124.46533203125,14592692.0
2023-06-02,1128.003101699598,1133.412563645759,1118.8731857024295,1120.7904052734375,15800644.0
2023-06-05,1126.2684221252366,1133.8234358683376,1122.2739934203582,1130.856201171875,10908682.0
2023-06-06,1133.6866395560062,1135.626680467698,1123.8947880782737,1131.81494140625,7493309.0
2023-06-07,1135.3071289198083,1141.241598708449,1128.733545665894,1140.3970947265625,10312545.0
2023-06-08,1143.9804362633745,1148.9334747780272,1137.1329993758209,1141.0816650390625,12071109.0
2023-06-09,1144.437171009834,1145.144748058376,1131.1987183736474,1133.001953125,5877018.0
2023-06-12,1130.0574375493186,1136.311403822295,1125.2641468372988,1134.006103515625,6391969.0
2023-06-13,1138.959165682283,1151.946463788879,1134.9647365494957,1150.759521484375,11248016.0
2023-06-14,1150.827933567815,1166.3488637759135,1149.0019986007082,1164.910888671875,13277380.0
2023-06-15,1164.888030487722,1169.7954267696327,1157.4471223513988,1165.23046875,11813494.0
2023-06-16,1168.72265257123,1178.856942021871,1168.72265257123,1176.574462890625,24171579.0
2023-06-19,1179.5873088461865,1179.5873088461865,1160.7111839901809,1164.8880615234375,6798554.0
2023-06-20,1162.9480481347905,1170.457299404325,1157.2189687814275,1167.3074951171875,6921096.0
2023-06-21,1167.2617442064677,1173.127750027222,1163.1533304634168,1170.59423828125,6961603.0
2023-06-22,1166.8053921892115,1174.702723824018,1155.8494202932393,1157.4471435546875,7619166.0
2023-06-23,1154.434209748897,1156.4884770186727,1146.7194478373872,1147.974853515625,6628570.0
2023-06-26,1144.437098137329,1148.271658359126,1136.0832218598148,1139.210205078125,12641159.0
2023-06-27,1139.666736088607,1145.578264166708,1135.1474200849475,1139.62109375,9689466.0
2023-06-28,1147.1760589375283,1158.519990797568,1140.2600374666351,1154.708251953125,11354006.0
2023-06-30,1162.423070452648,1167.1021346662303,1156.511421596289,1164.1805419921875,11151555.0
2023-07-03,1167.741194264735,1196.9341777415286,1166.5086096788432,1194.0582275390625,12154387.0
2023-07-04,1198.3036177471888,1198.3036177471888,1174.6798459927943,1181.755615234375,8061643.0
2023-07-05,1190.9997357239995,1190.9997357239995,1175.8440646341217,1179.8155517578125,10248062.0
2023-07-06,1175.958111582341,1207.1824197013011,1175.958111582341,1204.5804443359375,19117987.0
2023-07-07,1202.8687277617782,1216.5407819731026,1199.6731602419495,1202.2296142578125,13375267.0
2023-07-10,1227.4738168988026,1258.1047776229054,1221.128565671655,1248.5411376953125,33240016.0
2023-07-11,1256.6895309307056,1264.4955779542368,1249.705166712445,1262.076171875,20069348.0
2023-07-12,1262.806449225115,1279.1034182559108,1260.6837185366455,1263.4683837890625,18733835.0
2023-07-13,1270.8408996155135,1277.733978890264,1249.545369524751,1252.170166015625,14682934.0
2023-07-14,1255.365580017741,1260.3414396091937,1243.9988277461352,1251.1202392578125,15124144.0
2023-07-17,1253.9963391795925,1285.060901535764,1245.3228457945552,1276.6842041015625,22220040.0
2023-07-18,1285.9509768018002,1295.286283587151,1274.995004828538,1287.52587890625,25867313.0
2023-07-19,1291.8854597114334,1303.7543992835303,1276.8210735612868,1297.294921875,39122156.0
2023-07-20,1276.014839753512,1301.213635792283,1276.014839753512,1295.723876953125,38717624.0
2023-07-21,1290.3576048302098,1293.2755748788927,1248.1205739980844,1255.6134033203125,30249238.0
2023-07-24,1227.0515368964086,1243.8424839995955,1221.2649818512405,1230.216796875,23727866.0
2023-07-25,1233.4810641733905,1239.0203294862108,1226.556952345633,1229.425537109375,12026020.0
2023-07-26,1229.029726310642,1259.6936470475673,1229.029726310642,1249.4063720703125,12911012.0
2023-07-27,1253.2889256301971,1255.06933898356,1231.6758304667376,1237.7838134765625,17226898.0
2023-07-28,1242.4081558253793,1257.6412248805652,1236.7204929547063,1250.2225341796875,20827852.0
2023-07-31,1250.222567835286,1263.1062644351005,1245.3261593927457,1260.8065185546875,8551174.0
2023-08-01,1263.6503718598296,1265.628689467438,1239.0697997346808,1242.9769287109375,9536632.0
2023-08-02,1240.998576334311,1242.383422770223,1218.4458286875906,1229.697509765625,12748214.0
2023-08-03,1224.23249959185,1236.8936606795558,1215.7010043381908,1224.5291748046875,10168350.0
2023-08-04,1235.8549028515122,1244.3616435147103,1222.4023686926273,1241.171630859375,22885610.0
2023-08-07,1246.8345411789287,1250.494380069662,1238.9212715800145,1248.244140625,5982870.0
2023-08-08,1250.2965991690858,1253.486611833248,1236.225840784307,1240.7264404296875,9844072.0
2023-08-09,1238.8472469851745,1250.7912910864598,1227.1009863432985,1248.911865234375,11486586.0
2023-08-10,1248.7882887892447,1261.1775274732204,1240.627728317359,1254.4759521484375,15470598.0
2023-08-11,1252.4975295128647,1265.55449762201,1242.5565564009414,1259.767822265625,22179330.0
2023-08-14,1255.737002454242,1277.1523130180672,1248.81289137336,1274.6546630859375,9575812.0
2023-08-16,1261.672044700447,1277.3996937112483,1261.672044700447,1273.6160888671875,10203112.0
2023-08-17,1269.6348629683328,1275.0752365265755,1252.695518025622,1255.2425537109375,13673744.0
2023-08-18,1251.9040005908723,1274.8278021449016,1240.6770733077956,1264.54052734375,18639978.0
2023-08-21,1260.6443643964944,1268.3374245054663,1248.5836072167706,1250.74267578125,9221746.0
2023-08-22,1249.204008079304,1259.6517042081298,1240.319812990251,1250.44482421875,7713044.0
2023-08-23,1252.8272476636505,1262.0838090060652,1249.228880766707,1251.8345947265625,9517952.0
2023-08-24,1260.6195534341234,1260.6195534341234,1226.4227081001463,1230.7904052734375,14140020.0
2023-08-25,1218.9778633049934,1243.2978613921046,1212.32713678729,1225.1075439453125,22222400.0
2023-08-28,1226.9190501118926,1232.8749678308825,1206.6193456890517,1212.8978271484375,12580826.0
2023-08-29,1217.0173382536789,1217.7121468384466,1195.228533637356,1201.2838134765625,16876644.0
2023-08-30,1207.0659417448908,1212.5255327642965,1198.628391987628,1200.1422119140625,12168946.0
2023-08-31,1202.5989377093504,1203.5915905675504,1191.133748727762,1194.65771484375,21638600.0
2023-09-01,1194.4343955405525,1203.9141576589248,1192.0023233270636,1197.4619140625,18112842.0
2023-09-04,1197.4619529612137,1202.921543874001,1193.8140262826475,1196.494140625,9347626.0
2023-09-05,1201.1100268699734,1208.033756715794,1197.3627378820318,1202.8968505859375,8675876.0
2023-09-06,1201.6560920331103,1209.125708635972,1199.745186611218,1205.4281005859375,8200370.0
2023-09-07,1201.9537313347682,1210.1679582595823,1196.6430625915527,1207.06591796875,13652572.0
2023-09-08,1211.0365924741222,1218.9778160313297,1202.5742018862825,1215.1064453125,23109288.0
2023-09-11,1216.9924464989117,1229.326207160582,1216.9924464989117,1228.20947265625,13271074.0
2023-09-12,1232.3787090583842,1232.3787090583842,1209.0265228175713,1210.4659423828125,16255666.0
2023-09-13,1211.0365644667,1222.278310335504,1204.2120756300535,1216.52099609375,12803338.0
2023-09-14,1220.9630582690309,1223.8417758931353,1213.5181615722684,1217.6376953125,9209636.0
2023-09-15,1224.9337835939812,1224.9337835939812,1215.7517434819515,1219.8961181640625,25468592.0
2023-09-18,1211.061482045193,1216.4962329024152,1207.0908701058952,1209.274658203125,7516300.0
2023-09-20,1202.623798606989,1204.8821081322808,1168.8487603007638,1182.323974609375,57081884.0
2023-09-21,1178.750555955457,1186.269974873086,1171.3304992731428,1173.712890625,12226182.0
2023-09-22,1179.2717940052096,1182.47307577697,1166.3673046768697,1168.8240966796875,19176786.0
2023-09-25,1166.5657437194718,1171.6779308453931,1158.9720452955405,1161.6273193359375,14254884.0
2023-09-26,1160.684188171601,1166.4663425671888,1159.220049449067,1162.6446533203125,10087782.0
2023-09-27,1163.1410372849095,1177.1871000752485,1160.6594050312617,1175.7476806640625,11722778.0
2023-09-28,1182.7459002555731,1182.7459002555731,1153.9589668880435,1158.4755859375,14518346.0
2023-09-29,1162.2973995824232,1175.847137006539,1158.475709840611,1163.8856201171875,12342014.0
2023-10-03,1156.415758225436,1159.220075299941,1149.492028660551,1150.55908203125,8859056.0
2023-10-04,1146.0178196869251,1150.981084388904,1139.1189302205564,1148.5738525390625,10286386.0
2023-10-05,1151.105104982258,1156.14276991832,1146.017758932428,1148.549072265625,10953682.0
2023-10-06,1150.0132553057874,1153.8597853939605,1147.5316229908371,1150.4847412109375,5431026.0
2023-10-09,1145.5711149238573,1147.4818990309532,1139.0691900320726,1140.6822509765625,7576878.0
2023-10-10,1144.8018394410435,1150.435072150941,1143.4121010954177,1145.719970703125,10236032.0
2023-10-11,1148.722762099973,1166.2182699823193,1148.0031129607796,1163.910400390625,9814118.0
2023-10-12,1163.3148210249558,1171.0078811502246,1160.485663265934,1166.0693359375,12554450.0
2023-10-13,1161.4040366702477,1170.0897506197043,1156.0188455521982,1166.0198974609375,10150316.0
2023-10-16,1163.885548402189,1168.6254903286665,1159.418610263332,1163.4140625,5929036.0
2023-10-17,1169.3451452373686,1171.18152891328,1162.0491704758838,1168.972900390625,7928180.0
2023-10-18,1168.9729714451066,1174.8048077319042,1151.9737890772074,1153.4627685546875,8918320.0
2023-10-19,1147.5068298823098,1152.37085365543,1142.0472385636656,1144.603271484375,12032556.0
2023-10-20,1141.5508934053469,1148.846868358942,1139.7145096810816,1141.104248046875,8913312.0
2023-10-23,1136.5877075106362,1144.6530132953733,1119.340361294045,1123.2861328125,7853962.0
2023-10-25,1116.7593673158804,1132.219887961399,1113.2602415640138,1120.6802978515625,11620688.0
2023-10-26,1117.230921778067,1120.7052071856403,1101.9937228681183,1105.0709228515625,15222534.0
2023-10-27,1111.7712909465938,1128.3982276638756,1109.761144511754,1124.5765380859375,11771084.0
2023-10-30,1128.6463150337838,1153.958963260135,1126.636168734061,1147.7548828125,16813304.0
2023-10-31,1155.448028104718,1155.448028104718,1133.0636557231696,1135.5452880859375,12808438.0
2023-11-01,1136.1656826268284,1150.236586425296,1129.2419526519689,1140.2603759765625,10309190.0
2023-11-02,1148.4746196953226,1153.6116471680004,1145.4966608528323,1151.57666015625,10562104.0
2023-11-03,1155.0509397455935,1158.897469898072,1149.3680258840427,1151.3284912109375,8850156.0
2023-11-06,1157.5822297180116,1161.4039192346488,1154.256866662586,1160.9075927734375,10647304.0
2023-11-07,1158.4507493206686,1160.9572220726066,1151.2540159543112,1153.3634033203125,6960204.0
2023-11-08,1157.4332718147846,1161.900209827792,1152.3459257444151,1159.368896484375,7884494.0
2023-11-09,1159.344192861405,1159.3689122452763,1143.6353879313751,1146.787109375,14513610.0
2023-11-10,1144.3054653415224,1149.6658152095554,1140.5830169850344,1148.946044921875,7734954.0
2023-11-13,1152.9166537769547,1153.7605056745233,1147.3578218124285,1148.7972412109375,3854810.0
2023-11-15,1161.4039352802763,1172.2982770196893,1154.9516911953865,1169.5684814453125,12220648.0
2023-11-16,1166.9131951067154,1178.353423134986,1164.8533675821152,1171.6778564453125,13134910.0
2023-11-17,1167.8064883385834,1177.9067803474445,1167.384683548377,1169.121826171875,7758634.0
2023-11-20,1165.647592311094,1170.5363354915237,1159.617152805321,1166.044677734375,4490186.0
2023-11-21,1174.3083747965666,1185.227556641674,1171.4296571663483,1180.7109375,8214450.0
2023-11-22,1178.7754188353035,1188.4289448727577,1177.385680422616,1185.326904296875,8534814.0
2023-11-23,1185.3268657327444,1191.1835423841578,1185.3268657327444,1188.9500732421875,8531542.0
2023-11-24,1187.0144298509326,1192.474021001291,1186.7414260587238,1188.1558837890625,6749486.0
2023-11-28,1188.155889499075,1191.034607263244,1178.899449291774,1188.404052734375,13792174.0
2023-11-29,1195.1540911072586,1197.1145563492605,1190.2156671664848,1191.5308837890625,12531306.0
2023-11-30,1188.5529645510346,1191.530923348677,1176.2440439527552,1179.9913330078125,28439984.0
2023-12-01,1180.2643464861462,1189.3967050711567,1180.0658643673892,1188.3544921875,14342842.0
2023-12-04,1215.9997806950958,1215.9997806950958,1190.4886500919326,1201.209228515625,15590990.0
2023-12-05,1210.540207865299,1211.4584602643838,1201.9288955146308,1209.9197998046875,12693624.0
2023-12-06,1214.560584514323,1227.3905513904704,1208.5549856031337,1221.5091552734375,16422442.0
2023-12-07,1220.9631623446442,1221.4346482742724,1212.0292855470004,1219.4990234375,8142096.0
2023-12-08,1222.874052744466,1229.251775342433,1213.5182500771466,1218.853759765625,10204894.0
2023-12-11,1218.9777608532804,1224.7351961410227,1217.1909371644088,1220.6405029296875,7066138.0
2023-12-12,1220.9631521449137,1223.41994400905,1201.1844932637518,1203.1202392578125,9197124.0
2023-12-13,1202.102614795848,1210.2176004047435,1194.3103140708777,1208.03369140625,10031182.0
2023-12-14,1217.9851619285064,1228.3831772791464,1212.3518080035872,1223.0228271484375,16972354.0
2023-12-15,1229.8970515295573,1240.8162343922088,1225.951280138882,1238.6324462890625,15932152.0
2023-12-18,1238.6323699765337,1258.1379030406688,1236.3243792186838,1251.239013671875,14165188.0
2023-12-19,1268.1140495332209,1277.4945707453207,1253.3234974409622,1269.6527099609375,16820604.0
2023-12-20,1276.080186427869,1289.8780864366483,1250.742696068458,1254.2913818359375,17736722.0
2023-12-21,1254.2170195322976,1277.2962009364337,1249.8741628164655,1271.8614501953125,13765454.0
2023-12-22,1270.3972179591544,1280.968874306117,1264.4660199985942,1273.1021728515625,16541784.0
2023-12-26,1274.5663382448713,1286.453332624264,1271.935783794956,1279.554443359375,7465664.0
2023-12-27,1281.514887400953,1290.399082341518,1277.0976304877347,1283.922119140625,9204156.0
2023-12-28,1285.3862277761266,1296.4046504171113,1283.9220890250845,1293.203369140625,12302636.0
2023-12-29,1295.9581362918193,1297.397434632089,1280.174929799553,1282.9791259765625,10864584.0
2024-01-01,1280.795398303561,1293.8488097378856,1277.122509429243,1285.6097412109375,4030540.0
2024-01-02,1283.0039664322292,1297.8937610136477,1277.0480485996618,1296.255859375,7448800.0
2024-01-03,1295.412048372221,1307.3238832997818,1279.132516403198,1282.16015625,9037536.0
2024-01-04,1284.4928354763,1295.337616733607,1280.0755785995668,1288.7860107421875,9612778.0
2024-01-05,1291.888116528752,1300.3009471094986,1289.456165302221,1294.2705078125,8086406.0
2024-01-08,1295.412156841061,1306.3064992127524,1275.0379299096924,1284.17041015625,7734652.0
2024-01-09,1290.4487513775189,1293.8237954235035,1279.132484246134,1280.7703857421875,5403074.0
2024-01-10,1279.0333061103788,1319.7320764251056,1278.0654937339266,1315.3148193359375,11102740.0
2024-01-11,1319.7321386109766,1352.489686993197,1318.7394856296971,1349.9088134765625,23725852.0
2024-01-12,1349.9087552154865,1363.2350482099334,1335.8626919019084,1360.6541748046875,15012164.0
2024-01-15,1364.897715738619,1386.190071634762,1355.9638397810568,1383.8822021484375,8610594.0
2024-01-16,1379.7627106993225,1386.0413130880693,1360.4308194226976,1364.5255126953125,9069024.0
2024-01-17,1349.5117047016763,1376.0900120502974,1345.0696069219948,1351.5714111328125,12197382.0
2024-01-18,1341.4712027363942,1360.92717605878,1341.3222805612156,1357.8995361328125,10279438.0
2024-01-19,1365.890429247957,1365.890429247957,1349.015329468004,1357.4031982421875,10422704.0
2024-01-23,1361.671682300463,1361.671682300463,1312.8332056966303,1318.8138427734375,20055420.0
2024-01-24,1325.4149927095905,1339.5851376107455,1314.1980872328545,1334.00146484375,21919128.0
2024-01-25,1333.0831783387705,1354.1274927557365,1325.390118278632,1343.1337890625,11808872.0
2024-01-29,1354.474931519067,1441.8283899094502,1350.1817560391485,1437.4111328125,23893438.0
2024-01-30,1449.223597164783,1449.2484377227322,1394.1066401470152,1397.2830810546875,14093978.0
2024-01-31,1393.6846609266845,1423.7124109217216,1392.1956815880876,1416.1434326171875,15130226.0
2024-02-01,1424.4569627393994,1432.745590517861,1407.631543948549,1416.1683349609375,13349362.0
2024-02-02,1422.6455164089482,1464.0639387350582,1422.6455164089482,1446.990234375,19652588.0
2024-02-05,1450.0177530325548,1459.6961190035065,1421.007495677393,1428.452392578125,8814432.0
2024-02-06,1431.256637826339,1431.256637826339,1409.3934322746634,1417.3099365234375,9047984.0
2024-02-07,1425.3752031215413,1438.8504181404362,1418.7491963623445,1431.554443359375,9296568.0
2024-02-08,1439.3467435794869,1448.752105824393,1417.0368932886952,1439.4708251953125,14694634.0
2024-02-09,1443.31729322881,1461.160204582695,1440.2896534634558,1450.0177001953125,12556798.0
2024-02-12,1450.017752117624,1450.2659153474915,1431.7529141646626,1441.679443359375,6674430.0
2024-02-13,1444.806250056761,1468.1335924657844,1443.3172707540573,1454.335693359375,7715594.0
2024-02-14,1446.7916226083244,1472.749520552248,1446.7916226083244,1470.4912109375,7117888.0
2024-02-15,1472.4517353218182,1473.8166331337911,1455.7503978374216,1459.79541015625,10006782.0
2024-02-16,1465.6271998466532,1466.1483668657747,1447.8339689108675,1449.843994140625,9767498.0
2024-02-19,1451.30825618237,1468.630001238923,1442.8458657695369,1463.17041015625,6729828.0
2024-02-20,1464.1878968342885,1464.659382736365,1451.0600862084646,1460.21728515625,7117496.0
2024-02-21,1463.170510366537,1477.5888193115914,1446.8414171157522,1456.916748046875,12720292.0
2024-02-22,1457.36346935178,1474.0399663973683,1447.2880175600008,1470.863525390625,18493728.0
2024-02-23,1478.556551746289,1486.5474563697878,1472.4517119404402,1482.6512451171875,14438584.0
2024-02-26,1482.5768223248915,1483.5446346905887,1471.607959051116,1476.3974609375,7513106.0
2024-02-27,1472.1291493159845,1488.9297276070065,1467.1907251784094,1474.73486328125,10826044.0
2024-02-28,1472.1042938560004,1480.3185210789975,1439.5205099276588,1444.930419921875,8647950.0
2024-02-29,1454.2365988812116,1468.1088998815817,1443.8385832706604,1450.0675048828125,23628976.0
2024-03-01,1452.7475417409498,1488.979373154373,1451.7548888255135,1481.1622314453125,12132926.0
2024-03-04,1479.524373681886,1501.337897909408,1476.2982516112518,1496.3250732421875,10024420.0
2024-03-05,1494.712091681268,1496.3251528023525,1475.1320355384912,1489.177978515625,7107668.0
2024-03-06,1482.477391937893,1497.9131926576536,1467.6372798835923,1491.957275390625,7805676.0
2024-03-07,1491.9325571368477,1492.056638756749,1464.7091224345347,1468.059326171875,8315726.0
2024-03-11,1478.060279979328,1478.060279979328,1452.747629113329,1455.8248291015625,11277130.0
2024-03-12,1455.8247263461558,1477.0675227494196,1454.261346490045,1464.5849609375,9432678.0
2024-03-13,1468.9029635812572,1472.2034859914554,1417.2850129833478,1421.6527099609375,13522134.0
2024-03-14,1429.1223094125826,1437.8825438227764,1415.0266869213976,1420.957763671875,18571102.0
2024-03-15,1415.4733954219128,1422.694969713975,1402.5193474045138,1407.80517578125,19223818.0
2024-03-18,1409.56727675182,1431.1326391984185,1406.1178317705178,1428.899169921875,9169392.0
2024-03-19,1418.252849649116,1427.0378036957163,1406.8373411480031,1414.778564453125,8275764.0
2024-03-20,1417.4587350761735,1434.3835163859578,1413.562644941621,1433.1427001953125,8488806.0
2024-03-21,1441.8532357214951,1447.1887452733042,1434.060934378195,1440.3145751953125,13006936.0
2024-03-22,1439.321893152815,1449.2732629085035,1436.716179238339,1444.3348388671875,19527608.0
2024-03-26,1434.3835274360674,1441.7291835759677,1428.4276096750873,1430.983642578125,11415906.0
2024-03-27,1437.3613782559069,1488.979328303771,1436.368725370371,1481.8818359375,16326644.0
2024-03-28,1481.90676076149,1494.8856495085238,1467.786296896486,1474.933349609375,21854364.0
2024-04-01,1481.5095896793896,1482.99856900626,1471.60790139039,1473.8662109375,5013880.0
2024-04-02,1473.0968689675983,1483.0233977342266,1464.1629930776332,1476.025146484375,8910166.0
2024-04-03,1471.186101560143,1473.5436523631188,1458.1079713887636,1460.7880859375,7008292.0
2024-04-04,1468.8780939901114,1468.8780939901114,1439.3466709144527,1452.1767578125,14490272.0
2024-04-05,1450.1417667351743,1459.9938949751336,1445.3025839763254,1449.3724365234375,7442298.0
2024-04-08,1452.226356281804,1480.0206375610207,1450.265891033407,1475.057373046875,8357118.0
2024-04-09,1478.060211901015,1478.8543827139297,1451.7549092714803,1452.896484375,7071414.0
2024-04-10,1455.5766564963697,1476.0749645358123,1455.5766564963697,1468.7044677734375,9138330.0
2024-04-12,1465.0317226594827,1475.5538200544618,1452.325715995779,1456.370849609375,15551012.0
2024-04-15,1450.2658952456557,1471.2356878788278,1435.6986653849476,1454.062744140625,12902062.0
2024-04-16,1442.6720371000315,1460.3661473678603,1440.2649265731254,1454.98095703125,9366184.0
2024-04-18,1452.7476380801534,1475.082330158598,1448.628103973215,1453.5665283203125,19005692.0
2024-04-19,1446.0720814485835,1463.1705049395248,1432.42310285773,1459.323974609375,15741778.0
2024-04-22,1461.6317610616636,1471.930535229808,1457.0160218672338,1468.9774169921875,10350362.0
2024-04-23,1468.1337674689391,1482.527235777458,1444.8561033979945,1448.603271484375,14605554.0
2024-04-24,1452.7475596039474,1457.7605053579202,1438.8504186169605,1439.5205078125,10462776.0
2024-04-25,1431.9018276580116,1457.189636393573,1430.9091747445573,1449.2484130859375,15943926.0
2024-04-26,1453.194198141131,1454.236532179651,1439.3467383348082,1441.8780517578125,9413848.0
2024-04-29,1439.3467183436048,1457.1152296530197,1439.3467183436048,1454.2613525390625,7247974.0
2024-04-30,1457.214576809603,1472.178772035999,1452.1272302795285,1456.221923828125,11474262.0
2024-05-02,1461.1850562736174,1466.4708844514234,1453.3679147531318,1455.775146484375,14512646.0
2024-05-03,1460.1925152681529,1464.1134460205978,1405.745524232649,1423.46435546875,17226958.0
2024-05-06,1424.9533097670264,1429.4202480421582,1407.5818831415145,1409.095703125,7394208.0
2024-05-07,1405.571689953147,1410.311631866643,1381.772860502106,1391.17822265625,14517472.0
2024-05-08,1387.2324157830617,1422.42191231512,1387.2324157830617,1408.1278076171875,9439002.0
2024-05-09,1402.6185253372132,1413.2895438420787,1379.7875090012217,1383.8822021484375,11009612.0
2024-05-10,1386.4879762578594,1399.6406275450738,1377.8766636438304,1397.0845947265625,10505096.0
2024-05-13,1389.614931468387,1396.6379028351903,1373.8317248456565,1392.394287109375,8456620.0
2024-05-14,1390.681954289976,1416.590172271951,1389.7389824487905,1409.6416015625,7188300.0
2024-05-15,1410.063563528233,1419.468926315315,1402.6435067088078,1405.86962890625,5046534.0
2024-05-16,1408.1278405018506,1417.012035618308,1387.75361519461,1414.8778076171875,14711774.0
2024-05-17,1412.5948920294334,1426.6408349602225,1402.8668442157614,1425.15185546875,10916476.0
2024-05-21,1415.1260338425998,1431.231803864575,1415.1260338425998,1425.57373046875,11176128.0
2024-05-22,1425.722543020764,1457.9837617014118,1425.722543020764,1449.91845703125,10281604.0
2024-05-23,1447.8340020088174,1481.2615172416956,1444.3100355832012,1475.1319580078125,14608260.0
2024-05-24,1472.724715385057,1477.5638984586112,1465.2549777906745,1469.37451171875,7094776.0
2024-05-27,1469.3497180106694,1473.990419113941,1450.8119965034373,1455.4774169921875,6629010.0
2024-05-28,1457.2145743340495,1467.637430621861,1442.0766163922278,1445.501220703125,7820162.0
2024-05-29,1435.87248908715,1447.287997987601,1427.8815843874524,1430.1895751953125,7383556.0
2024-05-30,1424.9532474164846,1429.817270893488,1409.6663684202383,1414.3814697265625,13206858.0
2024-05-31,1420.7841589242364,1431.653659822201,1411.800601617005,1419.8907470703125,31069832.0
2024-06-03,1472.1043222829317,1503.3728901534053,1448.2806515244756,1499.228515625,21527942.0
2024-06-04,1487.0437791255476,1487.0437791255476,1349.3131842665357,1387.0091552734375,36709098.0
2024-06-05,1411.5524616660985,1420.6352601794422,1373.9308915121778,1410.3116455078125,17464890.0
2024-06-06,1424.4569533735907,1433.0929853880773,1410.9072166555904,1421.0819091796875,17855722.0
2024-06-07,1418.004611799037,1461.1850112482905,1416.0193060772324,1459.1500244140625,18558696.0
2024-06-10,1459.150058153404,1482.3781598703026,1457.2888339961758,1460.5894775390625,9251760.0
2024-06-11,1458.20717740815,1462.847878399236,1443.9874724286744,1445.9727783203125,11774902.0
2024-06-12,1446.7915758989443,1465.155654220818,1444.4837064170613,1452.57373046875,10081742.0
2024-06-13,1461.1851486521073,1461.433311890669,1449.3725542618724,1454.4847412109375,9181160.0
2024-06-14,1459.199879544848,1468.8038455887872,1446.518713499826,1466.6944580078125,8157998.0
2024-06-18,1476.4224025999808,1476.4720837189377,1460.5399547367645,1470.1439208984375,7196766.0
2024-06-19,1476.571240472528,1476.571240472528,1445.3026730272272,1447.9332275390625,8725874.0
2024-06-20,1448.2806091505108,1471.9553570393568,1439.4459739347103,1462.87255859375,16113776.0
2024-06-21,1462.7982011333013,1463.8652545834836,1429.9909727182371,1443.515869140625,31170360.0
2024-06-24,1434.9045699529108,1438.8503408924523,1426.9385064042085,1430.88427734375,8878386.0
2024-06-25,1432.3982039886682,1445.2282918111714,1430.412898092634,1443.46630859375,7045386.0
2024-06-26,1435.425808927042,1507.8149506909176,1434.5075565031482,1502.9013671875,22014882.0
2024-06-27,1502.6284353235128,1526.2039433921725,1494.935374795845,1519.3050537109375,28383030.0
2024-06-28,1519.7764812043604,1569.3842873036351,1519.7764812043604,1553.89892578125,28957336.0
2024-07-01,1551.0450507194453,1567.7960689891884,1544.2454023527885,1548.6875,7724306.0
2024-07-02,1557.968712393485,1561.939323957406,1545.5605512562322,1553.675537109375,7749246.0
2024-07-03,1554.8170660210362,1563.4283787351976,1531.440162014497,1541.019287109375,9049620.0
2024-07-04,1545.5606622734106,1555.983518377374,1539.4062623766438,1542.6075439453125,6837176.0
2024-07-05,1542.4088769403463,1586.755694667964,1536.6267221432645,1576.9532470703125,12269710.0
2024-07-08,1577.325467706802,1596.9800437158897,1570.8980643748455,1589.1380615234375,9500806.0
2024-07-09,1585.8623208770043,1588.7410386525216,1568.887979750272,1578.5911865234375,6960002.0
2024-07-10,1583.281430895477,1585.7630632323037,1551.6654591589945,1572.5855712890625,7134578.0
2024-07-11,1575.8365135146928,1592.463449956501,1558.9614138424097,1569.036865234375,11940946.0
2024-07-12,1572.8586162043875,1593.3569240772113,1562.9320865975435,1584.9937744140625,12924784.0
2024-07-15,1592.6620057625546,1594.0517441522056,1573.8512804915936,1585.4901123046875,5329688.0
2024-07-16,1581.792452589091,1588.24469666931,1557.5965372882697,1564.669189453125,9386838.0
2024-07-18,1564.4210812674708,1582.1895936713806,1546.379565062024,1575.0177001953125,12298374.0
2024-07-19,1574.3475621142547,1578.293333314245,1541.3915329908289,1543.7242431640625,13140390.0
2024-07-22,1525.9557698439748,1526.203933085127,1488.2597977476694,1489.6495361328125,19674376.0
2024-07-23,1489.9719903646578,1494.6870915999891,1452.2511804820083,1476.96826171875,18052044.0
2024-07-24,1474.0895996286229,1498.4095963901725,1465.552808673545,1484.7109375,11913362.0
2024-07-25,1470.119034748078,1489.4509269223795,1466.2228234080762,1481.435302734375,12519876.0
2024-07-26,1481.4352554076795,1501.3131545447015,1479.4002684339398,1497.9381103515625,9859940.0
2024-07-29,1500.8414953005092,1516.2772962786505,1500.6678537480493,1508.931640625,7538550.0
2024-07-30,1505.879367098864,1513.7957501477324,1498.9059558839842,1502.0328369140625,8228208.0
2024-07-31,1492.9499231376883,1499.3524857083617,1490.1208866802615,1494.364501953125,10057346.0
2024-08-01,1500.8913109431162,1506.8472288436842,1493.2479314401046,1504.1671142578125,10764222.0
2024-08-02,1493.9426800961044,1498.2358556077295,1482.303848567256,1488.309326171875,10268248.0
2024-08-05,1469.126390399314,1472.997761203301,1422.7198642160924,1436.69140625,17046704.0
2024-08-06,1444.4588830824964,1466.6446510309138,1440.6619130584993,1445.352294921875,10236186.0
2024-08-07,1458.207118491354,1461.6814036613468,1450.7622216985117,1454.062744140625,8174568.0
2024-08-08,1446.8164580997684,1454.2365143735713,1435.3017085687702,1438.4781494140625,12387192.0
2024-08-09,1449.2732763644294,1465.6520496932055,1445.3026646483625,1463.46826171875,6249776.0
2024-08-12,1459.199797918004,1462.1777566892652,1447.0397996020206,1449.8936767578125,8184584.0
2024-08-13,1450.0178268110735,1459.2742672925806,1447.28803114191,1452.8717041015625,6265064.0
2024-08-14,1452.7972017764512,1461.1850703208015,1443.0194737625147,1451.109619140625,6267466.0
2024-08-16,1457.8598362701878,1469.5235088888628,1447.337738823352,1467.339599609375,9416902.0
2024-08-19,1476.6025720306277,1492.3397678065596,1474.6105280885963,1482.4791259765625,13797742.0
2024-08-20,1491.268975771349,1497.942395948273,1484.0976661921163,1489.9990234375,8411808.0
2024-08-21,1487.30978907883,1501.8766102174725,1484.072717714687,1492.7132568359375,7769996.0
2024-08-22,1497.0210123494212,1500.5070892244864,1484.720165407205,1492.1654052734375,10445782.0
2024-08-23,1497.768063961028,1505.3128818837536,1492.4642955105633,1494.008056640625,9249654.0
2024-08-26,1500.9802618699923,1516.941539085057,1497.021098650585,1506.5828857421875,8816114.0
2024-08-27,1504.4912711730517,1507.4544123852302,1493.485179145279,1494.481201171875,6251156.0
2024-08-28,1499.0131426615155,1501.4782728482842,1487.0608784010917,1492.33984375,9610286.0
2024-08-29,1497.1205913811584,1530.885760314005,1488.0568158159556,1514.874755859375,38335358.0
2024-08-30,1527.89778785993,1533.599989641746,1497.3447635789732,1503.6197509765625,41620730.0
2024-09-02,1504.8647654458696,1520.7264647058682,1500.6316718721823,1510.2183837890625,11240852.0
2024-09-03,1515.1984708784903,1516.941509382377,1501.5031683479538,1503.1217041015625,10923800.0
2024-09-04,1494.7301447200666,1511.463362707152,1493.534966971581,1508.525146484375,11983304.0
2024-09-05,1513.0072347057646,1519.7054581926027,1481.1345314015284,1487.035888671875,16264168.0
2024-09-06,1486.5627588054049,1491.0448575756725,1455.8105811316243,1458.997802734375,19394228.0
2024-09-09,1460.666261949736,1464.07768593117,1449.809597840599,1456.63232421875,9010298.0
2024-09-10,1454.6901127162012,1466.1942153054945,1451.7766997689328,1455.7110595703125,10768260.0
2024-09-11,1457.2300550346945,1462.9073318760024,1441.7917138302157,1445.7259521484375,9760202.0
2024-09-12,1451.2039809867947,1480.088617533546,1440.1232367942907,1473.913330078125,22349376.0
2024-09-13,1470.526852936648,1477.2500011980833,1463.6542770635715,1466.766845703125,8711328.0
2024-09-16,1471.6723576050656,1475.0090069946318,1458.9232273463058,1465.4969482421875,5481774.0
2024-09-17,1468.1364260685732,1471.5975781970765,1460.790763828237,1466.4432373046875,5935328.0
2024-09-18,1464.1522884024148,1476.10455198121,1454.7399294679983,1457.6282958984375,8574714.0
2024-09-19,1460.4171894563085,1470.6264144806405,1449.7598031867433,1463.82861328125,16955902.0
2024-09-20,1468.136427109257,1489.0528890965668,1465.5218693608433,1480.0140380859375,30897320.0
2024-09-23,1485.0687739665293,1495.5270047691104,1483.026880271187,1487.434326171875,8832314.0
2024-09-24,1482.5786761041754,1494.530939532627,1481.9561623839436,1483.4501953125,17137444.0
2024-09-25,1477.9970102640052,1490.546862638843,1474.3116560624171,1488.0069580078125,7069002.0
2024-09-26,1484.7202013028073,1498.017070530802,1482.1305684499498,1491.9910888671875,18818998.0
2024-09-27,1493.0369361114394,1527.3747692811155,1486.06478230705,1520.1038818359375,20597478.0
2024-09-30,1513.3558880158446,1518.9086621673466,1468.5348969230115,1470.701171875,27008814.0
2024-10-01,1474.7599230273088,1482.0308103038055,1457.0057588364782,1458.997802734375,16431642.0
2024-10-03,1430.8602791168494,1443.634334423912,1396.4975195620746,1401.3780517578125,37757294.0
2024-10-04,1398.34020617394,1411.711728297617,1376.2782950115372,1381.0093994140625,37072876.0
2024-10-07,1387.9566419173104,1390.9447078848398,1355.9594355150189,1365.272216796875,22181340.0
2024-10-08,1367.513224520688,1395.4267642320656,1359.669551595401,1391.791259765625,17020808.0
2024-10-09,1391.9656892391697,1395.4019165531051,1367.040214025334,1369.1318359375,14310610.0
2024-10-10,1374.5352199766685,1380.4864268287754,1363.9774115920343,1365.595947265625,22358646.0
2024-10-11,1364.5501018082973,1377.7723178051706,1363.3797273571677,1366.6417236328125,7980122.0
2024-10-14,1373.962442591221,1374.5849563155427,1362.8070452852592,1367.0650634765625,12221432.0
2024-10-15,1353.1207855156183,1366.243302159234,1335.3666207605413,1338.678466796875,33762794.0
2024-10-16,1334.6695151768993,1358.574043806933,1332.3039628645522,1348.6884765625,20034438.0
2024-10-17,1360.2671814831224,1363.0062419523483,1346.6715786036464,1351.0291748046875,15543660.0
2024-10-18,1346.796043723323,1362.9814005892638,1335.98910817891,1353.8927001953125,12082452.0
2024-10-21,1361.686598848784,1368.5342502099145,1352.3239675798943,1363.7532958984375,14067408.0
2024-10-22,1363.7532474009167,1370.5262455038624,1334.8935348258,1338.006103515625,15831960.0
2024-10-23,1332.1793705575924,1352.0748848775756,1329.689315659354,1333.2003173828125,17214742.0
2024-10-24,1329.9633130042932,1338.3547254831988,1317.8616212723591,1334.4703369140625,22155934.0
2024-10-25,1338.1555171764887,1339.002111534351,1316.7410448137834,1322.5677490234375,18597496.0
2024-10-28,1331.6813526124563,1347.6177038778262,1316.8406011796387,1329.0418701171875,10824350.0
2024-10-29,1322.8167478889227,1337.856655249044,1315.0478495098762,1334.66943359375,12008361.0
2024-10-30,1329.6893351932274,1344.62966480214,1320.0776988278842,1338.553955078125,11984423.0
2024-10-31,1334.6694245700712,1337.6574904459744,1320.8745447599274,1326.7510986328125,9331650.0
2024-11-01,1327.7471304089104,1336.6116286385318,1327.6972806767253,1333.3248291015625,2127335.0
2024-11-04,1332.5280301195803,1334.6695017714562,1279.9878687625326,1296.9700927734375,19796890.0
2024-11-05,1287.8564249120311,1304.340637375998,1281.0336986406933,1300.1075439453125,16267479.0
2024-11-06,1304.7888451117578,1323.0160966964434,1295.0277806900112,1320.0777587890625,21625209.0
2024-11-07,1318.7331565363688,1318.7331565363688,1297.4182609581876,1300.4561767578125,9611974.0
2024-11-08,1292.4879180085577,1296.4720058402277,1269.9279963447846,1278.6431884765625,19814406.0
2024-11-11,1273.8622221377802,1280.884225507143,1261.9598084895413,1267.6370849609375,9056552.0
2024-11-12,1270.4759075040322,1284.1712099692156,1262.4578817905294,1269.1810302734375,10671091.0
2024-11-13,1265.196886863478,1270.3761523895544,1244.5294313213271,1247.0693359375,14633633.0
2024-11-14,1248.613186761178,1267.537605244334,1246.1231316976048,1262.5574951171875,12612633.0
2024-11-18,1262.55746761959,1267.8364328732807,1238.951794764919,1255.7347412109375,13620611.0
2024-11-19,1255.734688515481,1276.4021442257297,1230.236550606767,1236.710693359375,14183746.0
2024-11-21,1236.7107220331202,1239.0014996478671,1212.407761281373,1218.1348876953125,19433843.0
2024-11-22,1224.509420421979,1263.8024380613526,1217.586994857739,1260.3662109375,20471957.0
2024-11-25,1284.868314871977,1299.260783408558,1277.3483005192684,1281.8802490234375,28923341.0
2024-11-26,1289.7986377983043,1292.687125909721,1279.0914013187908,1290.545654296875,9247557.0
2024-11-27,1288.3543972122054,1298.6632001168684,1280.8842325588682,1288.0555419921875,9572746.0
2024-11-28,1284.818474176107,1291.442044503892,1264.0017125526565,1265.7447509765625,15027412.0
2024-11-29,1274.9081506356404,1294.3305794929802,1270.177046170391,1287.0595703125,13202307.0
2024-12-02,1282.876370557777,1306.133460567327,1271.9699779978705,1303.9422607421875,11024152.0
2024-12-03,1311.760901783446,1321.5219654799555,1301.8006823317874,1318.035888671875,16869482.0
2024-12-04,1320.7251432865569,1323.1156203515295,1298.8625094957515,1303.742919921875,19608540.0
2024-12-05,1309.1214514378748,1324.6593698468237,1300.9541199209712,1316.7908935546875,16858723.0
2024-12-06,1318.6334884089777,1318.6334884089777,1304.7887589399247,1306.3326416015625,9037514.0
2024-12-09,1297.816673231309,1309.7689372979064,1287.9560310594236,1289.9979248046875,14650002.0
2024-12-10,1284.121290398709,1289.7488386952923,1275.107243177966,1279.73876953125,16043729.0
2024-12-11,1279.8882324099652,1284.8683422637005,1270.9738844056644,1273.115234375,11724373.0
2024-12-12,1264.9479526569407,1273.1152845047754,1255.5853214463157,1257.876220703125,20906813.0
2024-12-13,1254.9877622795104,1270.1272485556606,1234.6688884780408,1267.78662109375,28630222.0
2024-12-16,1269.9280595585296,1275.904191603511,1261.511722229068,1263.2547607421875,9486781.0
2024-12-17,1256.033537225462,1258.8721754853295,1237.8561365143116,1240.34619140625,17462791.0
2024-12-18,1235.714673937889,1254.9378248920182,1235.714673937889,1248.2645263671875,12670179.0
2024-12-19,1234.0712121990753,1239.947766097918,1224.1109925687356,1225.55517578125,14244653.0
2024-12-20,1219.1309339507775,1234.5692750261348,1196.7204388413884,1200.50537109375,20312896.0
2024-12-23,1210.166734877433,1222.3181546925216,1208.3738466363206,1217.437744140625,10052824.0
2024-12-24,1217.4377030050357,1228.6429501715868,1216.1428258096823,1217.8858642578125,6734917.0
2024-12-26,1219.3798917928575,1222.8161189414398,1209.419672133533,1211.7105712890625,10016178.0
2024-12-27,1213.4536884394554,1223.0154756156849,1212.1588111658666,1216.1927490234375,7000397.0
2024-12-30,1211.5611874241415,1218.3340640862093,1203.294156174512,1205.8837890625,8818766.0
2024-12-31,1203.1945530395503,1214.2503727116298,1201.3519366916562,1210.6148681640625,6405475.0
2025-01-01,1210.0172807004092,1221.4218053468785,1206.7802092584152,1216.391845703125,5892590.0
2025-01-02,1216.3918076943417,1239.4994683243335,1215.1467802555553,1236.860107421875,15486276.0
2025-01-03,1238.9518139936486,1257.0296379589822,1230.5852047154665,1246.1729736328125,15521102.0
2025-01-06,1248.961727102304,1256.9797527645217,1210.1667191829588,1213.15478515625,14816766.0
2025-01-07,1217.1388288273845,1239.5493228115215,1216.3918123612464,1235.913818359375,10070505.0
2025-01-08,1244.0314575822304,1265.9937909556584,1240.395953024955,1260.4658203125,19346579.0
2025-01-09,1261.9598138402198,1264.698874209644,1243.0852464738894,1249.758544921875,12794704.0
2025-01-10,1248.8621307808614,1251.750618829338,1231.0831628192257,1236.959716796875,8120332.0
2025-01-13,1225.1070543419412,1240.2963897717905,1221.5213994754447,1234.9178466796875,13764861.0
2025-01-14,1239.1509590647415,1248.3641626627486,1222.3680125031533,1233.822265625,13095266.0
2025-01-15,1239.9974688456068,1251.999581888204,1236.90982514039,1247.2186279296875,9578856.0
2025-01-16,1253.8920943102864,1269.9280238633037,1246.3223515830243,1261.4119873046875,14117603.0
2025-01-17,1316.9900509904955,1320.72513338128,1279.888232575373,1297.169189453125,29366277.0
2025-01-20,1310.764916385877,1310.764916385877,1295.07757031211,1300.2568359375,14040244.0
2025-01-21,1305.2868371165837,1307.776892128252,1265.1471016946018,1268.6331787109375,14562976.0
2025-01-22,1273.2149526536994,1277.7966294698952,1263.6530443254642,1272.0196533203125,10273590.0
2025-01-23,1264.947884048613,1272.2686211078578,1256.581275301743,1258.6231689453125,8720682.0
2025-01-24,1260.9638702056577,1267.9360243063209,1238.5533748820974,1241.34228515625,14235970.0
2025-01-27,1234.1708090151494,1235.515414368934,1215.1468135462453,1224.4595947265625,9536019.0
2025-01-28,1233.0752790316255,1239.7984277662488,1213.652849353825,1229.4896240234375,10568025.0
2025-01-29,1231.0832160878692,1237.8063647194172,1223.1648896668228,1230.585205078125,5928156.0
2025-01-30,1230.635044492625,1251.9996679975989,1227.497550840604,1248.0654296875,9269259.0
2025-01-31,1250.8541794958078,1261.9598488917904,1244.0314532484974,1260.0673828125,6584612.0
2025-02-01,1260.0673469134033,1265.495739501575,1236.06324219181,1259.5693359375,7118453.0
2025-02-03,1246.0235355947286,1251.003645649064,1232.6270881824537,1240.94384765625,9252345.0
2025-02-04,1243.085282988569,1283.6731787459128,1241.6409781641655,1280.08740234375,16691069.0
2025-02-05,1277.5476050956522,1285.366353249074,1271.6212014188793,1273.115234375,10112028.0
2025-02-06,1268.6331564996678,1282.8763195509282,1265.2965071593935,1276.4520263671875,9956001.0
2025-02-07,1271.073491533156,1278.5933846345008,1256.979756005846,1261.6610107421875,8764283.0
2025-02-10,1259.469777897567,1261.461821832557,1240.5952102474196,1248.6629638671875,6970972.0
2025-02-11,1259.519670533727,1259.519670533727,1225.2066396338644,1229.937744140625,8859714.0
2025-02-12,1214.5989377224969,1222.0193743195214,1188.6027887286011,1211.7105712890625,21131654.0
2025-02-13,1212.2086229517822,1223.1150152108587,1207.1786632211406,1211.2623291015625,8511216.0
2025-02-14,1214.1507532507958,1219.1308629852126,1200.6546072366425,1212.40771484375,10298145.0
2025-02-17,1206.2821918357026,1222.6169765728448,1199.7084711054922,1220.02734375,8166683.0
2025-02-18,1219.9775298877432,1225.0074896525716,1211.2623373341316,1220.525390625,6673250.0
2025-02-19,1214.6488125132394,1227.8461038341088,1212.706618273488,1222.567138671875,6217338.0
2025-02-20,1219.0810452834291,1234.4198079853766,1217.1388510698623,1228.0950927734375,7795582.0
2025-02-21,1223.8121434284387,1235.0672403005465,1217.2882724889691,1223.264404296875,6904025.0
2025-02-24,1211.7105497558396,1218.3838481751116,1205.68456833515,1209.718505859375,7172498.0
2025-02-25,1206.1826029932777,1216.142822671174,1196.7203942992758,1199.21044921875,11552182.0
2025-02-27,1207.975493883109,1210.166693583284,1195.8738026303336,1202.298095703125,11509215.0
2025-02-28,1197.218393771922,1212.5073065135475,1188.5530513693543,1195.325927734375,23007298.0
2025-03-03,1199.2104168056296,1201.6506219268736,1151.4013636439431,1166.5906982421875,17944938.0
2025-03-04,1157.576687742468,1169.3297956512124,1154.9373267832575,1157.2779541015625,11377373.0
2025-03-05,1156.38156474498,1178.294049175979,1152.3974766666165,1170.9234619140625,8664095.0
2025-03-06,1192.2383549047067,1209.1208794668382,1180.4355183146993,1204.7882080078125,14468014.0
2025-03-07,1211.1627762331514,1249.8084792402678,1207.178688153437,1244.828369140625,16474965.0
2025-03-10,1240.0473535020744,1252.9956391209716,1230.4855669004469,1233.4736328125,11931051.0
2025-03-11,1235.0672477916655,1244.5294565449085,1224.858022557904,1242.3382568359375,10089838.0
2025-03-12,1252.995610693361,1257.9757204337957,1239.0513034201438,1252.0494384765625,11977555.0
2025-03-13,1255.0376050433522,1259.1212710412997,1238.901975238559,1242.9359130859375,9505270.0
2025-03-17,1237.208673957254,1252.398008503818,1228.1946267891797,1233.9217529296875,16640917.0
2025-03-18,1233.9217529296875,1233.9217529296875,1233.9217529296875,1233.9217529296875,0.0
2025-03-19,1236.113132982547,1248.264552564328,1233.8720835165427,1242.1888427734375,16162399.0
2025-03-20,1246.8700894970418,1267.9359786597456,1245.0773228865291,1264.101318359375,15971477.0
2025-03-21,1269.927977701306,1275.9041093610767,1265.0474458622175,1271.2725830078125,21780769.0
2025-03-24,1285.86434660882,1300.8046759652354,1279.141198398433,1296.920166015625,20299319.0
2025-03-25,1302.497915186312,1302.497915186312,1277.4977874103538,1280.33642578125,13713899.0
2025-03-26,1285.8643858858131,1288.65329608475,1263.7028966635362,1267.98583984375,12074747.0
2025-03-27,1273.0655062272906,1279.8882324099652,1266.242780044616,1273.115234375,15028056.0
2025-03-28,1274.9081198538831,1290.5954658598978,1263.9518781988888,1270.027587890625,18147129.0
2025-04-01,1259.5693287834792,1272.8164693011493,1244.330265958221,1247.6170654296875,12099648.0
2025-04-02,1242.5873186806543,1250.5554948342144,1238.9518139936486,1246.1729736328125,10142590.0
2025-04-03,1228.145018441354,1246.8204315907722,1228.145018441354,1243.732666015625,7434366.0
2025-04-04,1236.162816017271,1240.4954871764826,1188.4036122186155,1199.9075927734375,17908652.0
2025-04-07,1127.6960086529814,1166.590714623955,1110.415052053189,1161.062744140625,22156106.0
2025-04-08,1167.3378163352843,1191.8399338970503,1158.6724733291408,1177.4971923828125,19555040.0
2025-04-09,1164.8477193030517,1185.0670143686195,1163.3536863154889,1180.6346435546875,10223104.0
2025-04-11,1190.3957018139645,1217.786306450343,1190.3957018139645,1214.1009521484375,11224242.0
2025-04-15,1246.0235343416643,1246.0235343416643,1232.1788040875913,1235.1668701171875,13378535.0
2025-04-16,1229.1907298200806,1235.9637280756608,1224.111041920754,1234.3701171875,8248464.0
2025-04-17,1235.266450081142,1275.1073305428426,1222.7165970526498,1269.4300537109375,15398401.0
2025-04-21,1264.947875835223,1295.7249783909904,1261.9598099867933,1290.346435546875,10429964.0
2025-04-22,1294.8286411452225,1298.713151385602,1281.1831879455033,1286.0635986328125,13051707.0
2025-04-23,1291.840547250601,1300.804745342548,1280.286716249035,1294.82861328125,10480888.0
2025-04-24,1287.2588872304611,1299.3107293954529,1285.167265298474,1296.4222412109375,10468940.0
2025-04-25,1298.3146947064158,1319.928323767296,1282.9759313802824,1295.22705078125,14431012.0
2025-04-28,1334.669497851195,1369.1318351951852,1314.9482133535364,1363.35498046875,31104496.0
2025-04-29,1365.5461749701867,1405.2874774645995,1364.5501529607263,1394.1319580078125,32538970.0
2025-04-30,1396.4228227174156,1406.781475676485,1363.5540972183608,1399.410888671875,25480745.0
2025-05-02,1408.3751233126775,1421.024554216323,1403.4945911426703,1414.152099609375,13007841.0
2025-05-05,1425.3074680112338,1433.773654928142,1421.2238021682567,1425.6063232421875,12685649.0
2025-05-06,1425.3074785225756,1426.3035005201457,1404.9886054552055,1415.2476806640625,14084117.0
2025-05-07,1415.2476117092149,1418.733688530858,1397.1199392858432,1400.4068603515625,13440169.0
2025-05-08,1398.51446598441,1415.1481063364454,1392.438756100913,1401.4029541015625,16106175.0
2025-05-09,1379.988466695066,1389.251519832932,1369.032224808638,1371.721435546875,13668904.0
2025-05-12,1394.430721507353,1433.275577320772,1394.430721507353,1430.7855224609375,10674081.0
2025-05-13,1427.7974767909468,1441.9409399606418,1406.7814377941193,1410.0682373046875,11407896.0
2025-05-14,1414.3512435205853,1424.2118856620737,1409.8691445094285,1418.7337646484375,5570160.0
2025-05-15,1419.3313670179805,1455.5865925696291,1407.0802476372012,1448.4151611328125,20177211.0
2025-05-16,1447.419102005185,1455.1881221330052,1441.542669553187,1450.6064453125,9036695.0
2025-05-19,1446.3234565863577,1448.81351147394,1432.4787270944578,1435.0684814453125,6195791.0
2025-05-20,1432.4787356808251,1439.2517336495314,1416.1440727881434,1418.932861328125,11270560.0
2025-05-21,1418.235682967954,1430.486680037078,1412.458707007589,1423.5145263671875,6136364.0
2025-05-22,1415.5464438973825,1418.1361984129633,1391.3431818014155,1403.79345703125,12134466.0
2025-05-23,1401.004549811851,1428.0964217220903,1401.004549811851,1421.124267578125,6474883.0
2025-05-26,1426.3034970063509,1435.2676949623965,1419.430920923106,1429.0924072265625,4842944.0
2025-05-27,1420.426959119657,1431.2836233071982,1408.275539274527,1416.44287109375,12640414.0
2025-05-28,1414.4508509493858,1416.9409060075968,1405.0882196135674,1407.279541015625,5944611.0
2025-05-29,1406.4826358531975,1414.3512339364067,1402.996558868143,1412.1600341796875,13771917.0
2025-05-30,1412.3591925541664,1424.9090454066045,1404.0921613404494,1415.2476806640625,13788484.0
2025-06-02,1406.4826830156508,1411.8612262898896,1390.0483195350275,1408.0762939453125,8098668.0
2025-06-03,1416.6421539546416,1420.825397764224,1397.8173136420835,1399.908935546875,11252626.0
2025-06-04,1409.0722382665938,1420.0284799827916,1400.506473605418,1417.8372802734375,8126827.0
2025-06-05,1422.3193687346825,1448.913106617055,1417.9368477633757,1436.662109375,13716817.0
2025-06-06,1435.2676355449807,1445.7258660607492,1431.28354772945,1437.7576904296875,8182161.0
2025-06-09,1451.204075048637,1451.70208605586,1439.5506661134996,1443.0367431640625,7885125.0
2025-06-10,1444.2318404180787,1448.1163503747662,1430.2875329933524,1432.777587890625,7913181.0
2025-06-11,1440.048586734708,1462.7578142878924,1437.3592545136698,1443.13623046875,8195700.0
2025-06-12,1447.7179200254843,1451.2039968882907,1428.6939248911117,1435.865234375,8828114.0
2025-06-13,1418.335338487147,1429.7895915718395,1408.673973649598,1422.2198486328125,9757276.0
2025-06-16,1421.223780491138,1436.6621211041454,1418.7337255535565,1432.0804443359375,8458093.0
2025-06-17,1442.2398094911548,1442.2398094911548,1420.12817043809,1425.506591796875,10366599.0
2025-06-18,1424.3114328610282,1437.0605628519918,1420.028489708749,1424.4110107421875,6681735.0
2025-06-19,1424.4110453044384,1434.1721095891817,1420.0285241646616,1427.598388671875,10007230.0
2025-06-20,1425.3075053013415,1465.148385952672,1422.4190171371763,1460.367431640625,29010635.0
2025-06-23,1447.2199506188397,1457.9770367383994,1436.2637087352834,1451.0048828125,5989078.0
2025-06-24,1459.1721495093714,1469.1323689599471,1437.359244595668,1445.0286865234375,16402744.0
2025-06-25,1458.1762135192969,1466.5428226679085,1454.690136506102,1461.463134765625,7525851.0
2025-06-26,1463.2558362824063,1492.8377614283193,1459.2717484446844,1489.3516845703125,14657893.0
2025-06-27,1493.4353527246628,1515.9454247275912,1490.9452978220222,1509.3717041015625,11117052.0
2025-06-30,1507.7781788170053,1518.734421010171,1490.0489382705405,1494.630615234375,8409527.0
2025-07-01,1494.630607775488,1525.3081343971446,1494.132596769193,1522.320068359375,10368523.0
2025-07-02,1522.3200879079554,1523.9136988316195,1502.6983810571346,1512.75830078125,6361002.0
2025-07-03,1514.7502729656237,1525.806092605863,1506.9812529023668,1511.76220703125,11283291.0
2025-07-04,1517.9375659885409,1523.913698138102,1511.1645675851505,1521.2244873046875,6603501.0
2025-07-07,1520.5271677380254,1538.65484117058,1518.933556847784,1535.367919921875,7251074.0
2025-07-08,1529.8897875590692,1538.7544076502809,1524.1128113419518,1531.4833984375,7171261.0
2025-07-09,1530.586937987722,1544.8301010282516,1504.0927774643353,1512.9573974609375,8870660.0
2025-07-10,1513.654605815878,1518.6347158851345,1501.5031858807802,1511.16455078125,10047129.0
2025-07-11,1505.9852937598653,1508.9733598189127,1484.371664566644,1489.2520751953125,7234991.0
2025-07-14,1486.263916129696,1494.0329360309418,1473.2160528053016,1477.7977294921875,10311846.0
2025-07-15,1480.2878335086834,1490.5469086437597,1476.503022895967,1479.4910888671875,8132454.0
2025-07-16,1467.1403332858122,1485.068728397248,1465.6463003598592,1479.690185546875,10409983.0
2025-07-17,1481.4830970988437,1483.674296790977,1468.0368005528198,1470.52685546875,11854613.0
2025-07-18,1478.8934598804974,1478.8934598804974,1463.2558421043927,1470.12841796875,10296318.0
2025-07-21,1459.1722169809668,1470.128458883213,1417.4388712363768,1422.9169921875,22442744.0
2025-07-22,1421.721828538219,1426.2039275426996,1405.0881881707603,1407.179931640625,20396320.0
2025-07-23,1420.327316390472,1420.327316390472,1408.773485959778,1418.932861328125,8354596.0
2025-07-24,1413.554298653669,1417.3392306864348,1390.4466381154343,1397.3192138671875,14740507.0
2025-07-25,1393.3351272649268,1395.4267490386208,1378.593953801798,1386.1636962890625,11854722.0
2025-07-28,1386.7614543919697,1402.199795115413,1379.490445288333,1382.080078125,7748361.0
2025-07-29,1377.498442270458,1414.550412474214,1377.498442270458,1411.4627685546875,10750072.0
2025-07-30,1412.458776601272,1417.6381639620697,1395.7256799199,1404.4906005859375,7209849.0
2025-07-31,1382.5780559389789,1397.0203743336986,1376.7015020683227,1384.669677734375,17065827.0
2025-08-01,1381.3828853186424,1400.3073026227253,1378.7932525308158,1388.15576171875,10321171.0
2025-08-04,1389.550225151016,1410.466686507784,1386.1637261382157,1405.885009765625,6312820.0
2025-08-05,1405.38696851784,1405.38696851784,1382.5780415934858,1386.1636962890625,9315972.0
2025-08-06,1386.3630773472378,1390.3471654369864,1377.797312271222,1387.259521484375,5834312.0
2025-08-07,1382.1796145349972,1388.1557462486337,1360.5659868045632,1383.8729248046875,9976705.0
2025-08-08,1379.4904158119157,1391.6418351007062,1359.569976594415,1362.35888671875,8793606.0
2025-08-11,1364.5501609316866,1382.4785572067017,1355.7851185633474,1380.6856689453125,9997486.0
2025-08-12,1376.402846498686,1396.3232867936674,1369.7294260490362,1374.9088134765625,12244664.0
2025-08-13,1382.4785186353236,1386.2634508216695,1372.0202877666843,1377.0999755859375,7457021.0
2025-08-14,1377.300048828125,1380.699951171875,1370.0999755859375,1373.800048828125,7126128.0
2025-08-18,1390.0,1394.9000244140625,1377.0,1381.699951171875,11785109.0
2025-08-19,1390.0,1421.0,1389.0999755859375,1420.0999755859375,14384719.0
2025-08-20,1413.0,1424.9000244140625,1410.0,1413.0,8725641.0
2025-08-21,1425.0,1431.9000244140625,1420.300048828125,1424.800048828125,11021323.0
2025-08-22,1420.0,1423.4000244140625,1407.9000244140625,1409.199951171875,5818868.0
2025-08-25,1414.699951171875,1419.5,1405.699951171875,1412.5999755859375,5978776.0
2025-08-26,1408.0,1410.0,1381.5999755859375,1383.800048828125,12140463.0
2025-08-28,1389.9000244140625,1392.199951171875,1366.5,1385.9000244140625,13125757.0
2025-08-29,1381.0999755859375,1403.5,1350.0,1357.199951171875,18746909.0
2025-09-01,1356.0,1363.199951171875,1340.5999755859375,1353.9000244140625,11231344.0
2025-09-02,1354.800048828125,1384.5,1354.5,1366.5,11514527.0
2025-09-03,1369.699951171875,1376.5,1360.5,1372.5999755859375,7843498.0
2025-09-04,1371.800048828125,1374.0,1357.0999755859375,1359.300048828125,13220310.0
2025-09-05,1363.0,1381.0,1359.300048828125,1375.0,5776319.0
2025-09-08,1380.0,1386.0,1372.4000244140625,1378.5,6984755.0
2025-09-09,1376.5999755859375,1381.199951171875,1368.699951171875,1376.199951171875,9753126.0
2025-09-10,1383.9000244140625,1388.5,1374.0999755859375,1377.0,7789271.0
2025-09-11,1376.0,1385.5,1375.0,1383.300048828125,9763180.0
2025-09-12,1383.300048828125,1396.300048828125,1380.5,1395.0,7402072.0
2025-09-15,1393.0,1400.800048828125,1388.5999755859375,1399.300048828125,5394462.0
2025-09-16,1404.699951171875,1408.0,1398.199951171875,1405.300048828125,8686127.0
2025-09-17,1407.0,1416.199951171875,1406.9000244140625,1413.800048828125,7517566.0
2025-09-18,1420.4000244140625,1422.0,1410.699951171875,1415.0,9331121.0
2025-09-19,1414.9000244140625,1417.0,1403.5999755859375,1407.4000244140625,13460928.0
2025-09-22,1403.9000244140625,1410.699951171875,1388.0,1390.5999755859375,7756642.0
2025-09-23,1391.0,1395.0,1376.800048828125,1389.800048828125,14013975.0
2025-09-24,1385.300048828125,1396.0,1380.4000244140625,1383.0,5922199.0
2025-09-25,1381.300048828125,1384.5,1369.0,1372.4000244140625,11329904.0
2025-09-26,1372.0,1382.699951171875,1366.0,1377.5999755859375,9876897.0
2025-09-29,1381.5999755859375,1389.0,1368.0,1372.800048828125,14231512.0
2025-09-30,1377.0999755859375,1377.0999755859375,1362.800048828125,1364.0,14552323.0
2025-10-01,1367.0,1378.5999755859375,1362.699951171875,1370.0,12045424.0
2025-10-03,1363.199951171875,1371.5999755859375,1356.9000244140625,1363.4000244140625,12839106.0
2025-10-06,1360.0,1377.4000244140625,1359.0,1375.0,12395482.0
2025-10-07,1376.0,1395.9000244140625,1375.9000244140625,1384.800048828125,11243598.0
2025-10-08,1384.800048828125,1389.0,1364.5,1367.4000244140625,8522938.0
2025-10-09,1374.0,1380.0,1369.0999755859375,1377.800048828125,8825689.0
2025-10-10,1377.800048828125,1388.0,1375.0999755859375,1381.699951171875,6371634.0
2025-10-13,1376.9000244140625,1377.699951171875,1367.800048828125,1375.0,7598498.0
2025-10-14,1380.0,1388.0,1370.0999755859375,1375.9000244140625,9767866.0
2025-10-15,1383.0,1384.0,1372.699951171875,1374.300048828125,10879934.0
2025-10-16,1375.0999755859375,1400.5,1375.0,1398.300048828125,12313434.0
2025-10-17,1401.0,1423.300048828125,1399.0999755859375,1416.800048828125,19330318.0
2025-10-20,1440.0,1473.800048828125,1433.300048828125,1466.800048828125,24718530.0
2025-10-21,1468.0,1474.0,1460.0,1465.199951171875,2066169.0
2025-10-23,1475.0,1482.9000244140625,1444.5999755859375,1448.4000244140625,18705040.0
2025-10-24,1450.0,1459.800048828125,1441.0,1451.5999755859375,9698897.0
2025-10-27,1463.0,1485.0,1458.0,1484.0999755859375,14109422.0
2025-10-28,1484.0999755859375,1492.0,1477.5999755859375,1486.9000244140625,17628910.0
2025-10-29,1490.0,1508.300048828125,1488.0999755859375,1504.199951171875,11883224.0
2025-10-30,1500.0,1503.0999755859375,1484.0,1488.5,9316462.0
2025-10-31,1490.4000244140625,1497.5,1482.300048828125,1486.4000244140625,8757134.0
2025-11-03,1486.0,1495.0,1479.300048828125,1484.699951171875,8450663.0
2025-11-04,1483.9000244140625,1492.800048828125,1470.0999755859375,1471.0999755859375,10005724.0
2025-11-06,1484.0,1501.5999755859375,1476.199951171875,1496.0999755859375,16771697.0
2025-11-07,1494.5999755859375,1498.4000244140625,1475.9000244140625,1478.0,7820997.0
2025-11-10,1477.9000244140625,1501.0,1475.5,1489.300048828125,7067592.0
2025-11-11,1497.0,1498.800048828125,1480.199951171875,1493.4000244140625,7124451.0
2025-11-12,1505.0,1524.699951171875,1500.0,1511.5,12382577.0
2025-11-13,1515.0,1522.0999755859375,1506.800048828125,1510.9000244140625,7195900.0
2025-11-14,1505.5,1520.9000244140625,1505.5,1518.199951171875,7682823.0
2025-11-17,1520.9000244140625,1523.699951171875,1511.5,1518.300048828125,5869319.0
2025-11-18,1521.699951171875,1527.800048828125,1510.5,1519.4000244140625,11044591.0
2025-11-19,1517.4000244140625,1522.300048828125,1512.0,1518.9000244140625,5689720.0
2025-11-20,1530.0,1550.9000244140625,1526.699951171875,1549.0999755859375,18168875.0
2025-11-21,1541.0,1557.800048828125,1540.0999755859375,1546.5999755859375,9615088.0
2025-11-24,1550.0,1550.0,1531.800048828125,1535.9000244140625,18432412.0
2025-11-25,1535.9000244140625,1559.5999755859375,1525.0999755859375,1539.699951171875,15027723.0
2025-11-26,1542.300048828125,1571.5999755859375,1540.5,1569.9000244140625,14052178.0
2025-11-27,1575.0,1575.5,1556.0,1563.4000244140625,9793580.0
2025-11-28,1568.0,1581.300048828125,1563.0,1567.5,8957219.0
2025-12-01,1575.0,1577.5,1563.5999755859375,1566.0999755859375,8919165.0
2025-12-02,1561.0999755859375,1567.5,1542.0,1546.300048828125,11387292.0
2025-12-03,1545.199951171875,1552.4000244140625,1533.0,1538.800048828125,6090304.0
2025-12-04,1536.0,1560.5,1517.5999755859375,1535.5999755859375,11866853.0
2025-12-05,1530.4000244140625,1545.800048828125,1520.5999755859375,1540.5999755859375,10182279.0
2025-12-08,1539.199951171875,1551.0,1535.0,1543.0,11301028.0
2025-12-09,1540.300048828125,1542.5,1520.0999755859375,1529.4000244140625,11503523.0
2025-12-10,1534.0,1547.5,1531.4000244140625,1536.9000244140625,7991178.0
2025-12-11,1536.9000244140625,1550.0,1524.0,1545.0,4705759.0
2025-12-12,1550.800048828125,1559.800048828125,1546.0999755859375,1556.5,5105420.0
2025-12-15,1551.199951171875,1558.5999755859375,1546.5,1556.199951171875,5773828.0
2025-12-16,1545.0,1551.699951171875,1538.800048828125,1542.300048828125,11730889.0
2025-12-17,1550.0,1550.0,1539.300048828125,1544.4000244140625,7116136.0
2025-12-18,1535.199951171875,1551.5,1535.199951171875,1544.4000244140625,6580580.0
2025-12-19,1554.4000244140625,1574.199951171875,1551.0,1565.0999755859375,13935091.0
2025-12-22,1573.5,1577.5,1565.300048828125,1575.4000244140625,10182724.0
2025-12-23,1580.9000244140625,1580.9000244140625,1568.0999755859375,1570.699951171875,7506011.0
2025-12-24,1572.699951171875,1575.699951171875,1553.5999755859375,1560.5999755859375,8813265.0
2025-12-26,1554.699951171875,1561.0,1554.300048828125,1559.199951171875,2310381.0
2025-12-29,1554.9000244140625,1558.0999755859375,1543.5999755859375,1545.5999755859375,5969577.0
2025-12-30,1547.0,1553.5999755859375,1537.800048828125,1539.800048828125,8815329.0
2025-12-31,1541.0,1577.0,1541.0,1570.4000244140625,5769632.0
2026-01-01,1573.699951171875,1592.5,1571.0999755859375,1575.5999755859375,6402513.0
2026-01-02,1580.0,1594.5999755859375,1578.199951171875,1592.300048828125,6601311.0
2026-01-05,1593.0,1611.800048828125,1575.300048828125,1578.0999755859375,8704080.0
2026-01-06,1569.0,1569.0,1496.300048828125,1507.5999755859375,27405275.0
2026-01-07,1510.0,1520.0,1498.0,1504.199951171875,11197613.0
2026-01-08,1500.0,1503.9000244140625,1468.800048828125,1470.5999755859375,16515304.0
2026-01-09,1465.0,1479.9000244140625,1465.0,1475.300048828125,8333071.0
2026-01-12,1475.300048828125,1485.300048828125,1451.0,1483.199951171875,8877273.0
2026-01-13,1485.0,1485.800048828125,1444.699951171875,1452.800048828125,13498784.0
2026-01-14,1444.0,1467.0,1440.199951171875,1458.800048828125,8320926.0
2026-01-16,1458.800048828125,1480.0,1455.0999755859375,1457.9000244140625,17164729.0
2026-01-19,1450.5999755859375,1450.5999755859375,1403.300048828125,1413.5999755859375,20386611.0
2026-01-20,1410.699951171875,1416.0,1390.0,1394.0,13186044.0
2026-01-21,1389.5,1412.9000244140625,1373.0,1404.5999755859375,17351866.0
2026-01-22,1410.0999755859375,1419.5,1395.0,1402.5,15720449.0
2026-01-23,1401.800048828125,1407.0,1381.0,1387.0,9837802.0
2026-01-27,1380.0,1391.5999755859375,1368.0,1380.5,26300080.0
2026-01-28,1385.0,1409.9000244140625,1384.9000244140625,1396.699951171875,11119252.0
2026-01-29,1402.9000244140625,1402.9000244140625,1384.0,1391.0,20844752.0
2026-01-30,1382.5999755859375,1398.0,1378.5,1395.4000244140625,11238602.0
2026-02-01,1382.5999755859375,1411.0,1335.0,1347.0,9709839.0
2026-02-02,1340.0,1392.9000244140625,1335.5,1390.4000244140625,15700148.0
2026-02-03,1473.9000244140625,1489.5,1430.199951171875,1437.0999755859375,25454895.0
2026-02-04,1444.0,1464.0,1440.300048828125,1456.800048828125,8327509.0
2026-02-05,1457.0,1461.5,1439.5,1443.4000244140625,11761639.0
2026-02-06,1441.5,1452.800048828125,1433.5,1450.800048828125,8275846.0
2026-02-09,1458.0,1465.9000244140625,1453.0,1461.5999755859375,5773246.0
2026-02-10,1471.0,1471.0,1452.199951171875,1458.5,10257851.0
2026-02-11,1459.5999755859375,1470.0,1453.5999755859375,1468.699951171875,7106124.0
2026-02-12,1470.0,1473.0,1445.5,1448.9000244140625,11134501.0
2026-02-13,1445.5,1450.699951171875,1416.300048828125,1419.5999755859375,10750646.0
2026-02-16,1420.0999755859375,1439.5999755859375,1409.300048828125,1437.0999755859375,5893278.0
2026-02-17,1431.0999755859375,1431.800048828125,1418.5999755859375,1423.0,10729699.0
2026-02-18,1427.0,1442.0999755859375,1419.199951171875,1441.300048828125,5520363.0
2026-02-19,1443.0,1443.0,1400.0,1409.5,11882508.0
2026-02-20,1409.5,1427.4000244140625,1406.0999755859375,1419.4000244140625,8176572.0
2026-02-23,1425.0,1434.9000244140625,1418.300048828125,1428.0,7756907.0
2026-02-24,1425.300048828125,1433.300048828125,1415.0,1428.800048828125,12527311.0
2026-02-25,1435.0,1440.5,1393.5,1398.5,10727572.0
2026-02-26,1398.5,1412.9000244140625,1391.9000244140625,1406.800048828125,16682753.0
2026-02-27,1398.0,1410.4000244140625,1388.0999755859375,1393.9000244140625,12029588.0
2026-03-02,1375.5,1378.5999755859375,1341.5,1358.0,23727290.0
2026-03-04,1330.0,1352.800048828125,1307.0,1345.0,32493830.0
2026-03-05,1353.0999755859375,1399.0,1353.0999755859375,1389.4000244140625,25954590.0
2026-03-06,1396.5,1424.300048828125,1390.300048828125,1404.800048828125,19311019.0
2026-03-09,1375.0,1429.4000244140625,1370.0,1424.0,24869940.0
2026-03-10,1430.5999755859375,1431.5,1400.5999755859375,1408.800048828125,18064788.0
2026-03-11,1424.9000244140625,1434.0,1383.5999755859375,1390.199951171875,21840320.0
2026-03-12,1390.0,1410.9000244140625,1381.0999755859375,1392.199951171875,20937080.0
2026-03-13,1385.199951171875,1400.800048828125,1378.4000244140625,1380.699951171875,17263343.0
2026-03-16,1380.0,1397.300048828125,1363.5,1395.0999755859375,22837025.0
2026-03-17,1399.0,1405.9000244140625,1388.199951171875,1397.5999755859375,19006822.0
2026-03-18,1397.199951171875,1412.9000244140625,1397.199951171875,1408.0999755859375,9555991.0
2026-03-19,1388.0,1415.699951171875,1376.0999755859375,1384.800048828125,16497343.0
2026-03-20,1398.0,1430.0,1396.0999755859375,1414.4000244140625,22993855.0
2026-03-23,1400.0,1415.5999755859375,1391.0,1407.800048828125,18968638.0
2026-03-24,1420.0,1422.4000244140625,1406.5999755859375,1411.800048828125,18618854.0
2026-03-25,1420.0,1430.5,1408.4000244140625,1413.0999755859375,19038728.0
2026-03-27,1401.0,1404.699951171875,1345.0,1348.0999755859375,23256522.0
2026-03-30,1335.0,1365.0,1334.0999755859375,1343.9000244140625,24391439.0
2026-04-01,1384.199951171875,1384.4000244140625,1362.9000244140625,1369.199951171875,14403604.0
2026-04-02,1357.0,1358.199951171875,1328.0,1350.5,21276742.0
2026-04-06,1359.0,1359.0,1290.0,1304.699951171875,29269942.0
2026-04-07,1295.0,1308.300048828125,1291.0,1304.5999755859375,28382724.0
2026-04-08,1349.0,1350.5999755859375,1326.199951171875,1347.800048828125,21815004.0
2026-04-09,1346.0,1350.0,1326.300048828125,1330.0,20719613.0
2026-04-10,1337.0,1352.300048828125,1331.5,1350.199951171875,19361550.0
2026-04-13,1321.199951171875,1327.5999755859375,1310.0,1315.0999755859375,28745744.0
2026-04-15,1337.0,1347.0,1334.199951171875,1344.0999755859375,15304655.0
2026-04-16,1352.0,1353.800048828125,1330.0,1343.300048828125,30209299.0
2026-04-17,1340.0,1368.4000244140625,1340.0,1365.0,13862639.0
2026-04-20,1363.199951171875,1373.0,1352.800048828125,1363.300048828125,13614733.0
2026-04-21,1359.0,1369.800048828125,1350.0999755859375,1353.300048828125,27293629.0
2026-04-22,1350.300048828125,1366.0,1349.0999755859375,1362.0999755859375,9525953.0
2026-04-23,1346.0,1355.5,1340.699951171875,1343.4000244140625,16385079.0
2026-04-24,1340.0,1345.9000244140625,1325.0,1327.800048828125,11744802.0
2026-04-27,1313.0,1371.5999755859375,1311.0,1365.800048828125,24673098.0
2026-04-28,1358.0,1395.199951171875,1357.0,1388.9000244140625,41027699.0
2026-04-29,1392.0,1433.800048828125,1391.300048828125,1425.4000244140625,30542143.0
2026-04-30,1409.0,1437.0,1393.0999755859375,1430.800048828125,30957881.0
2026-05-01,1430.800048828125,1430.800048828125,1430.800048828125,1430.800048828125,0.0
2026-05-04,1433.4000244140625,1467.4000244140625,1433.4000244140625,1463.0999755859375,24035700.0
2026-05-05,1460.0,1473.4000244140625,1450.0,1463.5999755859375,23543341.0
2026-05-06,1463.0,1473.300048828125,1427.5,1437.9000244140625,14221786.0
2026-05-07,1438.800048828125,1446.4000244140625,1430.300048828125,1443.0999755859375,5686209.0
